label,f0,f1,f2,f3,f4,f5,f6,f7,f8,f9,f10,f11,f12,f13,f14,f15,f16,f17,f18,f19,f20,f21,f22,f23,f24,f25,f26,f27,f28,f29,f30,f31,f32,f33,f34,f35,f36,f37,f38,f39,f40,f41,f42,f43,f44,f45,f46,f47,f48,f49,f50,f51,f52,f53,f54,f55,f56,f57,f58,f59,f60,f61,f62
ㅏ,0.0,0.0,0.0,-0.093819186,-0.082299314,-0.053150352,-0.15016341,-0.2595974,-0.087396495,-0.11158036,-0.4012125,-0.121690124,-0.024163643,-0.45831674,-0.15170893,-0.1039028,-0.498926,-0.07366953,-0.112332396,-0.7262754,-0.13717452,-0.123570435,-0.85349935,-0.16738331,-0.11473167,-0.9749289,-0.19065739,0.0015758447,-0.5013864,-0.08573406,-0.024274226,-0.5061439,-0.18096776,-0.05095489,-0.3443119,-0.1953122,-0.040221624,-0.303824,-0.18676256,0.083767496,-0.45187023,-0.103545845,0.04196551,-0.3876579,-0.19445725,-0.0021107653,-0.2553425,-0.175458,-0.0008724133,-0.24561994,-0.14477421,0.14777534,-0.3783653,-0.12719992,0.089634955,-0.28084964,-0.18609758,0.04970382,-0.19637899,-0.17526801,0.054539487,-0.20855857,-0.15455882
ㅏ,0.0,0.0,0.0,-0.101730555,-0.11162707,-0.04928081,-0.15740523,-0.28284886,-0.09235408,-0.14862488,-0.42757553,-0.13997634,-0.0756099,-0.49924397,-0.18413946,-0.06664192,-0.53054315,-0.054161504,-0.08423168,-0.732008,-0.118179075,-0.09847454,-0.86435395,-0.14841092,-0.09274601,-0.9810667,-0.17001863,0.029100759,-0.51092356,-0.0706516,-0.04745141,-0.55942464,-0.1678389,-0.07992817,-0.386978,-0.18082249,-0.054359943,-0.3327327,-0.16831276,0.09765912,-0.4533249,-0.09415472,-0.00044416767,-0.43991482,-0.19522761,-0.02980973,-0.289908,-0.17617874,0.0037117996,-0.26461062,-0.14063972,0.14946505,-0.37394536,-0.1219699,0.04757442,-0.3365279,-0.18783551,0.025426025,-0.24023432,-0.17523101,0.066119984,-0.23300968,-0.15134881
ㅏ,0.0,0.0,0.0,-0.09461481,-0.093110956,-0.071471415,-0.14993645,-0.27998376,-0.10680288,-0.096055456,-0.4266582,-0.1367609,-0.002425279,-0.49382538,-0.16072734,-0.09532924,-0.50660765,-0.06771477,-0.11311158,-0.7259482,-0.12601405,-0.12609726,-0.85809535,-0.14760286,-0.11832222,-0.9796143,-0.16234413,0.0055919345,-0.47686958,-0.07175672,-0.012697142,-0.5805532,-0.15587698,-0.045330502,-0.3935313,-0.15834972,-0.031975314,-0.34985143,-0.1385679,0.086300336,-0.41809928,-0.08492874,0.06504753,-0.45925823,-0.18412313,0.013126986,-0.2906922,-0.15739866,0.023553822,-0.27782068,-0.11488679,0.15920833,-0.34098315,-0.10309378,0.1318965,-0.37761214,-0.16472173,0.08110128,-0.27357972,-0.13609517,0.09156805,-0.25421593,-0.100906365
ㅑ,0.0,0.0,0.0,-0.11240854,-0.071974896,-0.04992873,-0.16696478,-0.2224315,-0.07345515,-0.12237493,-0.3254272,-0.10215643,-0.03155972,-0.35533738,-0.12889317,-0.1178225,-0.5093292,-0.021119649,-0.14744484,-0.69273514,-0.05903264,-0.1587637,-0.80545676,-0.08715893,-0.1644763,-0.9092765,-0.10752294,-0.034577772,-0.50493115,-0.039435275,0.0014600873,-0.7329394,-0.09334,0.017568806,-0.8701108,-0.13138478,0.038239587,-0.98775995,-0.15122171,0.033670254,-0.4422105,-0.06406375,0.029441522,-0.5793124,-0.15562992,-0.02412102,-0.44017568,-0.16751292,-0.04237614,-0.33538643,-0.14662184,0.08974358,-0.34086266,-0.0914234,0.06462345,-0.4648751,-0.16003811,0.01636255,-0.37371334,-0.15160504,-0.0020565828,-0.28328553,-0.1277432
ㅑ,0.0,0.0,0.0,-0.11089299,-0.076968975,-0.03997466,-0.17294924,-0.22522773,-0.062108472,-0.15535378,-0.34258792,-0.09214213,-0.06743583,-0.37396672,-0.11975601,-0.10595651,-0.50657725,-0.018184837,-0.13820192,-0.6992105,-0.055750635,-0.15375206,-0.8106245,-0.08251048,-0.16005658,-0.91555727,-0.10277015,-0.028561981,-0.50183564,-0.04135061,0.0065040747,-0.73369795,-0.100587614,0.017105041,-0.8701837,-0.13996825,0.03569087,-0.98633426,-0.16084471,0.033049796,-0.43803817,-0.069367796,0.015276246,-0.5847546,-0.15894686,-0.046869442,-0.44899777,-0.16502,-0.067650415,-0.34834564,-0.14158142,0.08123929,-0.3357641,-0.099828474,0.041254114,-0.47227365,-0.16321705,-0.010402969,-0.39254212,-0.15182987,-0.028088737,-0.3056446,-0.12753725
ㅑ,0.0,0.0,0.0,-0.102999054,-0.076335184,-0.0578812,-0.14341085,-0.23077922,-0.08274153,-0.07009413,-0.32939133,-0.11013085,0.024495823,-0.36713353,-0.1344663,-0.09902841,-0.49948642,-0.03120764,-0.11703833,-0.6831677,-0.07210074,-0.11793262,-0.80169624,-0.10173272,-0.113007136,-0.9089035,-0.123014316,-0.009895716,-0.5031355,-0.044353556,0.023800159,-0.7281158,-0.09748595,0.044921096,-0.86791664,-0.13513434,0.06758213,-0.9855876,-0.15507986,0.0629744,-0.44403487,-0.06408436,0.07422533,-0.5762107,-0.15221688,0.023481326,-0.4465391,-0.16376427,-0.00019135905,-0.3430789,-0.14467764,0.12227372,-0.34595254,-0.08775177,0.11310988,-0.45428765,-0.15794285,0.06327547,-0.36826077,-0.15221688,0.037583996,-0.28222063,-0.13007638
ㅓ,0.0,0.0,0.0,-0.0747213,-0.26678482,-0.18754922,-0.15767856,-0.49563122,-0.35411754,-0.23248103,-0.49379733,-0.5109044,-0.26325622,-0.29966465,-0.6589021,0.36905447,-0.5857195,-0.3138576,0.2565784,-0.54047173,-0.5531489,0.17645495,-0.560633,-0.70313126,0.11234179,-0.6087703,-0.78535223,0.46155223,-0.26989612,-0.32661602,-0.01775996,-0.20582488,-0.5829186,-0.22513159,-0.19384506,-0.65833503,-0.2994483,-0.21743523,-0.6708099,0.41932392,0.048085816,-0.35950437,-0.13033485,0.07960772,-0.57214475,-0.32012632,0.013071552,-0.56023693,-0.3779827,-0.07448175,-0.5080692,0.3175893,0.31686366,-0.41535798,-0.095663704,0.32439783,-0.5551336,-0.2402324,0.26555634,-0.5486126,-0.27073103,0.17970929,-0.50835264
ㅓ,0.0,0.0,0.0,-0.07879445,-0.33695805,-0.17739674,-0.1624012,-0.5752652,-0.33716354,-0.2880557,-0.64585626,-0.48795822,-0.32706395,-0.47436517,-0.62553084,0.35375983,-0.6745583,-0.33149695,0.13396308,-0.6252217,-0.5666611,0.03361764,-0.62163454,-0.7001412,-0.01697105,-0.63549536,-0.7719181,0.43176913,-0.32811236,-0.3494412,-0.13065852,-0.22640352,-0.59373486,-0.28662455,-0.22111121,-0.64725286,-0.29759574,-0.24364291,-0.6516602,0.38221535,0.019057097,-0.38564453,-0.23688173,0.053716216,-0.58397573,-0.39560845,-0.0058621,-0.5383281,-0.40958357,-0.06663029,-0.4659214,0.27114153,0.31018206,-0.4460883,-0.19411525,0.29694897,-0.5811424,-0.31303236,0.22292793,-0.55942047,-0.3083965,0.14364728,-0.50779134
ㅓ,0.0,0.0,0.0,-0.06883564,-0.29658455,-0.13933714,-0.13125594,-0.55346704,-0.26845983,-0.26114753,-0.5718857,-0.38923198,-0.33981985,-0.41133806,-0.4999283,0.28741717,-0.580267,-0.29427058,0.21188296,-0.5190155,-0.51069427,0.18920933,-0.56016225,-0.65037596,0.17544338,-0.65638447,-0.7337432,0.39628,-0.28702167,-0.3152504,-0.14085142,-0.23658837,-0.5369191,-0.2324871,-0.23346616,-0.58522797,-0.19240253,-0.2658059,-0.5890927,0.35486487,0.005575929,-0.35196516,-0.26087272,-0.0030331751,-0.5233926,-0.3378855,-0.07402896,-0.46901062,-0.29000676,-0.16533478,-0.39558113,0.2511578,0.25770706,-0.41131607,-0.20834668,0.22278094,-0.5446485,-0.26413152,0.16638981,-0.5283615,-0.20223634,0.09906298,-0.4786724
ㅓ,0.0,0.0,0.0,-0.07293248,-0.27847424,-0.16586769,-0.1434749,-0.50453264,-0.31217128,-0.21453355,-0.6158442,-0.45110294,-0.19635782,-0.5109119,-0.57784265,0.36109504,-0.58930933,-0.28495198,0.23199175,-0.5691001,-0.5086603,0.12853026,-0.6108872,-0.65269566,0.057044834,-0.6794315,-0.73151815,0.43342608,-0.29945058,-0.2982781,-0.05917343,-0.2697266,-0.52368766,-0.19215813,-0.23991917,-0.5914523,-0.1937608,-0.23878404,-0.6090314,0.3855308,-0.0032039236,-0.33031747,-0.17045508,-0.010090418,-0.5092274,-0.31143847,-0.028726103,-0.48144105,-0.32970384,-0.06167888,-0.42728606,0.28420866,0.2517753,-0.38589013,-0.13712122,0.22314428,-0.5027061,-0.25596914,0.17239243,-0.48767883,-0.26721022,0.11323223,-0.44486517
ㅕ,0.0,0.0,0.0,-0.13573188,-0.24165803,-0.105387405,-0.24930337,-0.4013191,-0.23199399,-0.35078257,-0.36081618,-0.34978846,-0.4283119,-0.24012896,-0.46542487,0.006030271,-0.5650647,-0.29385856,-0.045740314,-0.643159,-0.469741,-0.1345468,-0.67947304,-0.57764435,-0.22139663,-0.7305404,-0.6459831,0.087510385,-0.40423092,-0.32658923,-0.15248615,-0.3960099,-0.52369267,-0.2137459,-0.30969793,-0.5729685,-0.21053825,-0.27013156,-0.5844782,0.09470656,-0.20478259,-0.3656143,-0.23623858,-0.14180306,-0.52908784,-0.31844428,-0.12058039,-0.50750715,-0.3226848,-0.15416473,-0.46650392,0.04893014,-0.014901435,-0.41542965,-0.22125354,0.010824673,-0.52728945,-0.33371097,-0.0047967993,-0.5147008,-0.38406757,-0.051749162,-0.48664588
ㅕ,0.0,0.0,0.0,-0.114739574,-0.21226014,-0.08288878,-0.23870072,-0.3656024,-0.20504968,-0.37198782,-0.38465303,-0.3192453,-0.46732426,-0.35504532,-0.43438727,-0.04618941,-0.51668584,-0.29116955,-0.14826667,-0.5782431,-0.4725576,-0.2440115,-0.6280454,-0.5943242,-0.33064649,-0.6652612,-0.6694031,0.0023198219,-0.36038792,-0.33249447,-0.31890246,-0.33974895,-0.5381728,-0.4317669,-0.24009036,-0.59116966,-0.4725125,-0.16995814,-0.603157,-0.0066412697,-0.16889437,-0.37539673,-0.3457154,-0.114544034,-0.5334409,-0.37494075,-0.08954172,-0.503157,-0.32701135,-0.09980395,-0.45867747,-0.046669114,0.009584721,-0.42681628,-0.32575572,0.025365606,-0.5192453,-0.38838992,0.0013572943,-0.4867532,-0.38747048,-0.044408422,-0.4495292
ㅕ,0.0,0.0,0.0,-0.08562891,-0.22626431,-0.13954379,-0.14523527,-0.38550195,-0.2701182,-0.21939741,-0.369745,-0.39566207,-0.2522707,-0.2389181,-0.5078642,0.17631856,-0.60814416,-0.26836845,0.23728229,-0.64764965,-0.4991155,0.15403947,-0.70256764,-0.6294711,0.05092568,-0.7192337,-0.6928993,0.29402998,-0.39068654,-0.2998638,0.3044998,-0.35019758,-0.53979695,0.1958985,-0.33966017,-0.5883522,0.092995524,-0.31800377,-0.57216716,0.30622327,-0.14905292,-0.3534496,-0.002803828,-0.07447429,-0.5734795,-0.1890623,-0.08789646,-0.5450462,-0.2785211,-0.12646027,-0.4658704,0.23577373,0.059594125,-0.42409536,-0.07493,0.1047244,-0.58091587,-0.23867,0.068045534,-0.5756666,-0.31162986,-0.012140221,-0.5284236
ㅗ,0.0,0.0,0.0,0.106480256,-0.17046157,0.03946931,0.1269996,-0.34410158,0.0335842,0.07242958,-0.47328427,0.020050881,-0.009898659,-0.5210552,0.0020246995,0.12643343,-0.4619092,-0.044648826,0.1309756,-0.7277759,-0.061866418,0.12547204,-0.87580353,-0.06376327,0.124712184,-0.9899888,-0.066097856,0.03069179,-0.46893004,-0.07276116,-0.034772594,-0.6511599,-0.081272684,-0.04678513,-0.5724122,-0.05797544,-0.031939954,-0.48819876,-0.040320117,-0.07156679,-0.44161868,-0.091486506,-0.11171905,-0.54862636,-0.07626305,-0.112865455,-0.48049632,-0.03185723,-0.0964474,-0.41402534,-0.007988496,-0.16047251,-0.39556226,-0.10826636,-0.17835619,-0.48131272,-0.07353936,-0.16978966,-0.41974905,-0.024318455,-0.15720919,-0.3632129,0.007952365
ㅗ,0.0,0.0,0.0,0.08925614,-0.18536907,0.035046075,0.104552224,-0.3781713,0.022550525,0.052138425,-0.53235424,0.001333109,-0.015858455,-0.6230491,-0.021501163,0.14906445,-0.47342724,-0.050128654,0.10984053,-0.7374599,-0.07194706,0.09138665,-0.8799929,-0.073118515,0.085074015,-0.99354255,-0.07507095,0.07449224,-0.47423318,-0.08688314,-0.065338634,-0.65319014,-0.10953133,-0.098434046,-0.56228983,-0.091813035,-0.076478556,-0.48774198,-0.07658408,-0.024807261,-0.44603702,-0.1149005,-0.14128195,-0.55136794,-0.11792677,-0.15062085,-0.46216848,-0.07321615,-0.12201089,-0.40333426,-0.04637023,-0.12308466,-0.40021217,-0.14116065,-0.20299743,-0.48752344,-0.11870774,-0.20402974,-0.40769288,-0.06989701,-0.17960377,-0.35074997,-0.037022974
ㅗ,0.0,0.0,0.0,0.14629307,-0.16181448,0.0010401199,0.22149211,-0.39812967,-0.012874126,0.15381037,-0.6038361,-0.019610306,0.04829732,-0.6661986,-0.02601246,0.12036157,-0.51094836,-0.11635243,0.102413476,-0.8184424,-0.13628261,0.053985607,-0.87489754,-0.13283102,0.007544461,-0.9142907,-0.12971345,-0.0051633543,-0.51871985,-0.11791122,0.026517978,-0.8477041,-0.12169683,0.063480705,-0.94470537,-0.09792536,0.08142923,-0.9930757,-0.08467568,-0.120330945,-0.4948796,-0.108224474,-0.07936501,-0.6739244,-0.098482065,-0.040952135,-0.6205812,-0.06207329,-0.02272799,-0.527372,-0.040138952,-0.21598154,-0.44817534,-0.09820371,-0.16503641,-0.53811073,-0.08011066,-0.12795721,-0.47713727,-0.045344185,-0.1257219,-0.4097182,-0.019638142
ㅗ,0.0,0.0,0.0,0.10404896,-0.1641863,0.021725373,0.12519649,-0.3552469,0.013392424,0.051983867,-0.4833084,0.0048094885,-0.03562803,-0.5165047,-0.007475657,0.09412792,-0.45201203,-0.07185362,0.07685667,-0.72735834,-0.08480541,0.06322982,-0.8772368,-0.08018657,0.05486824,-0.9953069,-0.0797104,-0.011261599,-0.44752893,-0.08571012,-0.049294394,-0.6541866,-0.09542396,-0.030662645,-0.58255,-0.06709195,-0.0073421076,-0.49158275,-0.04540247,-0.1072163,-0.41576883,-0.09009087,-0.1107417,-0.54977787,-0.0836626,-0.09034007,-0.49487638,-0.04535485,-0.07047216,-0.42247468,-0.02365348,-0.18740556,-0.37404934,-0.09247172,-0.16728458,-0.45816052,-0.07147269,-0.14298466,-0.40625522,-0.035831485,-0.13267949,-0.3529957,-0.012594466
ㅏ,0.0,0.0,0.0,-0.08321651,-0.074484326,-0.06617182,-0.14466836,-0.20772763,-0.117048495,-0.13104679,-0.32895762,-0.16678034,-0.06102525,-0.4153869,-0.21229915,-0.102875076,-0.47841868,-0.100196466,-0.10837016,-0.6972176,-0.17603064,-0.11182971,-0.84080535,-0.21303184,-0.105840735,-0.9654047,-0.2383099,0.0020085394,-0.4892655,-0.10422629,-0.0144866835,-0.4321041,-0.20222455,-0.039078265,-0.2654723,-0.20991789,-0.046858907,-0.22946993,-0.19782838,0.08921593,-0.44528785,-0.11549151,0.0609147,-0.33099577,-0.2033236,0.02091635,-0.20959312,-0.17328301,0.009500778,-0.20561077,-0.13811354,0.16273516,-0.377774,-0.13463324,0.12798914,-0.2626582,-0.19105093,0.08405424,-0.17561823,-0.17319141,0.07318735,-0.18179949,-0.14745544
ㅛ,0.0,0.0,0.0,0.08518984,-0.18346083,0.042159434,0.087782964,-0.34955317,0.03492649,0.028166406,-0.47021842,0.01628499,-0.0416473,-0.5240244,-0.0027580112,0.09685431,-0.4640382,-0.033929285,0.09221974,-0.70454574,-0.063574865,0.09547983,-0.8453962,-0.0743767,0.09960885,-0.94900167,-0.07699389,0.011352076,-0.45985246,-0.070046455,-0.03820094,-0.72420925,-0.10154785,-0.061819077,-0.88151914,-0.11249245,-0.07977502,-0.9901166,-0.11534754,-0.08097785,-0.42518678,-0.094647996,-0.12927204,-0.5740282,-0.09678933,-0.11322371,-0.51696527,-0.055628136,-0.090979464,-0.45383772,-0.020986114,-0.16327848,-0.3626816,-0.11791716,-0.18448001,-0.49240845,-0.08670126,-0.16721588,-0.4442147,-0.02710081,-0.1535177,-0.38079005,0.020091804
ㅛ,0.0,0.0,0.0,0.11441701,-0.14657237,0.0019716925,0.14805698,-0.32442415,-0.008166697,0.08049185,-0.4483766,-0.018447798,0.005572037,-0.49053654,-0.028843064,0.07261225,-0.45127782,-0.06032931,0.11275675,-0.7096016,-0.07965369,0.1284812,-0.850046,-0.081720725,0.13890481,-0.95909685,-0.07960561,-0.0281873,-0.45501485,-0.067636035,-0.018994333,-0.72582394,-0.08325898,-0.018244034,-0.88531536,-0.08619128,-0.02981104,-0.9958325,-0.08619128,-0.11295997,-0.42129907,-0.067636035,-0.07759641,-0.55283874,-0.07350064,-0.04411282,-0.5068764,-0.058694907,-0.032136224,-0.4377461,-0.04230283,-0.17256266,-0.3736872,-0.067636035,-0.11987497,-0.466672,-0.060377378,-0.086435445,-0.42687616,-0.034515392,-0.08181605,-0.36769387,-0.010756501
ㄱ,0.0,0.0,0.0,-0.17887887,0.04321147,-0.0040594293,-0.33736858,0.21114473,-0.030066341,-0.46517998,0.34863794,-0.049332555,-0.57419986,0.41139024,-0.07229809,-0.29887044,0.32593933,-0.12662084,-0.31075475,0.6384863,-0.16346501,-0.3085308,0.8045306,-0.17409122,-0.30382192,0.93558013,-0.17995055,-0.17924613,0.37679452,-0.13168569,-0.18750271,0.6110011,-0.14737673,-0.18656752,0.534419,-0.109241545,-0.18286063,0.44067246,-0.086002916,-0.058450494,0.39867672,-0.1288057,-0.09069932,0.5800343,-0.1307919,-0.08483013,0.51453376,-0.07433395,-0.07622529,0.43034172,-0.042430483,0.046121076,0.40559846,-0.12403879,-0.0015695206,0.5302229,-0.10745396,0.006697734,0.46920764,-0.05660704,0.021261197,0.40593088,-0.023933921
ㅛ,0.0,0.0,0.0,0.08198324,-0.1771403,0.033058338,0.08794771,-0.34556857,0.022517076,0.024085043,-0.47708753,0.0020080234,-0.056966633,-0.53281915,-0.016192574,0.11353243,-0.4636653,-0.038010526,0.073183194,-0.697906,-0.06467303,0.06285921,-0.83281326,-0.072097436,0.062459003,-0.93135464,-0.07457224,0.029964244,-0.46450636,-0.07261108,-0.040939484,-0.72540677,-0.10926617,-0.07786665,-0.8773843,-0.124021605,-0.10195882,-0.9862086,-0.13037205,-0.06150356,-0.43177903,-0.09637853,-0.14609984,-0.5781777,-0.106651284,-0.14431247,-0.50407153,-0.06443955,-0.121625334,-0.43385035,-0.027737765,-0.15111423,-0.37368968,-0.11935217,-0.20626262,-0.5003334,-0.09768597,-0.20112157,-0.4430716,-0.042189676,-0.18020467,-0.3786233,0.0030075754
ㄱ,0.0,0.0,0.0,-0.17891823,0.02898745,0.003022255,-0.34565237,0.19799496,-0.01886203,-0.4656088,0.32271782,-0.037294228,-0.5811574,0.34378934,-0.05846788,-0.34996265,0.26688576,-0.12360592,-0.38219103,0.5859777,-0.16666068,-0.38897717,0.7626459,-0.18030484,-0.39873344,0.8976775,-0.18758167,-0.24260272,0.31133148,-0.14280875,-0.23542476,0.6050071,-0.17545359,-0.2105188,0.5313406,-0.1430109,-0.21135598,0.4224793,-0.12168563,-0.11988555,0.3433522,-0.15433046,-0.12857325,0.58633155,-0.17333116,-0.10367593,0.5157141,-0.11643012,-0.09676179,0.41542944,-0.08130915,-0.004909433,0.36313745,-0.16413401,-0.031047495,0.54961884,-0.15887849,-0.009374092,0.4869133,-0.108850054,-0.0004454645,0.40218967,-0.0760031
ㄱ,0.0,0.0,0.0,-0.17286162,0.06423977,0.023696048,-0.3055175,0.24407613,0.0022365553,-0.40647236,0.3880307,-0.014477045,-0.51008344,0.44305554,-0.037288833,-0.2781291,0.33591485,-0.13568358,-0.27627823,0.6436223,-0.18230054,-0.26248202,0.8130785,-0.20333149,-0.24865784,0.9447008,-0.2137985,-0.16505386,0.37478423,-0.14867042,-0.14155327,0.6134912,-0.1485735,-0.13804033,0.53817785,-0.09657766,-0.14197305,0.4472624,-0.071330845,-0.046446037,0.38287607,-0.15109335,-0.047250547,0.5727199,-0.13839725,-0.04161024,0.50393105,-0.07409297,-0.038841378,0.41741288,-0.04385494,0.059343997,0.37926587,-0.14876735,0.037904788,0.51209134,-0.114846475,0.043651376,0.44628105,-0.053934287,0.047749165,0.37770498,-0.020195134
ㅏ,0.0,0.0,0.0,-0.08582352,-0.07011697,-0.07032122,-0.15267967,-0.20900685,-0.121359974,-0.1483391,-0.3332776,-0.17043397,-0.07979593,-0.41958365,-0.21439035,-0.11162469,-0.47271702,-0.10088964,-0.11049158,-0.6967165,-0.17929834,-0.10957044,-0.83974975,-0.21512143,-0.09826448,-0.9661994,-0.23833334,-0.0072081224,-0.47447646,-0.10335705,-0.029353075,-0.45978606,-0.20945553,-0.05882853,-0.28986317,-0.21768022,-0.06653055,-0.24892753,-0.20214471,0.07820068,-0.43126044,-0.113592215,0.043512665,-0.33717334,-0.21036941,0.0046963636,-0.21090083,-0.18158299,-0.00040023826,-0.20442025,-0.14301832,0.15096009,-0.36833575,-0.13168654,0.10968336,-0.26886863,-0.19264062,0.06960155,-0.17960142,-0.17609984,0.066181876,-0.18724452,-0.15023778
ㅛ,0.0,0.0,0.0,0.11849585,-0.13958317,-0.010914721,0.15507838,-0.3323927,-0.026369927,0.08089801,-0.46435362,-0.03517506,0.0006400264,-0.50353104,-0.044373076,0.061633766,-0.4320373,-0.099283844,0.0998886,-0.6972184,-0.11823453,0.11300914,-0.83455265,-0.11740255,0.1215819,-0.94154555,-0.11453684,-0.04088907,-0.43532452,-0.096418135,-0.024070472,-0.7166567,-0.117957205,-0.020572565,-0.8790611,-0.12008338,-0.03239383,-0.9923355,-0.1192514,-0.12193822,-0.40621272,-0.083198875,-0.07767828,-0.5485186,-0.09031694,-0.032976564,-0.50774086,-0.06951741,-0.01266119,-0.435545,-0.049272526,-0.17725666,-0.36707574,-0.07034938,-0.11410902,-0.46791458,-0.06683657,-0.07776899,-0.4315644,-0.039958958,-0.072795905,-0.37356257,-0.014964851
ㅏ,0.0,0.0,0.0,-0.10769934,-0.058659304,-0.05931607,-0.21887228,-0.18067439,-0.112643436,-0.24421398,-0.31158525,-0.16796702,-0.17583174,-0.39722165,-0.2201537,-0.16664837,-0.48800322,-0.08426871,-0.18378617,-0.6950967,-0.15494414,-0.1981787,-0.8372369,-0.18707362,-0.20240223,-0.95683724,-0.20855667,-0.056482956,-0.51208127,-0.09496271,-0.114427455,-0.46941426,-0.19173145,-0.12024571,-0.28607297,-0.19962125,-0.10881958,-0.24829303,-0.18422191,0.033412647,-0.47788912,-0.11197804,-0.02602853,-0.36214936,-0.20323344,-0.04025136,-0.22711219,-0.17747279,-0.027156737,-0.22339833,-0.14154097,0.114504375,-0.41752413,-0.1356474,0.053503186,-0.2969225,-0.19144627,0.026801268,-0.19820222,-0.17262486,0.03541294,-0.20337228,-0.14534327
ㄱ,0.0,0.0,0.0,-0.14717652,0.049659707,-0.04567929,-0.29316413,0.22517914,-0.093518384,-0.4062188,0.37586012,-0.12502109,-0.5240733,0.42801547,-0.15850393,-0.22373348,0.2951701,-0.18001579,-0.2273017,0.6165762,-0.24050096,-0.21653086,0.7975864,-0.26840335,-0.19673814,0.93818533,-0.28478476,-0.088128135,0.32631806,-0.17209509,-0.12928648,0.6098386,-0.23726068,-0.15012336,0.53360033,-0.22429958,-0.14595988,0.42358708,-0.20359778,0.026812399,0.34456012,-0.15697381,-0.027647492,0.57084525,-0.20323779,-0.043783907,0.5019103,-0.15877397,-0.03619015,0.40800434,-0.11908057,0.11940084,0.36341777,-0.14140248,0.048900757,0.5356012,-0.16435446,0.041938774,0.464731,-0.1252911,0.058553513,0.3889359,-0.09090816
ㅏ,0.0,0.0,0.0,-0.11339614,-0.07052758,-0.075679176,-0.21053195,-0.18832515,-0.13853277,-0.22684957,-0.32013598,-0.20067908,-0.17179365,-0.42048517,-0.25763866,-0.15842825,-0.4903662,-0.09760483,-0.17177144,-0.69482666,-0.1727651,-0.18640642,-0.83593476,-0.20652594,-0.18817677,-0.95534235,-0.22783862,-0.050761733,-0.50984615,-0.10081117,-0.10690797,-0.47765568,-0.19822715,-0.11818228,-0.30155912,-0.20520568,-0.10601905,-0.2779859,-0.18851388,0.03458262,-0.47634473,-0.11231625,-0.02380908,-0.3651406,-0.20577149,-0.04156113,-0.2349404,-0.18012083,-0.02957853,-0.24226455,-0.14305936,0.111465454,-0.42076907,-0.13174288,0.05385245,-0.30809546,-0.19115438,0.019749075,-0.21404752,-0.17427397,0.02262499,-0.22358772,-0.14711444
ㄱ,0.0,0.0,0.0,-0.15625972,0.062208205,-0.03752919,-0.309304,0.25819665,-0.07692861,-0.4279863,0.4128987,-0.10260254,-0.5406993,0.46494332,-0.12981972,-0.23834483,0.31319553,-0.16199395,-0.24231368,0.63280344,-0.2113777,-0.23236372,0.80718535,-0.23101896,-0.21709463,0.94518244,-0.24392605,-0.10881129,0.3369439,-0.15946865,-0.13257092,0.62989956,-0.21343534,-0.15201351,0.5564508,-0.19641292,-0.15487584,0.45408142,-0.17677166,0.005520132,0.3522353,-0.14974156,-0.032585617,0.599915,-0.18032579,-0.050854936,0.53070134,-0.13056795,-0.048777666,0.43883437,-0.09236102,0.10059672,0.3631715,-0.14104328,0.045612555,0.5605051,-0.15086392,0.033284295,0.49889407,-0.1099914,0.044611204,0.4241304,-0.07791067
ㅏ,0.0,0.0,0.0,-0.12794518,-0.06157208,-0.057928428,-0.2301854,-0.17818035,-0.115294345,-0.27445376,-0.30563587,-0.1753786,-0.22561024,-0.39435065,-0.23190092,-0.17043057,-0.47241035,-0.09739094,-0.20188348,-0.68225735,-0.17490993,-0.22643799,-0.821622,-0.21071677,-0.23397565,-0.94357884,-0.23433805,-0.065032,-0.49763834,-0.11126374,-0.16425788,-0.46740702,-0.21334136,-0.16621861,-0.28561512,-0.22084019,-0.13411509,-0.24707806,-0.2054676,0.019036096,-0.46482864,-0.13076065,-0.08766784,-0.35553682,-0.22871394,-0.08524755,-0.21749665,-0.20284301,-0.04932323,-0.21566401,-0.16591136,0.09115084,-0.4035,-0.15625662,-0.0034526929,-0.29267937,-0.21821558,-0.01371424,-0.19830635,-0.20078084,0.019550389,-0.20477074,-0.17444126
ㄱ,0.0,0.0,0.0,-0.17129424,0.03345662,-0.003133783,-0.33090323,0.20332949,-0.03131872,-0.444688,0.33486143,-0.054152407,-0.55851424,0.37503204,-0.07825879,-0.32504395,0.2689735,-0.14264229,-0.35980192,0.595744,-0.18746118,-0.36445698,0.7727527,-0.19914006,-0.3667411,0.9075393,-0.20463014,-0.21117733,0.30810302,-0.15961158,-0.22219369,0.6227338,-0.19704385,-0.20769456,0.5512066,-0.16500182,-0.20419538,0.44573817,-0.14224301,-0.08729562,0.33691445,-0.1678966,-0.11862921,0.6103866,-0.18656282,-0.108247645,0.53159624,-0.12647155,-0.09950357,0.42728516,-0.08804108,0.029197292,0.35566595,-0.17518342,-0.006189922,0.5754347,-0.1736861,-0.009093554,0.516227,-0.12657136,-0.008739832,0.4293622,-0.09393044
ㄱ,0.0,0.0,0.0,-0.19156003,0.0309867,0.022783611,-0.3393564,0.18955685,0.013133639,-0.4527694,0.33608,0.0009154278,-0.5592903,0.384418,-0.016464692,-0.31406912,0.3412501,-0.06560454,-0.32700133,0.64718944,-0.09082923,-0.32347935,0.81255984,-0.099067934,-0.31811818,0.94240206,-0.10333986,-0.20277123,0.39607543,-0.08299737,-0.1936914,0.6040758,-0.08889669,-0.18854448,0.5180068,-0.055433284,-0.18431796,0.41999766,-0.03539593,-0.0839818,0.41135624,-0.0930669,-0.100838155,0.57478786,-0.09082923,-0.08900723,0.50176203,-0.04157496,-0.078403845,0.41281575,-0.013769312,0.021661622,0.41078883,-0.09937307,-0.010075277,0.52666956,-0.07577578,-0.001254229,0.46247897,-0.024538118,0.008329961,0.39529732,0.008740932
ㄱ,0.0,0.0,0.0,-0.17154758,0.049197588,-0.03304395,-0.3086795,0.2090296,-0.077677056,-0.41076303,0.35079744,-0.10770839,-0.5174809,0.41506988,-0.14082104,-0.21578191,0.31802356,-0.18046424,-0.22130716,0.6387492,-0.23013322,-0.21887441,0.8113326,-0.24576977,-0.21183252,0.9440546,-0.25276023,-0.085793026,0.3587312,-0.17099035,-0.1444204,0.5958254,-0.2032752,-0.18164563,0.53713316,-0.16961065,-0.18059142,0.45523766,-0.14542003,0.016025102,0.37496296,-0.15351422,-0.057683967,0.5687662,-0.16915074,-0.08992865,0.51366335,-0.115066744,-0.08537961,0.43507496,-0.08011451,0.091751814,0.3860052,-0.13548622,0.010321866,0.52874213,-0.13346267,-0.014673508,0.47454998,-0.088668615,-0.0066914046,0.41130692,-0.056751695
ㄱ,0.0,0.0,0.0,-0.15385205,0.06562495,-0.009660919,-0.29923445,0.26641053,-0.0444955,-0.40455508,0.41533822,-0.07285809,-0.52599096,0.45471781,-0.10174413,-0.31234106,0.2867476,-0.15313944,-0.31737098,0.59576225,-0.21548,-0.31499428,0.77052623,-0.24498472,-0.31243703,0.9125111,-0.26402,-0.20130081,0.28723115,-0.17560108,-0.16614293,0.6242887,-0.23413458,-0.14448212,0.55112106,-0.21605106,-0.15005119,0.444242,-0.20253602,-0.075983435,0.2891524,-0.19035342,-0.0613568,0.59295636,-0.22747225,-0.045767765,0.5123944,-0.17169884,-0.050076116,0.41090062,-0.13524625,0.042224567,0.2912154,-0.20482023,0.042866137,0.53233916,-0.2150993,0.04933972,0.46267524,-0.16931942,0.041098673,0.37234154,-0.13810155
ㄱ,0.0,0.0,0.0,-0.1550524,0.045175795,-0.027770815,-0.30670908,0.21108286,-0.07596807,-0.4190548,0.3484477,-0.10734301,-0.53489816,0.38852975,-0.14116563,-0.26651397,0.25500122,-0.20685275,-0.2744247,0.5756149,-0.2793044,-0.27022687,0.76111776,-0.31811142,-0.26077196,0.90327656,-0.34071916,-0.12851542,0.28611416,-0.20827685,-0.1610018,0.60679924,-0.2652413,-0.17704277,0.5351134,-0.24031936,-0.17897415,0.4277096,-0.21753357,-0.0042096293,0.3048816,-0.19919816,-0.04838113,0.5732118,-0.23426689,-0.06595577,0.49620926,-0.17320813,-0.060676806,0.3934895,-0.1278146,0.09709505,0.31965774,-0.1881613,0.04150007,0.5179216,-0.19599392,0.029111411,0.44704816,-0.14116563,0.038774807,0.36502832,-0.10040046
ㅑ,0.0,0.0,0.0,-0.10437363,-0.038519006,-0.06855065,-0.18748057,-0.1489865,-0.1111299,-0.18915997,-0.25309557,-0.15462682,-0.116677605,-0.32559985,-0.19069071,-0.18056354,-0.43492228,-0.07323069,-0.24882382,-0.62455785,-0.14031136,-0.29369262,-0.73387784,-0.17591643,-0.33316824,-0.8366586,-0.19509545,-0.07678322,-0.46906197,-0.08612376,-0.08649351,-0.69257075,-0.174907,-0.1101868,-0.83376455,-0.21950512,-0.12881376,-0.9634859,-0.2347382,0.021727936,-0.43632954,-0.10479807,-0.037226457,-0.4554538,-0.21895453,-0.06682538,-0.2830613,-0.22611223,-0.07017953,-0.17333026,-0.19454485,0.10219826,-0.3592353,-0.12893243,0.03020675,-0.302583,-0.2123474,-0.010706295,-0.18173853,-0.21161325,-0.0185328,-0.115664795,-0.1874789
ㅜ,0.0,0.0,0.0,-0.14080971,0.09705435,0.04469405,-0.21214178,0.28012085,0.038668755,-0.21702754,0.4476823,0.02553767,-0.19983836,0.5651012,0.008370653,-0.27491748,0.39913815,-0.06259186,-0.27939606,0.6812262,-0.08084572,-0.27309293,0.8333506,-0.081303336,-0.27481648,0.95800984,-0.08181181,-0.18900225,0.43067092,-0.09528609,-0.117275745,0.66168094,-0.10128598,-0.09144874,0.5863725,-0.06976121,-0.10020455,0.4954792,-0.05066838,-0.08451474,0.4349141,-0.117861904,-0.030846694,0.59392256,-0.1051503,-0.015763516,0.5208684,-0.057456374,-0.023825925,0.44052717,-0.03391449,0.0094898855,0.4225767,-0.13728523,0.036457404,0.54952204,-0.10026904,0.047973644,0.4812378,-0.050363302,0.04230686,0.40925166,-0.021507967
ㅑ,0.0,0.0,0.0,-0.10268325,-0.055788875,-0.06407385,-0.16919728,-0.19203308,-0.09863024,-0.16605312,-0.29884523,-0.13477597,-0.09710013,-0.3736096,-0.16547257,-0.14652562,-0.46043918,-0.060032435,-0.2011936,-0.64990324,-0.11906438,-0.230052,-0.7664478,-0.15293963,-0.25638163,-0.87502724,-0.17219315,-0.041386798,-0.47618067,-0.071748,-0.030933069,-0.6952099,-0.15039672,-0.03157247,-0.84415317,-0.19271809,-0.033904362,-0.9772749,-0.20924702,0.052761283,-0.4298632,-0.08932136,0.012363828,-0.5112131,-0.2039796,-0.032183964,-0.33867335,-0.21669416,-0.051032152,-0.2154852,-0.18981192,0.12269757,-0.34304565,-0.11079991,0.05418257,-0.33946463,-0.20597759,0.0026063675,-0.21533512,-0.21251649,-0.01984882,-0.12942474,-0.19180991
ㄴ,0.0,0.0,0.0,-0.073770545,-0.32139045,0.0028264828,-0.2223261,-0.55359375,-0.025397982,-0.32691345,-0.75728834,-0.049752742,-0.3743666,-0.9239858,-0.07810203,-0.37284932,-0.36813775,-0.10361938,-0.6254217,-0.38364878,-0.12830205,-0.7626834,-0.38847628,-0.13259469,-0.8687995,-0.38438523,-0.13354862,-0.41403118,-0.16980891,-0.09896902,-0.5406771,-0.28624016,-0.09694195,-0.47718358,-0.3445047,-0.05276355,-0.41103277,-0.3276444,-0.02712696,-0.41110843,-0.006681507,-0.08501796,-0.5133046,-0.15037356,-0.0711265,-0.46112376,-0.19058606,-0.017826246,-0.3925466,-0.1656887,0.011454609,-0.39727497,0.11410146,-0.06772816,-0.47554678,-0.009389116,-0.034877554,-0.42999837,-0.0471691,0.017096149,-0.3731303,-0.025294235,0.051780064
ㅜ,0.0,0.0,0.0,-0.14296786,0.102469414,0.05013236,-0.21369047,0.28193513,0.0467868,-0.21722387,0.44288868,0.035677515,-0.2010278,0.5556323,0.019945739,-0.26734877,0.40523085,-0.059351597,-0.28237304,0.679847,-0.07549199,-0.28425267,0.8305564,-0.076104924,-0.2930311,0.95296216,-0.077432916,-0.18178874,0.43773988,-0.092705,-0.112883784,0.66536033,-0.09158131,-0.08400385,0.592516,-0.056746658,-0.0893158,0.5047968,-0.037669335,-0.07780553,0.4395224,-0.11533221,-0.026982177,0.60287124,-0.095412105,-0.013152978,0.5338301,-0.04438599,-0.019292286,0.45347682,-0.021222478,0.014910771,0.42347714,-0.13443507,0.040691644,0.5518041,-0.09296039,0.049757585,0.4852163,-0.040401965,0.04466391,0.4131187,-0.010872962
ㄴ,0.0,0.0,0.0,-0.072776884,-0.35744375,0.074018225,-0.22379026,-0.5611662,0.07995513,-0.33207837,-0.7620302,0.07505073,-0.3799487,-0.9167736,0.058337063,-0.43279785,-0.39109066,0.010632135,-0.6781713,-0.40696415,0.053464934,-0.80335283,-0.41713834,0.08511766,-0.89945817,-0.4245715,0.103509136,-0.48085582,-0.1918878,0.007260363,-0.53486574,-0.26968282,0.096733324,-0.44925952,-0.30384594,0.16571753,-0.37159312,-0.28933996,0.19372422,-0.4524635,-0.007073826,0.018440451,-0.48238647,-0.11960268,0.10931698,-0.4114152,-0.1328888,0.15035903,-0.3385283,-0.10945104,0.1504881,-0.42168638,0.13940378,0.039881047,-0.43819112,0.043102983,0.1333227,-0.3750971,0.022934137,0.18494791,-0.3118725,0.046822034,0.20469455
ㅑ,0.0,0.0,0.0,-0.09795955,-0.049208727,-0.06854189,-0.1685951,-0.16195442,-0.11071709,-0.15003096,-0.2528761,-0.15356031,-0.08266914,-0.32916063,-0.1900795,-0.15752685,-0.44100836,-0.075444914,-0.21284482,-0.6332099,-0.14358436,-0.24729514,-0.7523038,-0.18313193,-0.27698556,-0.8653865,-0.2061123,-0.05107413,-0.46557087,-0.08800394,-0.044081796,-0.6821836,-0.17342317,-0.047055583,-0.8300996,-0.22143252,-0.04981875,-0.9690167,-0.24191889,0.04468206,-0.42512962,-0.10599632,0.0025241708,-0.46388447,-0.21786967,-0.03487838,-0.30122465,-0.22855823,-0.04696372,-0.1947477,-0.20254946,0.120203026,-0.34151623,-0.1292439,0.0586524,-0.30110323,-0.21573198,0.008466694,-0.18498448,-0.21822597,-0.013635411,-0.11640072,-0.19702704
ㄴ,0.0,0.0,0.0,-0.059622273,-0.28644553,0.024350332,-0.22656319,-0.5281504,0.015525334,-0.34102532,-0.7175803,0.0038795122,-0.37670633,-0.8798517,-0.013563049,-0.35047638,-0.46879408,-0.07748615,-0.6123158,-0.48212576,-0.09944784,-0.75994956,-0.47703487,-0.10254977,-0.87439656,-0.4735282,-0.105837815,-0.38125104,-0.3000391,-0.09870337,-0.57182854,-0.2629333,-0.1083814,-0.49431056,-0.24751884,-0.07401198,-0.40583098,-0.25483057,-0.05428368,-0.38692987,-0.11403208,-0.1103046,-0.5428047,-0.11479899,-0.10627209,-0.47513285,-0.09482942,-0.049661797,-0.39579657,-0.093961686,-0.019681612,-0.37848872,0.053572718,-0.11799739,-0.50755286,0.016107762,-0.09194115,-0.44414556,0.029041516,-0.032973398,-0.37586433,0.03720152,0.003856247
ㅜ,0.0,0.0,0.0,-0.14239916,0.09704386,0.053170353,-0.20540997,0.28431532,0.04985662,-0.20460506,0.45664844,0.040066056,-0.19205931,0.57762206,0.02497854,-0.269998,0.40981847,-0.065169975,-0.23997568,0.7032957,-0.08249175,-0.21051931,0.8539641,-0.08399799,-0.19349116,0.9773866,-0.085303396,-0.17891248,0.44331867,-0.09865873,-0.09920232,0.6778804,-0.09579688,-0.073517494,0.60340947,-0.060149174,-0.08468547,0.5164062,-0.04207428,-0.0709994,0.4455615,-0.12059964,-0.015327807,0.6126256,-0.10046622,5.2900203e-05,0.53570396,-0.049906734,-0.010299594,0.45121938,-0.027815204,0.024324289,0.42917815,-0.13817246,0.051714096,0.55581987,-0.096650414,0.06267769,0.48450154,-0.044760413,0.05409665,0.41291726,-0.01627991
ㅑ,0.0,0.0,0.0,-0.09711063,-0.049205408,-0.06814275,-0.16845284,-0.16255964,-0.11006544,-0.14834408,-0.2525757,-0.15256974,-0.08084452,-0.32663414,-0.18898925,-0.1590486,-0.44164148,-0.07606198,-0.21286318,-0.63248956,-0.14478475,-0.24929506,-0.7496854,-0.18433614,-0.2803447,-0.8605698,-0.20670684,-0.052569073,-0.46783262,-0.08796319,-0.04590345,-0.68411607,-0.17189802,-0.049667947,-0.83154386,-0.2183396,-0.05323579,-0.9699304,-0.2374889,0.042774744,-0.4286918,-0.105322845,0.001912717,-0.46302384,-0.21476029,-0.03510996,-0.30259937,-0.22531927,-0.047975853,-0.1978695,-0.19972718,0.116870284,-0.34606072,-0.12814096,0.055652093,-0.30230585,-0.2115389,0.0073066154,-0.18627195,-0.21332857,-0.013491072,-0.119300574,-0.19203167
ㄴ,0.0,0.0,0.0,-0.02421051,-0.35879666,0.112509385,-0.15329325,-0.5755616,0.14120542,-0.24021982,-0.7866905,0.14929594,-0.2778082,-0.93646955,0.14209032,-0.37562937,-0.48466402,0.07230965,-0.61990035,-0.5068741,0.13046022,-0.74158275,-0.5127778,0.16105247,-0.8403934,-0.5123099,0.17685425,-0.44995928,-0.3088819,0.052051764,-0.46975,-0.3155208,0.16408642,-0.3804544,-0.30988675,0.22451243,-0.30884176,-0.28621668,0.24132554,-0.44432765,-0.11086268,0.04813292,-0.43439016,-0.16243221,0.16117887,-0.35941395,-0.14493214,0.19720697,-0.2960877,-0.12344641,0.18759947,-0.43275037,0.05717957,0.05660268,-0.42251763,0.009479423,0.16889016,-0.35528296,0.014195643,0.22451243,-0.2966882,0.037225153,0.24347456
ㄴ,0.0,0.0,0.0,-0.06375694,-0.35004586,0.059225045,-0.20672703,-0.5655938,0.05868922,-0.30031204,-0.7799135,0.05128221,-0.33955166,-0.939987,0.033599947,-0.40454662,-0.41436225,-0.014608659,-0.6469033,-0.4377567,0.015287295,-0.77201545,-0.45378813,0.039746184,-0.87023735,-0.46634266,0.05396134,-0.46259612,-0.22455138,-0.01261507,-0.51210135,-0.3163847,0.06420508,-0.4318884,-0.3454065,0.13011172,-0.356863,-0.3251979,0.15683998,-0.44543782,-0.04500324,0.0030598184,-0.46364415,-0.1731877,0.08125696,-0.39693004,-0.17802376,0.12261015,-0.3266098,-0.1475523,0.12576206,-0.42232317,0.0960911,0.02792649,-0.42960018,-0.016080199,0.10880473,-0.3686163,-0.025022525,0.15747038,-0.30773866,0.0051964745,0.17739049
ㄴ,0.0,0.0,0.0,-0.09086769,-0.3508365,0.08730785,-0.24817051,-0.55681497,0.10921521,-0.34794942,-0.74102604,0.12216633,-0.40837845,-0.8910569,0.11991117,-0.45580393,-0.35741097,0.055058926,-0.68741053,-0.36088315,0.14407368,-0.8030581,-0.36628136,0.19626474,-0.8989787,-0.37547183,0.22551753,-0.49634665,-0.16985455,0.06894433,-0.51471984,-0.28236327,0.20992462,-0.41203353,-0.32380453,0.2835076,-0.32973576,-0.3073056,0.3087655,-0.4659847,-0.008020885,0.10096774,-0.472357,-0.14793897,0.24330114,-0.37860417,-0.16421562,0.2659817,-0.30146867,-0.14571275,0.24355888,-0.44378307,0.11055615,0.14587782,-0.44394383,0.0051203705,0.27835295,-0.36691958,-0.021089144,0.32139444,-0.2965801,-0.0029348603,0.32758006
ㅜ,0.0,0.0,0.0,-0.15400994,0.077444755,0.02779487,-0.24435332,0.27202332,0.013986645,-0.26365882,0.4696587,-0.0017579815,-0.26672953,0.61399496,-0.01938004,-0.31004232,0.34848356,-0.08557792,-0.32693017,0.64332646,-0.11587187,-0.31849766,0.8071641,-0.12321584,-0.31714374,0.93989193,-0.12658185,-0.21646349,0.38845745,-0.11250587,-0.17811432,0.6533954,-0.13147782,-0.14804883,0.58180493,-0.10301989,-0.15001005,0.48450714,-0.08389492,-0.10892722,0.4091817,-0.13025384,-0.08421351,0.59561974,-0.12923384,-0.061665747,0.5214724,-0.07838693,-0.06195083,0.43504265,-0.049928986,-0.013206446,0.41388854,-0.14585981,-0.012642045,0.55315024,-0.11597387,0.005551826,0.4839085,-0.063239954,0.008068051,0.4121685,-0.03116102
ㄴ,0.0,0.0,0.0,-0.07258529,-0.28632754,0.01813218,-0.23329365,-0.5017841,-0.009724855,-0.35260248,-0.68681294,-0.03216171,-0.39591184,-0.8536805,-0.061628327,-0.33113247,-0.40761828,-0.14769241,-0.6104969,-0.43423548,-0.19045494,-0.766503,-0.43139163,-0.20255303,-0.8838808,-0.42006648,-0.2056674,-0.37600532,-0.21744296,-0.15463984,-0.57620126,-0.2607978,-0.1570355,-0.50753784,-0.28622183,-0.10007868,-0.4157089,-0.2833909,-0.0660603,-0.38233885,-0.036276832,-0.14865069,-0.53586096,-0.11346667,-0.13715151,-0.47411695,-0.12738155,-0.06923454,-0.3907607,-0.11343084,-0.032041926,-0.37620744,0.11484232,-0.13691196,-0.48836577,0.01800009,-0.104989775,-0.43347487,0.004385892,-0.040157225,-0.36968926,0.01759468,0.000567593
ㅑ,0.0,0.0,0.0,-0.10310095,-0.040797584,-0.06935694,-0.18064588,-0.15763667,-0.10952916,-0.16838336,-0.25648996,-0.14983816,-0.095535435,-0.3340302,-0.18339862,-0.15743373,-0.44091544,-0.06935694,-0.2258085,-0.63208574,-0.13114281,-0.27065632,-0.7444097,-0.16525045,-0.30954656,-0.84812474,-0.1843106,-0.058575053,-0.4663549,-0.07979898,-0.0657698,-0.69336295,-0.15986982,-0.08556065,-0.8408313,-0.20373553,-0.100414895,-0.9700347,-0.22124533,0.034094155,-0.43008175,-0.09621441,-0.027302817,-0.48681897,-0.20592424,-0.059256002,-0.3209078,-0.21777983,-0.06341891,-0.21299012,-0.1926095,0.10647326,-0.3543108,-0.11791927,0.02678969,-0.31069288,-0.20683621,-0.018286662,-0.19178286,-0.21431437,-0.031542737,-0.121183075,-0.19643977
ㄴ,0.0,0.0,0.0,-0.08531059,-0.32130367,0.033064313,-0.25645673,-0.5454565,0.029792849,-0.37477252,-0.725055,0.02339284,-0.4152854,-0.8796347,0.011593323,-0.39635947,-0.40265703,-0.050786894,-0.6539142,-0.41057163,-0.063841,-0.8010165,-0.4101481,-0.0642539,-0.9124407,-0.40443596,-0.062316425,-0.4367,-0.21529078,-0.057806257,-0.5681302,-0.27771047,-0.042846438,-0.5046963,-0.30622426,-0.00030569587,-0.429286,-0.29235885,0.024123361,-0.4342423,-0.04569664,-0.054566547,-0.53938925,-0.13803087,-0.029712923,-0.48436055,-0.15580441,0.015349159,-0.40786877,-0.13671374,0.03719335,-0.4193939,0.09369618,-0.04567324,-0.49583653,0.004745974,-0.0019520996,-0.44880828,-0.012558018,0.049707506,-0.38591185,0.005236979,0.08188223
ㄴ,0.0,0.0,0.0,-0.074391,-0.34190303,0.06564039,-0.23369895,-0.5536353,0.07346241,-0.34393716,-0.7418304,0.07150691,-0.39437678,-0.88579834,0.059773877,-0.429975,-0.4195324,-0.010550997,-0.6831674,-0.4011608,0.007439655,-0.81898224,-0.3956192,0.025275493,-0.92148346,-0.38673824,0.036079664,-0.4773929,-0.21756448,-0.023188455,-0.5433927,-0.26187694,0.035362646,-0.46105862,-0.2830463,0.09223526,-0.38104278,-0.2620772,0.11674428,-0.46044526,-0.024852024,-0.023318823,-0.4933251,-0.11334913,0.036568545,-0.4237077,-0.11587191,0.07887264,-0.34713405,-0.08888844,0.087150946,-0.4366491,0.13506395,-0.014999772,-0.45409745,0.047040977,0.048725266,-0.3905371,0.043911014,0.09595073,-0.3268604,0.06929521,0.11935162
ㄴ,0.0,0.0,0.0,-0.06136178,-0.29220542,0.046107825,-0.21371527,-0.5145975,0.04420488,-0.31989264,-0.6986994,0.03600037,-0.35396647,-0.8564278,0.020714404,-0.3640644,-0.45568043,-0.05428042,-0.6189145,-0.4792556,-0.06507418,-0.76707053,-0.4795553,-0.062921666,-0.87528837,-0.47962037,-0.061923403,-0.40744826,-0.3015053,-0.07692861,-0.55933374,-0.23337914,-0.057493586,-0.49135026,-0.21247514,-0.012041238,-0.40882432,-0.21674497,0.008158076,-0.41169122,-0.11848348,-0.088845424,-0.5253513,-0.08423484,-0.06850573,-0.46586573,-0.065943845,-0.018997915,-0.38965842,-0.068178795,0.00046196097,-0.4036273,0.048058726,-0.09396154,-0.49094412,0.039672714,-0.057400007,-0.43096152,0.0534633,-0.0019581546,-0.36339968,0.05337327,0.029137285
ㅓ,0.0,0.0,0.0,-0.10598866,-0.2666029,-0.14543524,-0.21262021,-0.48827028,-0.28077546,-0.359835,-0.43544987,-0.40588883,-0.43105185,-0.21254566,-0.5182518,0.16568741,-0.557253,-0.30787006,0.0477051,-0.53213227,-0.51957995,-0.010161157,-0.6092572,-0.6423025,-0.08443671,-0.70042795,-0.7087109,0.29307726,-0.3018334,-0.31238583,-0.27670294,-0.18070556,-0.49062592,-0.30412605,-0.16407992,-0.48637578,-0.19360463,-0.20157531,-0.4643282,0.28609732,-0.013641341,-0.33629286,-0.2864459,0.064229734,-0.46592197,-0.25564402,0.0077552237,-0.36870015,-0.13209774,-0.08070671,-0.27971295,0.2259493,0.25493196,-0.38649762,-0.22268263,0.28736535,-0.516658,-0.1991235,0.21451965,-0.49832928,-0.08209502,0.13506813,-0.44892144
ㅓ,0.0,0.0,0.0,-0.15962961,-0.30843905,-0.06114305,-0.44620842,-0.4539747,-0.15279339,-0.68463945,-0.3975159,-0.22128211,-0.7606838,-0.25290528,-0.27819002,-0.24865435,-0.516556,-0.32426426,-0.4320275,-0.5227035,-0.46149072,-0.5538598,-0.54225665,-0.52948135,-0.6324628,-0.5321524,-0.56285405,-0.2089815,-0.26542598,-0.3541502,-0.6550132,-0.1577104,-0.507814,-0.6274693,-0.16042164,-0.5030821,-0.49863654,-0.1774838,-0.47668275,-0.20811474,-0.025080318,-0.37482136,-0.61830777,0.02628658,-0.477928,-0.5558292,-0.0059969695,-0.42089558,-0.4279305,-0.053466905,-0.3588822,-0.22552943,0.20264517,-0.39897922,-0.5738479,0.19957419,-0.41367316,-0.52251875,0.1425002,-0.34468633,-0.3979667,0.09602073,-0.29238585
ㅓ,0.0,0.0,0.0,-0.13478276,-0.31276405,-0.051576637,-0.39243743,-0.49615777,-0.14524081,-0.6073393,-0.49560082,-0.21961175,-0.6669116,-0.36483052,-0.28814507,-0.19925296,-0.5166026,-0.315465,-0.33904752,-0.5629965,-0.46210533,-0.4389349,-0.60863143,-0.5454662,-0.50742203,-0.62731063,-0.5907659,-0.16757932,-0.2994532,-0.35142457,-0.6054029,-0.22940648,-0.5015675,-0.6117538,-0.19287173,-0.5020344,-0.51803696,-0.17855337,-0.48428816,-0.17087331,-0.08182178,-0.378044,-0.5761883,-0.035444308,-0.4810191,-0.5301138,-0.04033204,-0.4254452,-0.4160547,-0.07176772,-0.36800334,-0.19569197,0.13514836,-0.40793243,-0.5319566,0.13384417,-0.43034878,-0.4940769,0.09656625,-0.36380023,-0.38082314,0.06782941,-0.31312996
ㅓ,0.0,0.0,0.0,-0.12337621,-0.27278838,-0.15868884,-0.24994951,-0.49713632,-0.30793285,-0.37391752,-0.51559025,-0.44730356,-0.4163681,-0.35821158,-0.57494086,0.17023037,-0.6221851,-0.32138342,-0.057382498,-0.55079794,-0.5571975,-0.1313397,-0.58217466,-0.7011472,-0.2021931,-0.60024464,-0.77383745,0.28763416,-0.3367241,-0.32252815,-0.3339697,-0.16599357,-0.49938872,-0.3444762,-0.17609064,-0.49652693,-0.24653195,-0.21138315,-0.4773527,0.27840987,-0.029062118,-0.34513655,-0.3183019,0.09311104,-0.4722014,-0.27538118,0.014304863,-0.3697482,-0.16317226,-0.065390326,-0.27559426,0.21882388,0.25547788,-0.39664933,-0.2467856,0.31712428,-0.51283926,-0.22170188,0.21372575,-0.482504,-0.109861284,0.10813324,-0.4238366
ㅓ,0.0,0.0,0.0,-0.124073684,-0.26459935,-0.15796328,-0.25489047,-0.4816487,-0.3060178,-0.39011967,-0.5125047,-0.44501343,-0.44212642,-0.37845618,-0.5712702,0.12988642,-0.63567924,-0.32130444,-0.10454973,-0.5503768,-0.55711585,-0.19112636,-0.5703782,-0.69809324,-0.2784613,-0.5778537,-0.7671665,0.24693955,-0.3607999,-0.3241353,-0.37817398,-0.16577709,-0.5038956,-0.38154012,-0.15851063,-0.49795076,-0.28386673,-0.19773266,-0.47615302,0.24475072,-0.061248384,-0.34904695,-0.3572653,0.08553804,-0.47728541,-0.30018032,0.026342263,-0.3716939,-0.18544436,-0.050526205,-0.2754444,0.19588183,0.22571002,-0.40311658,-0.27522266,0.30889875,-0.5208808,-0.23889032,0.22347751,-0.4900243,-0.12391556,0.12642774,-0.43085912
ㅠ,0.0,0.0,0.0,-0.13746104,0.07751604,-0.0073793186,-0.2167409,0.26791948,-0.037232324,-0.23694104,0.45071474,-0.062428754,-0.2563147,0.5820472,-0.08614304,-0.24032225,0.30167386,-0.13724376,-0.2632694,0.5762261,-0.18617661,-0.27826864,0.7330624,-0.20564356,-0.28738862,0.85681814,-0.21537702,-0.14777985,0.3167244,-0.15060517,-0.1355665,0.64299405,-0.19661796,-0.11821468,0.8333717,-0.2021041,-0.099707216,0.9730078,-0.20812117,-0.05403299,0.32921696,-0.15334825,-0.046976425,0.6110516,-0.17608917,-0.056400888,0.5501174,-0.13335039,-0.06332902,0.46541828,-0.102380246,0.029875934,0.33704132,-0.15697618,0.017631697,0.5590364,-0.15971926,0.0064740973,0.5131449,-0.11883866,0.0005788072,0.44045424,-0.08707214
ㅠ,0.0,0.0,0.0,-0.12701629,0.111692384,-0.0069893533,-0.17460993,0.3179517,-0.03958142,-0.14861126,0.50448024,-0.06425418,-0.118135974,0.6376059,-0.08746767,-0.19609289,0.35112485,-0.15823068,-0.18139973,0.6417772,-0.2045679,-0.17361563,0.8032819,-0.21911563,-0.16279936,0.9266102,-0.22504246,-0.09189996,0.33754054,-0.16900678,-0.033811703,0.66277933,-0.21211115,0.011376234,0.8454407,-0.21193154,0.051769044,0.97536296,-0.21444598,0.0077214804,0.33119473,-0.16694134,0.04993872,0.6245799,-0.18481171,0.022024354,0.5816179,-0.1392827,-0.00104083,0.5064594,-0.10794225,0.092702016,0.32753554,-0.16487591,0.10225906,0.5596304,-0.1622717,0.075875916,0.5201926,-0.11817954,0.060499854,0.45417413,-0.08495325
ㅠ,0.0,0.0,0.0,-0.13901512,0.08816232,-0.009261621,-0.20949297,0.28880996,-0.039778195,-0.21215749,0.48500797,-0.064273566,-0.21127105,0.6273867,-0.08694432,-0.23865904,0.32072595,-0.14067903,-0.25995967,0.60810316,-0.18346609,-0.26873842,0.7658272,-0.19632958,-0.27046782,0.88951457,-0.20125602,-0.1360973,0.3297749,-0.15208283,-0.11482622,0.65771645,-0.19103822,-0.09211388,0.8440986,-0.19158562,-0.068255365,0.97845125,-0.1948699,-0.037500802,0.34035754,-0.15290391,-0.026660817,0.6322113,-0.17279215,-0.048638225,0.57565653,-0.13383675,-0.06321856,0.4898743,-0.106376395,0.046067547,0.35102144,-0.15399866,0.032155856,0.5785092,-0.15509345,0.0118781235,0.5307544,-0.116411746,0.003230604,0.45643362,-0.08676186
ㅕ,0.0,0.0,0.0,-0.09221145,-0.16669391,-0.11787522,-0.18073986,-0.2827273,-0.23517308,-0.24519704,-0.24173084,-0.34728754,-0.23812482,-0.17820162,-0.45421866,0.008949801,-0.5024022,-0.26108995,-0.045538485,-0.60892963,-0.43118146,-0.098004475,-0.6951578,-0.53446496,-0.13534036,-0.7872052,-0.6016569,0.1417229,-0.33165398,-0.28086358,-0.10620577,-0.1752879,-0.47072864,-0.19685367,-0.11725867,-0.5087401,-0.19507065,-0.15161788,-0.51219565,0.18036093,-0.11300085,-0.31215578,-0.14531942,0.07159497,-0.46957678,-0.2121693,0.04129279,-0.42926168,-0.18259269,-0.062439475,-0.376468,0.16561024,0.08730264,-0.35861424,-0.0977193,0.1861179,-0.47533613,-0.16694696,0.15309688,-0.45767426,-0.1575699,0.068063036,-0.42119864
ㅕ,0.0,0.0,0.0,-0.120837085,-0.17563021,-0.095401414,-0.23308362,-0.32436094,-0.1948771,-0.31450093,-0.31293398,-0.29429916,-0.28933465,-0.2336741,-0.38932386,0.016551198,-0.5429782,-0.21353884,-0.051763568,-0.6192108,-0.3646561,-0.108866766,-0.7096517,-0.4671884,-0.16351087,-0.8266718,-0.53840333,0.1609024,-0.37242305,-0.24324748,-0.18060583,-0.13921365,-0.41506422,-0.26581255,-0.10981689,-0.46289828,-0.2507145,-0.17146425,-0.48220357,0.2056927,-0.13291827,-0.2829305,-0.18593037,0.08728252,-0.42686182,-0.25036067,0.029100355,-0.39726046,-0.21924122,-0.09459419,-0.35843548,0.19388375,0.099956535,-0.3367707,-0.12072277,0.22201362,-0.45088616,-0.1928633,0.16989022,-0.44059005,-0.18122955,0.07095941,-0.4114177
ㅕ,0.0,0.0,0.0,-0.0805667,-0.124549486,-0.12675741,-0.1456531,-0.27036488,-0.23921487,-0.16202076,-0.2936234,-0.34122986,-0.14620838,-0.23171216,-0.43569413,0.04349712,-0.41040522,-0.27423736,0.14391917,-0.5641011,-0.43890718,0.21948564,-0.6623275,-0.5388337,0.29848057,-0.73919564,-0.60373765,0.16256225,-0.25465983,-0.28098482,0.16195409,-0.24309099,-0.48710322,0.2408697,-0.25715762,-0.56743,0.334613,-0.27530056,-0.60052466,0.20777896,-0.08346028,-0.29223055,0.023571026,-0.055508304,-0.43665805,-0.05054577,-0.07564664,-0.4064552,-0.050278112,-0.12157573,-0.35986567,0.1999137,0.067414984,-0.31970227,0.028312601,0.076756366,-0.40870434,-0.046696898,0.042604137,-0.39199638,-0.048505228,-0.020323006,-0.36147222
ㅕ,0.0,0.0,0.0,-0.16568667,-0.20613265,-0.06227609,-0.334472,-0.3744192,-0.13784334,-0.4307213,-0.39873984,-0.20849417,-0.40807387,-0.33487383,-0.28133008,-0.10181891,-0.4971003,-0.22160463,-0.16546746,-0.62437403,-0.34269437,-0.21869208,-0.731917,-0.42463472,-0.2584777,-0.838331,-0.47999004,0.006028099,-0.36292675,-0.25474498,-0.28509063,-0.24648708,-0.3856675,-0.3495264,-0.21319507,-0.41917205,-0.35069335,-0.23568521,-0.4355601,0.04869459,-0.16238806,-0.2880674,-0.2952904,-0.03301357,-0.40569735,-0.3614597,-0.06649647,-0.3965929,-0.36287308,-0.14339203,-0.37729138,0.041711133,0.03461178,-0.32721668,-0.22735605,0.079680756,-0.40751827,-0.28889805,0.033546098,-0.39258692,-0.29637438,-0.029854095,-0.37273914
ㅕ,0.0,0.0,0.0,-0.1517884,-0.16646895,-0.0855231,-0.30691138,-0.28974348,-0.19275364,-0.40344745,-0.3082252,-0.28649813,-0.40561223,-0.30842546,-0.38122934,-0.11026829,-0.44070587,-0.30047756,-0.17821641,-0.5475585,-0.4526067,-0.23460478,-0.6478828,-0.5552322,-0.27929688,-0.7326244,-0.620689,-0.023423944,-0.302336,-0.32777858,-0.28370523,-0.24392377,-0.483526,-0.3461047,-0.23485267,-0.52562875,-0.35708812,-0.2450809,-0.5493115,0.010008816,-0.12352656,-0.35392833,-0.31127003,-0.037488904,-0.48549956,-0.36680213,-0.05712584,-0.47003987,-0.36195892,-0.10103384,-0.44767284,0.0028808673,0.05775841,-0.38649222,-0.25434914,0.08088282,-0.47168458,-0.30550313,0.045955766,-0.4509621,-0.30145422,9.7829085e-05,-0.42892393
ㅡ,0.0,0.0,0.0,-0.14141609,-0.20211977,0.030432628,-0.34088427,-0.26551965,0.0191029,-0.50570524,-0.22528598,0.0005452335,-0.6273446,-0.15836453,-0.018523397,-0.43838045,-0.37595806,-0.05452426,-0.6943688,-0.34942302,-0.080338016,-0.8383743,-0.316885,-0.085423514,-0.9519774,-0.2927816,-0.089543425,-0.46781388,-0.22321437,-0.08767659,-0.63513726,-0.057774156,-0.11207414,-0.55296,-0.013353546,-0.094242685,-0.4705406,-0.03929035,-0.07847118,-0.46761748,-0.04374153,-0.11220288,-0.5658307,0.0766981,-0.11175227,-0.48481086,0.0891253,-0.06562868,-0.412221,0.057407085,-0.03939649,-0.4468617,0.11743234,-0.13608544,-0.47949335,0.17315948,-0.10737488,-0.40853256,0.17736769,-0.059062585,-0.3519584,0.15501703,-0.026763195
ㅡ,0.0,0.0,0.0,-0.15170676,-0.18078628,0.043225054,-0.35467252,-0.22777589,0.030795414,-0.5249367,-0.1675018,0.006797036,-0.6539152,-0.106878586,-0.018890329,-0.4628727,-0.360901,-0.050144795,-0.7186628,-0.2985562,-0.075102456,-0.85818654,-0.25532869,-0.07989065,-0.97031975,-0.22656412,-0.08454766,-0.47459048,-0.22519909,-0.09504234,-0.6390347,0.013989628,-0.1208199,-0.5532899,0.06007286,-0.10501228,-0.474865,0.019083189,-0.09359933,-0.4574564,-0.04869841,-0.13019952,-0.5727827,0.15772668,-0.13420062,-0.48621738,0.16860043,-0.08743371,-0.41814467,0.11623777,-0.06250884,-0.42531633,0.11643884,-0.16332336,-0.50090545,0.25308007,-0.13643073,-0.42261508,0.2565196,-0.084941216,-0.3642179,0.21386369,-0.052374914
ㅡ,0.0,0.0,0.0,-0.13106982,-0.22059897,0.033922732,-0.32239074,-0.29324383,0.029872036,-0.47698644,-0.2536392,0.019059416,-0.586539,-0.18520916,0.0061649624,-0.4366271,-0.3692299,-0.044444557,-0.6949359,-0.34863016,-0.06707037,-0.8429938,-0.31423938,-0.07352566,-0.9550845,-0.28644487,-0.07591412,-0.46018794,-0.20082708,-0.06636029,-0.6438262,-0.12365008,-0.07894811,-0.5794343,-0.10767922,-0.06035686,-0.4982844,-0.12547117,-0.04438001,-0.4525342,-0.023134189,-0.078625344,-0.5926148,0.0037810071,-0.07184729,-0.5323847,0.0016279133,-0.028564531,-0.45515427,-0.016171208,-0.0008481116,-0.42499027,0.123937264,-0.08811463,-0.5365259,0.08924036,-0.059098084,-0.53178126,0.04953269,-0.0129911285,-0.5091345,0.006200072,0.020285921
ㅡ,0.0,0.0,0.0,-0.13339056,-0.21419302,0.03242657,-0.32089514,-0.28248686,0.02539183,-0.47507605,-0.24284942,0.0107030375,-0.58680433,-0.18116401,-0.0061334954,-0.42764086,-0.36487404,-0.045289055,-0.67779624,-0.36816743,-0.06815594,-0.8216381,-0.35816455,-0.07247523,-0.93244725,-0.35345966,-0.07488896,-0.45148656,-0.19972555,-0.072983384,-0.6471781,-0.12486364,-0.09229319,-0.581508,-0.09775428,-0.07279283,-0.4943401,-0.110014096,-0.05462636,-0.4462594,-0.023920946,-0.0919756,-0.5837301,0.016028216,-0.088736124,-0.51869184,0.017583845,-0.04201782,-0.438263,-0.0018297894,-0.012751391,-0.4218473,0.12464254,-0.10931632,-0.5018988,0.108064726,-0.07876362,-0.45010665,0.09771673,-0.028011857,-0.39129767,0.08029976,0.0068958607
ㅡ,0.0,0.0,0.0,-0.13019072,-0.2120836,0.048560113,-0.32057723,-0.2761977,0.04865756,-0.47374102,-0.22970547,0.03917292,-0.5795695,-0.15692936,0.025758008,-0.45456368,-0.36258888,-0.03550234,-0.7106716,-0.3039757,-0.049599364,-0.8580503,-0.2578354,-0.051158488,-0.97210205,-0.22844455,-0.05320483,-0.4764983,-0.20288353,-0.06769163,-0.6531832,-0.06224836,-0.07171936,-0.57679105,-0.029485496,-0.04602639,-0.48962602,-0.05737983,-0.029574443,-0.46766484,-0.02425315,-0.089259446,-0.59518325,0.07569998,-0.07210913,-0.52365947,0.08059111,-0.024231216,-0.4426748,0.04586164,-0.00065513706,-0.43832436,0.13018079,-0.10803381,-0.5026112,0.16823682,-0.065612815,-0.44042304,0.16664407,-0.012919489,-0.3781067,0.141736,0.019424092
ㅗ,0.0,0.0,0.0,0.050297312,-0.20186591,2.5812053e-05,0.018277947,-0.3743594,-0.019582981,-0.06572768,-0.47023836,-0.036875714,-0.14413376,-0.49357808,-0.05515333,-0.018564116,-0.45386603,-0.085157946,-0.07480104,-0.71110594,-0.12111767,-0.10952684,-0.86146593,-0.13605125,-0.13416885,-0.98024756,-0.14530458,-0.11366886,-0.38942045,-0.095098406,-0.18300073,-0.55402553,-0.12606499,-0.14946474,-0.5000528,-0.10829127,-0.109767646,-0.42913848,-0.08873101,-0.18684478,-0.30567247,-0.09922117,-0.20974264,-0.42168534,-0.11186434,-0.18112496,-0.3836178,-0.07654593,-0.15466179,-0.33019534,-0.04961049,-0.24114382,-0.22619165,-0.10297748,-0.24342768,-0.33395767,-0.09409062,-0.21073127,-0.30134115,-0.05492429,-0.19242068,-0.2554554,-0.024942582
ㅗ,0.0,0.0,0.0,0.04647855,-0.20414749,0.022804359,0.0109944185,-0.3766704,0.013694469,-0.072467126,-0.47295102,0.0034414548,-0.14900883,-0.49496666,-0.010542052,-0.025080757,-0.46425024,-0.07474983,-0.09481873,-0.7180166,-0.105342224,-0.13604404,-0.86366683,-0.11684946,-0.16091764,-0.97919977,-0.12358539,-0.120094754,-0.4032998,-0.08845559,-0.17761628,-0.56883603,-0.10262913,-0.14656681,-0.50989383,-0.07545148,-0.109186284,-0.44008023,-0.054542005,-0.20040603,-0.31908417,-0.094022095,-0.22161718,-0.44418338,-0.09210423,-0.1931108,-0.40189588,-0.051407922,-0.16491708,-0.34619653,-0.025844097,-0.26253316,-0.23518382,-0.09673519,-0.26980022,-0.3541568,-0.07961467,-0.23892199,-0.32034847,-0.037959434,-0.21910484,-0.27148318,-0.008115477
ㅗ,0.0,0.0,0.0,0.04716746,-0.20789553,0.01084434,0.008273165,-0.38192266,-0.0042957673,-0.0785864,-0.47341174,-0.017264754,-0.1558795,-0.492107,-0.033167064,-0.030108534,-0.45584813,-0.091094434,-0.09998772,-0.71074146,-0.12509327,-0.14496452,-0.8572713,-0.1365494,-0.17618594,-0.97397983,-0.14255463,-0.12823756,-0.3881574,-0.10024086,-0.20338233,-0.5516126,-0.12343028,-0.16791631,-0.4923451,-0.09885504,-0.1235848,-0.42192292,-0.076219946,-0.20559755,-0.30166978,-0.10134951,-0.23142041,-0.4157397,-0.106523246,-0.20140976,-0.37782225,-0.06984516,-0.16965301,-0.32585084,-0.04386099,-0.26277578,-0.22060174,-0.10014847,-0.2651607,-0.33123562,-0.08624405,-0.23123057,-0.30295148,-0.047279354,-0.20747174,-0.26049113,-0.0180847
ㅗ,0.0,0.0,0.0,0.036061473,-0.20226301,0.016024515,-0.0003180115,-0.37639326,0.0037922128,-0.076774724,-0.48076382,-0.0062228753,-0.14332132,-0.5099891,-0.018594114,-0.04341393,-0.4553578,-0.08382534,-0.10809048,-0.71565497,-0.116522,-0.14468142,-0.86167395,-0.1257845,-0.17078535,-0.9768237,-0.12902638,-0.139236,-0.3983528,-0.090818524,-0.21118505,-0.5718255,-0.11189074,-0.17236486,-0.5102359,-0.08507577,-0.12683903,-0.43273902,-0.058862876,-0.216879,-0.31848666,-0.08947547,-0.22989945,-0.42385876,-0.09095747,-0.19587444,-0.37542573,-0.055296812,-0.16333087,-0.31698695,-0.02975544,-0.27860183,-0.23869085,-0.08530733,-0.26037058,-0.31911847,-0.06733807,-0.22555162,-0.27984202,-0.030982722,-0.2046198,-0.23738451,-0.0036264784
ㅗ,0.0,0.0,0.0,0.047423042,-0.20545098,-0.0065246746,-0.0027188596,-0.39446878,-0.027358774,-0.10128484,-0.52869385,-0.040202655,-0.17993529,-0.601327,-0.0553131,-0.052674122,-0.43401858,-0.118410654,-0.13337559,-0.69695204,-0.16227673,-0.18942045,-0.83799934,-0.17976822,-0.2265941,-0.95543605,-0.18920082,-0.15599151,-0.36594984,-0.11328226,-0.18947844,-0.54918545,-0.13727582,-0.14855883,-0.520452,-0.109619126,-0.107907005,-0.46932998,-0.08837293,-0.2309983,-0.28139022,-0.10156023,-0.20963892,-0.40639648,-0.11108439,-0.17752978,-0.37310418,-0.074681945,-0.1538666,-0.31953388,-0.050276283,-0.28568342,-0.2025633,-0.08823555,-0.25137606,-0.31201908,-0.08058875,-0.21405004,-0.2855852,-0.04748314,-0.19846925,-0.24129711,-0.02323774
ㅛ,0.0,0.0,0.0,0.04786843,-0.18593666,0.02367162,0.027067501,-0.34743693,-0.0018663245,-0.048350323,-0.43847626,-0.033143595,-0.124724746,-0.4641452,-0.065008566,0.034507506,-0.42949262,-0.097864494,-0.014768318,-0.6791493,-0.1510682,-0.034547683,-0.8324944,-0.17476322,-0.046369553,-0.94512564,-0.18445262,-0.046435542,-0.37984186,-0.12939915,-0.14682873,-0.6474555,-0.19343737,-0.19826268,-0.81851894,-0.2145779,-0.23515241,-0.94647753,-0.22109626,-0.13196228,-0.31430998,-0.146752,-0.21073765,-0.48919192,-0.17379427,-0.18134743,-0.44620177,-0.12728508,-0.14690402,-0.39481097,-0.08302207,-0.20349103,-0.23512952,-0.16295974,-0.24713854,-0.40106824,-0.14745669,-0.22104162,-0.37068102,-0.08399101,-0.19924912,-0.31990236,-0.03122773
ㅛ,0.0,0.0,0.0,0.07241929,-0.1714786,-0.011708068,0.057782568,-0.3562607,-0.049054146,-0.032846287,-0.45970824,-0.081697874,-0.11738591,-0.49074623,-0.1163491,0.045458194,-0.41299975,-0.14785816,0.005353173,-0.67423517,-0.20040235,-0.010446924,-0.82626694,-0.22117563,-0.01920382,-0.9420002,-0.22903107,-0.05539899,-0.3517322,-0.16252165,-0.13480909,-0.64026666,-0.21297106,-0.17756984,-0.8169408,-0.22676171,-0.21514092,-0.9486258,-0.23199867,-0.15485398,-0.28286177,-0.164791,-0.1919538,-0.4849231,-0.19883125,-0.1555948,-0.4428131,-0.16531469,-0.12993784,-0.37475786,-0.13057618,-0.23689108,-0.2136093,-0.16618752,-0.23891972,-0.40168592,-0.17002796,-0.20417224,-0.37053964,-0.11966584,-0.19427755,-0.30709386,-0.07545716
ㅛ,0.0,0.0,0.0,0.049334526,-0.20623767,-0.0058522965,-0.00023802562,-0.3828875,-0.039374072,-0.11827568,-0.4467452,-0.06941269,-0.21028896,-0.437591,-0.09947419,-0.031297613,-0.44515434,-0.13379097,-0.11416903,-0.69257647,-0.17908914,-0.15320975,-0.8419373,-0.19638479,-0.17888102,-0.95468616,-0.20297362,-0.12314001,-0.3662663,-0.14898185,-0.24450384,-0.6239203,-0.19309036,-0.31589907,-0.7872105,-0.20498687,-0.37705305,-0.9022571,-0.20919639,-0.20584664,-0.27274445,-0.15145268,-0.27164653,-0.44133314,-0.17222577,-0.22120331,-0.41859153,-0.13498062,-0.17730838,-0.36491323,-0.10020629,-0.26870897,-0.17660916,-0.15374047,-0.30817303,-0.3404964,-0.14587048,-0.26764053,-0.3327787,-0.09315991,-0.23912238,-0.28654736,-0.048456576
ㅛ,0.0,0.0,0.0,0.098866224,-0.13497953,-0.011706788,0.11818294,-0.31457084,-0.04660544,0.047038123,-0.44231886,-0.07697677,-0.034034252,-0.49443626,-0.11075177,0.10877671,-0.37376893,-0.14950138,0.1185726,-0.64795053,-0.20282574,0.12794082,-0.8055531,-0.22412059,0.1362119,-0.92315084,-0.23232432,0.004950028,-0.35146677,-0.1621561,-0.014900145,-0.6650941,-0.20492032,-0.022930939,-0.8462382,-0.21172771,-0.03144593,-0.97636634,-0.21382226,-0.098856114,-0.31649876,-0.16363977,-0.102432,-0.5378978,-0.1909565,-0.072085395,-0.4917216,-0.15953788,-0.05381649,-0.4150662,-0.12899202,-0.18493222,-0.27418113,-0.16459976,-0.15463883,-0.44406092,-0.16713072,-0.12407913,-0.40830716,-0.12445377,-0.11968277,-0.35003626,-0.08723145
ㅛ,0.0,0.0,0.0,0.049479574,-0.21298327,-0.030141762,-0.012847951,-0.4134326,-0.07026177,-0.12905204,-0.49507192,-0.10303205,-0.21144225,-0.5088999,-0.13458864,-0.050669674,-0.41877586,-0.15625568,-0.1365263,-0.6804482,-0.20947932,-0.1850503,-0.83027196,-0.2301574,-0.2238037,-0.944565,-0.24022673,-0.13859122,-0.31186,-0.16398749,-0.27311373,-0.58145505,-0.21775053,-0.34794575,-0.74683315,-0.23393339,-0.41521654,-0.8703648,-0.24274406,-0.21563154,-0.21131136,-0.16272883,-0.30094776,-0.46048015,-0.21235625,-0.24416019,-0.44782692,-0.1888012,-0.19400185,-0.3831192,-0.15787397,-0.2784262,-0.13138093,-0.16147016,-0.34005618,-0.3573505,-0.19221757,-0.29242578,-0.36154005,-0.162549,-0.2529557,-0.30131853,-0.12955396
ㅣ,0.0,0.0,0.0,-0.14228684,-0.054093413,-0.061975725,-0.26134,-0.23675725,-0.09472518,-0.2727349,-0.41314957,-0.1305761,-0.16862607,-0.49286625,-0.14729251,-0.26629645,-0.53481746,-0.039292917,-0.32479125,-0.6986459,-0.114280224,-0.2886032,-0.5058998,-0.14382307,-0.2684139,-0.4296437,-0.15013115,-0.17693645,-0.56260175,-0.04896531,-0.23284265,-0.7123176,-0.12805288,-0.21031798,-0.50031614,-0.14003822,-0.20710695,-0.45739135,-0.12984017,-0.08004424,-0.5581238,-0.07243662,-0.12184503,-0.68603325,-0.15086709,-0.12382744,-0.45798454,-0.13026069,-0.11872412,-0.343702,-0.09367382,0.016745137,-0.53998166,-0.10282054,-0.005261111,-0.73866385,-0.13583283,-0.025012514,-0.85549873,-0.12731692,-0.044479955,-0.9924159,-0.11459563
ㅣ,0.0,0.0,0.0,-0.1454149,-0.0796024,-0.03922355,-0.25060588,-0.30689892,-0.056206953,-0.26681277,-0.4915305,-0.081235126,-0.16906853,-0.57087153,-0.08959537,-0.2051074,-0.55459684,-0.010790806,-0.2677285,-0.73941743,-0.079762876,-0.25384212,-0.5557321,-0.10326623,-0.23616691,-0.45834157,-0.10279299,-0.1302299,-0.56531334,-0.027813643,-0.18463261,-0.746392,-0.110417135,-0.18364309,-0.54350114,-0.12976666,-0.17489114,-0.47018054,-0.119986735,-0.04755689,-0.5538514,-0.056943078,-0.08939277,-0.7165316,-0.13681239,-0.11067874,-0.49865013,-0.12545507,-0.1095447,-0.37169817,-0.09222438,0.036145333,-0.53155893,-0.09054182,0.02632436,-0.734668,-0.12450862,0.01071693,-0.85724175,-0.12303638,-0.0019705493,-0.9933949,-0.114728704
ㅣ,0.0,0.0,0.0,-0.12955913,-0.069833055,-0.06458343,-0.21057978,-0.266425,-0.09650454,-0.16024022,-0.43625337,-0.12807922,-0.050792176,-0.5245201,-0.14084767,-0.21565466,-0.5287626,-0.04659378,-0.23574217,-0.6964925,-0.1201608,-0.21057333,-0.5165912,-0.15381409,-0.19950648,-0.41953564,-0.16351412,-0.11651287,-0.56084824,-0.047682557,-0.13370696,-0.7077491,-0.114617914,-0.12254895,-0.50138897,-0.12491186,-0.1302201,-0.44352964,-0.11907203,-0.014878111,-0.55621666,-0.06255433,-0.020108748,-0.71047306,-0.12560472,-0.035218075,-0.5091174,-0.10877808,-0.045384686,-0.3856345,-0.082201906,0.08338028,-0.5341913,-0.084478445,0.082044415,-0.7357673,-0.11412301,0.08368271,-0.8592505,-0.11303422,0.08440962,-0.9904976,-0.10858012
ㅜ,0.0,0.0,0.0,-0.1344924,0.096222535,-0.022297762,-0.19229841,0.3142291,-0.058153637,-0.16787606,0.52867186,-0.0843135,-0.126525,0.68302625,-0.10874154,-0.21212961,0.3173979,-0.14474554,-0.20993806,0.6364659,-0.18922643,-0.20585577,0.8162691,-0.20144042,-0.20244123,0.956711,-0.20909698,-0.09552578,0.32184634,-0.15203749,-0.08088573,0.5977066,-0.20362802,-0.089619875,0.5330358,-0.18239021,-0.094490275,0.4368938,-0.16005862,0.01155401,0.32242832,-0.15231092,-0.000293061,0.55174416,-0.17546287,-0.011195963,0.4880034,-0.118221074,-0.01349959,0.40624323,-0.07724942,0.10076287,0.32178175,-0.1546808,0.069128565,0.51151353,-0.15048794,0.058638286,0.45680168,-0.10181419,0.06398371,0.3934161,-0.06699512
ㅣ,0.0,0.0,0.0,-0.13834977,-0.07493507,-0.06671362,-0.23881382,-0.26996905,-0.097960465,-0.19624606,-0.43639016,-0.12972207,-0.07885808,-0.49707702,-0.14145894,-0.21234536,-0.5677266,-0.040640272,-0.23433968,-0.7346766,-0.11860293,-0.21337987,-0.5402444,-0.14938648,-0.20531116,-0.4524155,-0.155049,-0.109221786,-0.58437556,-0.04576229,-0.12621619,-0.7389424,-0.1292073,-0.12161148,-0.52466697,-0.14053234,-0.12944376,-0.4660014,-0.12786889,-0.0065176985,-0.5646963,-0.06599294,-0.016218739,-0.69813234,-0.14866579,-0.044864852,-0.48018405,-0.13085458,-0.06357105,-0.3609502,-0.0939967,0.09263268,-0.531184,-0.09296715,0.094302684,-0.7316849,-0.1294132,0.09854907,-0.8520549,-0.12416251,0.1015213,-0.9885188,-0.11191087
ㅜ,0.0,0.0,0.0,-0.13500722,0.09423387,-0.024974678,-0.19337268,0.315778,-0.061134942,-0.16989675,0.5337184,-0.086702794,-0.13764532,0.68870646,-0.1102161,-0.21237373,0.31810027,-0.1486592,-0.2111939,0.64129186,-0.19212458,-0.20752098,0.81864583,-0.20198646,-0.20358005,0.9568246,-0.20746529,-0.09512786,0.3214814,-0.15541641,-0.08104515,0.6075066,-0.20837843,-0.091346644,0.5388452,-0.18600655,-0.09630849,0.43817177,-0.16162577,0.0120338155,0.32276365,-0.15550774,-0.00049642543,0.5615694,-0.1810756,-0.011829987,0.49318984,-0.124643676,-0.013873887,0.4088161,-0.08305025,0.1015059,0.32413492,-0.15751664,0.067929,0.5212599,-0.15550774,0.057195608,0.4654012,-0.107659325,0.06386473,0.40004593,-0.07277745
ㅜ,0.0,0.0,0.0,-0.13721082,0.1063644,-0.010717662,-0.18504785,0.3184634,-0.038966402,-0.16432662,0.5214876,-0.06053817,-0.1171801,0.6563293,-0.08204144,-0.20435742,0.3474624,-0.119523816,-0.19169416,0.6502726,-0.15933457,-0.18744315,0.8262843,-0.17239176,-0.18718651,0.9653898,-0.18161395,-0.09097808,0.35749847,-0.12792423,-0.07503392,0.5966655,-0.1668219,-0.08269449,0.53702766,-0.14509034,-0.08914024,0.4466083,-0.12555021,0.014766054,0.35409984,-0.1293852,0.0030955272,0.5330475,-0.14089012,-0.004550721,0.48166475,-0.08651559,-0.006815861,0.40844145,-0.050950717,0.10236612,0.34435934,-0.13239838,0.06972227,0.48389786,-0.11797156,0.060780205,0.43273982,-0.069669075,0.06767548,0.3777819,-0.037414145
ㅜ,0.0,0.0,0.0,-0.13926288,0.09994201,-0.02310227,-0.20104149,0.3199426,-0.055918265,-0.18352146,0.535037,-0.076256216,-0.14897546,0.68237716,-0.09545672,-0.20476668,0.32228318,-0.15114723,-0.20563948,0.64119554,-0.19073117,-0.20409596,0.81913465,-0.19928496,-0.20301183,0.9574532,-0.20510878,-0.08352001,0.33624133,-0.15387715,-0.09227872,0.61094254,-0.19473507,-0.10802979,0.5476972,-0.16643481,-0.11111454,0.45008966,-0.14113748,0.021460373,0.34281698,-0.14932726,-0.0064449846,0.55883425,-0.1640689,-0.018269837,0.50283384,-0.10810537,-0.016152743,0.4238095,-0.070204884,0.10740405,0.34769633,-0.14659734,0.060762707,0.5184286,-0.14040951,0.05016671,0.46590507,-0.09545672,0.060290344,0.40309477,-0.06433554
ㅜ,0.0,0.0,0.0,-0.13756998,0.101286985,-0.021384828,-0.19709294,0.32313228,-0.053507756,-0.17988506,0.5357714,-0.07429319,-0.14939566,0.6794213,-0.093788154,-0.20821775,0.32676795,-0.14655825,-0.2090387,0.64510864,-0.18527168,-0.2087804,0.8208065,-0.19264567,-0.2088969,0.9578376,-0.19725442,-0.089967266,0.3368387,-0.15089048,-0.0887835,0.6103544,-0.19153959,-0.102135874,0.548526,-0.16342625,-0.10588001,0.45285976,-0.13817033,0.015422626,0.33999693,-0.14794087,-0.004113247,0.5576373,-0.16232014,-0.015893346,0.50248975,-0.10600133,-0.01526351,0.42585227,-0.06784095,0.10213529,0.34339896,-0.14692695,0.06429314,0.52110034,-0.13872339,0.053474616,0.46812034,-0.092129014,0.061908875,0.40509453,-0.059959996
ㅠ,0.0,0.0,0.0,-0.1073326,0.14100708,-0.033559304,-0.12470311,0.3317185,-0.07802244,-0.06513866,0.4741888,-0.111664526,-0.0036087623,0.5520735,-0.14518031,-0.09306944,0.356914,-0.17398028,-0.102764785,0.64059806,-0.22905397,-0.10492387,0.8032824,-0.24875921,-0.10481156,0.93231153,-0.25701186,0.017398382,0.33407694,-0.17448555,0.06789419,0.63564265,-0.22652763,0.09691498,0.81941926,-0.23781185,0.12490671,0.9621548,-0.24219078,0.113460675,0.30302906,-0.1644645,0.10619243,0.52641004,-0.20412764,0.06309189,0.48629066,-0.17650661,0.039634887,0.40861273,-0.14543293,0.18729277,0.27591154,-0.15478031,0.15582211,0.4652265,-0.17296976,0.11730282,0.43698016,-0.13835925,0.10888573,0.36962217,-0.104338214
ㅠ,0.0,0.0,0.0,-0.11226577,0.13148199,-0.023784386,-0.14413881,0.32677305,-0.067499526,-0.09008985,0.47539142,-0.10199644,-0.028724356,0.5726889,-0.13570133,-0.13808088,0.3624793,-0.1728383,-0.1348753,0.6560314,-0.22440761,-0.13324511,0.8181802,-0.24429616,-0.13001698,0.9448771,-0.2545044,-0.02663081,0.33480594,-0.18040651,0.030247794,0.65282583,-0.22475967,0.0576643,0.8342139,-0.23144783,0.082343966,0.9677348,-0.23813601,0.07124594,0.30373648,-0.1765344,0.09542791,0.5459658,-0.2041671,0.056231312,0.49319643,-0.1657101,0.029565902,0.4090915,-0.13508531,0.14657465,0.27587497,-0.1732783,0.14302027,0.4698382,-0.18251853,0.11356009,0.42692897,-0.13992542,0.101838976,0.35711086,-0.10516452
ㅠ,0.0,0.0,0.0,-0.10771703,0.13200186,-0.02510113,-0.1363599,0.33838245,-0.068474986,-0.083134115,0.49732068,-0.10102205,-0.027700419,0.6023535,-0.13232413,-0.13421404,0.36584818,-0.18087795,-0.11799072,0.6671878,-0.2331667,-0.117449336,0.8288887,-0.25130767,-0.119937934,0.95371926,-0.26020032,-0.028295392,0.32831568,-0.18692495,0.02732735,0.6603278,-0.2320996,0.058000118,0.8376745,-0.23494521,0.08430225,0.9674322,-0.23868012,0.07088942,0.2923946,-0.18114473,0.10229765,0.5518114,-0.21057938,0.06498763,0.500837,-0.16985108,0.037571594,0.41589215,-0.13748188,0.15206671,0.26241824,-0.175987,0.1550107,0.46805438,-0.18816991,0.12660615,0.42650947,-0.14664128,0.114509575,0.35620928,-0.11222678
ㅠ,0.0,0.0,0.0,-0.11295705,0.11867585,-0.031345855,-0.15030557,0.32764563,-0.076148346,-0.11005086,0.5013963,-0.108106285,-0.06720557,0.6233733,-0.13835455,-0.14083724,0.3449594,-0.191837,-0.13602409,0.64767575,-0.2439166,-0.1409254,0.80952525,-0.2603997,-0.1464928,0.93404245,-0.26829055,-0.03349448,0.31531554,-0.19446729,0.009219571,0.6489729,-0.24058492,0.029807465,0.83194256,-0.2439166,0.048480764,0.9672437,-0.24917717,0.06623446,0.28736752,-0.18499824,0.090439275,0.55614114,-0.21586025,0.05225871,0.5027519,-0.1752662,0.02719674,0.4155214,-0.1440535,0.14561166,0.26506922,-0.17666902,0.14244185,0.4737872,-0.19131094,0.111436166,0.43112338,-0.15168132,0.09963036,0.35826772,-0.119328834
ㄷ,0.0,0.0,0.0,-0.10330125,-0.2855578,0.05902706,-0.29248336,-0.38419515,0.097512975,-0.42443645,-0.344939,0.13177139,-0.487294,-0.26375863,0.16446404,-0.4317202,-0.33984658,0.001958751,-0.6657945,-0.41224483,0.022717537,-0.79321545,-0.43839002,0.037200637,-0.89110535,-0.45150664,0.04553038,-0.4660859,-0.16288473,-0.004804271,-0.70227987,-0.14627503,0.043025196,-0.83504236,-0.13336365,0.06701234,-0.932991,-0.11491101,0.07358845,-0.44854197,-0.0018335604,0.00031668023,-0.5133843,-0.070465825,0.07083275,-0.45134735,-0.11536777,0.1011455,-0.3809987,-0.11787696,0.109287344,-0.4098803,0.11318965,0.007447651,-0.4344626,0.038791306,0.059747305,-0.38712934,0.0006988977,0.08667805,-0.33024868,0.0010177778,0.101959676
ㅠ,0.0,0.0,0.0,-0.11327096,0.117657475,-0.031889275,-0.15726595,0.32586336,-0.07681884,-0.12759969,0.50176334,-0.10859778,-0.08977105,0.6257096,-0.1382465,-0.14524682,0.3376757,-0.19406612,-0.14395492,0.6406779,-0.24936406,-0.14863008,0.8048803,-0.2695356,-0.15395467,0.93278897,-0.28031698,-0.03737989,0.3072468,-0.19719619,0.0044873357,0.6478589,-0.24519062,0.024586521,0.8300201,-0.24936406,0.042505965,0.9659333,-0.25527638,0.06251519,0.27949455,-0.18850154,0.087761745,0.5567808,-0.2211934,0.047488805,0.5038044,-0.18050247,0.020010358,0.4153808,-0.14876702,0.14119954,0.25851417,-0.18067637,0.139587,0.47086266,-0.19858731,0.10767424,0.4296064,-0.16067868,0.09333743,0.35739562,-0.12894323
ㅠ,0.0,0.0,0.0,-0.116354086,0.1140562,-0.033884082,-0.16280514,0.3253034,-0.08121527,-0.13296373,0.50379664,-0.11462042,-0.09965089,0.6349215,-0.14576964,-0.15428314,0.33089247,-0.202515,-0.15796833,0.63535553,-0.2592604,-0.16181731,0.80045545,-0.27991083,-0.16477749,0.9301529,-0.2911905,-0.045041602,0.29908657,-0.20529155,-0.0067737275,0.6418833,-0.2557897,0.011901205,0.8252291,-0.26099575,0.03040759,0.96290815,-0.26811057,0.05480997,0.27353346,-0.19557369,0.0743163,0.55456156,-0.2290656,0.03457566,0.5009616,-0.18672349,0.008931599,0.41253418,-0.15418601,0.13330455,0.25680593,-0.18689701,0.12466597,0.4725166,-0.20390327,0.09380955,0.4317631,-0.16407739,0.0822386,0.35940424,-0.13145314
ㄷ,0.0,0.0,0.0,-0.12491091,-0.24495721,0.05911993,-0.31177163,-0.30400872,0.063686736,-0.44315434,-0.25137612,0.055694826,-0.5215367,-0.14846826,0.047209207,-0.4110014,-0.37885126,-0.02504193,-0.63306326,-0.4339332,-0.046595383,-0.7623315,-0.4737169,-0.061190635,-0.8658025,-0.4952561,-0.07146595,-0.438587,-0.22967395,-0.063258044,-0.6868168,-0.18868156,-0.05856781,-0.8358958,-0.15792511,-0.059493516,-0.9449986,-0.12293165,-0.06949111,-0.43242574,-0.071066454,-0.0885606,-0.55999357,-0.016973281,-0.046471953,-0.4968652,-0.038982514,-0.00044377617,-0.42654505,-0.05660307,0.019468969,-0.40222716,0.066867374,-0.114295155,-0.46271813,0.08574302,-0.059987225,-0.41036806,0.06707634,-0.005015882,-0.3605015,0.05956209,0.029605417
ㄷ,0.0,0.0,0.0,-0.097461484,-0.26795745,0.07971371,-0.2796758,-0.32701564,0.1172087,-0.41004583,-0.28011176,0.13856427,-0.48556945,-0.18108258,0.15795611,-0.39386943,-0.38221303,0.04801786,-0.6192633,-0.45133847,0.058174036,-0.7454142,-0.49666837,0.063021995,-0.848601,-0.5248891,0.06609032,-0.45456627,-0.24449013,0.019129535,-0.68055505,-0.19731696,0.047772393,-0.8230034,-0.16495587,0.0437222,-0.92326343,-0.13722378,0.033780813,-0.47355074,-0.08504878,0.0025011066,-0.52170455,0.021614349,0.060628694,-0.4482007,0.013193136,0.07462028,-0.37953496,-0.012598044,0.07308611,-0.46302226,0.05715831,-0.011315967,-0.4668837,0.13996351,0.04952134,-0.3876575,0.12675123,0.07903867,-0.32117146,0.09976603,0.09554628
ㄷ,0.0,0.0,0.0,-0.08474246,-0.29347914,0.03385803,-0.2605943,-0.43582433,0.07934771,-0.38212085,-0.37554756,0.12705714,-0.42255056,-0.2665466,0.17507923,-0.4485248,-0.3332935,0.020711362,-0.668976,-0.42646405,0.06771735,-0.7808171,-0.46038088,0.10054495,-0.86855525,-0.48108014,0.11905347,-0.4817601,-0.14800432,0.036265388,-0.7034658,-0.16392545,0.10892381,-0.8216712,-0.16696785,0.14819187,-0.90422904,-0.15559156,0.16607508,-0.45717254,0.0031088172,0.057400104,-0.50248486,-0.09836139,0.13381025,-0.43004608,-0.14405672,0.14318956,-0.35833317,-0.14096887,0.1395629,-0.4213616,0.10242488,0.079785414,-0.43527928,0.011712655,0.12105439,-0.38039044,-0.017959507,0.12074175,-0.32084677,-0.0074725966,0.11755278
ㄷ,0.0,0.0,0.0,-0.101889834,-0.2705469,0.029221049,-0.2900201,-0.3537691,0.023685213,-0.43366307,-0.29637766,0.01696206,-0.5238537,-0.19866149,0.009444896,-0.37025258,-0.3667012,-0.08079818,-0.59931934,-0.45219395,-0.10104183,-0.7302718,-0.5029413,-0.11255877,-0.83796215,-0.5317943,-0.122532174,-0.4024943,-0.1980424,-0.09860785,-0.6514891,-0.19874011,-0.09676752,-0.80336535,-0.19403198,-0.09480845,-0.91635215,-0.16473508,-0.10484123,-0.4029153,-0.04055782,-0.10211042,-0.56350005,-0.08551766,-0.06720347,-0.50675476,-0.1386453,-0.020245306,-0.42890415,-0.145442,0.00034851546,-0.38526645,0.0844574,-0.10638473,-0.47789282,0.007975734,-0.070290476,-0.4347703,-0.034839537,-0.023094855,-0.3804014,-0.028297693,0.007430178
ㄷ,0.0,0.0,0.0,-0.10732067,-0.26436493,0.04361721,-0.3057244,-0.34434932,0.051126126,-0.4480945,-0.2919834,0.06409884,-0.5249288,-0.19090019,0.07466015,-0.41389757,-0.29788372,-0.107568294,-0.65234584,-0.37049472,-0.11446673,-0.78534335,-0.4082031,-0.12276925,-0.89152086,-0.43211496,-0.1358946,-0.4360326,-0.11660259,-0.107507244,-0.69253826,-0.09263522,-0.08589623,-0.84123343,-0.06721737,-0.074602336,-0.9524296,-0.029649058,-0.08449212,-0.41779426,0.031256225,-0.085957274,-0.54486907,-0.032448255,0.00027476656,-0.49086136,-0.09492319,0.071607746,-0.42090046,-0.1089287,0.09553858,-0.38457054,0.13712199,-0.06550618,-0.45528686,0.061794713,0.011979062,-0.41555253,0.020179862,0.07111937,-0.36338428,0.021725567,0.10194862
ㄷ,0.0,0.0,0.0,-0.1566048,-0.19916074,0.027039608,-0.36717778,-0.2150643,-0.022235163,-0.53060406,-0.18587023,-0.053242415,-0.6529793,-0.15517563,-0.08339402,-0.38173944,-0.23114373,-0.28489363,-0.59419173,-0.29973146,-0.34291506,-0.7220056,-0.339167,-0.3683402,-0.8368196,-0.35998872,-0.39267877,-0.36852533,-0.057287008,-0.29163018,-0.6305781,-0.005439496,-0.3559536,-0.7956752,0.044502128,-0.36486328,-0.9183319,0.09338015,-0.38463837,-0.3421278,0.096413754,-0.26098964,-0.5209346,0.08554487,-0.20731437,-0.4636203,0.026284045,-0.08285075,-0.3935224,-0.0022457666,-0.024435414,-0.30822912,0.22710449,-0.23187028,-0.4324623,0.16351233,-0.15211794,-0.38910556,0.09996407,-0.049548168,-0.3372287,0.08931508,0.009064096
ㅐ,0.0,0.0,0.0,-0.12802915,-0.093189314,-0.04182549,-0.21616717,-0.31763685,-0.06458802,-0.21872146,-0.53200144,-0.09423583,-0.113339886,-0.60131776,-0.12116035,-0.18557057,-0.5154466,-0.0065898183,-0.23875989,-0.7280435,-0.02820908,-0.2716811,-0.8579699,-0.025948243,-0.29417914,-0.95549846,-0.021940393,-0.1037431,-0.54710686,-0.016211227,-0.12729745,-0.7541603,-0.07491594,-0.1309088,-0.5938417,-0.07393966,-0.14247285,-0.5019015,-0.04621871,-0.03090436,-0.5552452,-0.032550912,-0.05860384,-0.7313998,-0.097472936,-0.084526785,-0.54790574,-0.07393966,-0.08923404,-0.40533236,-0.03144619,0.050044555,-0.54626775,-0.05436286,0.05786994,-0.73886883,-0.08611736,0.056395665,-0.8661485,-0.0815443,0.05171321,-0.98551357,-0.0696749
ㄷ,0.0,0.0,0.0,-0.11345653,-0.26408836,0.03459635,-0.3023332,-0.33951858,0.040595815,-0.44406176,-0.2726647,0.045041017,-0.52319634,-0.16221282,0.04687505,-0.43062738,-0.29839376,-0.06577813,-0.66822565,-0.37875026,-0.076844506,-0.7994075,-0.40751624,-0.082750715,-0.9032451,-0.4200887,-0.08760003,-0.45484644,-0.1079553,-0.07640931,-0.7045238,-0.087682314,-0.062141154,-0.854925,-0.064650066,-0.057478353,-0.9629914,-0.027524076,-0.063975185,-0.43419224,0.055089258,-0.07274124,-0.53084004,0.0060029286,-0.021279503,-0.47919017,-0.05152794,0.0197842,-0.41177422,-0.06666041,0.03611953,-0.39788023,0.17136505,-0.06969488,-0.44564205,0.10077561,-0.01768915,-0.4008294,0.062561326,0.029109797,-0.34363216,0.06209705,0.058873985
ㅐ,0.0,0.0,0.0,-0.13154821,-0.07919757,-0.038895067,-0.21813151,-0.3189536,-0.049626537,-0.22566496,-0.5264551,-0.06823973,-0.1270092,-0.5862074,-0.08400318,-0.16522981,-0.5287941,0.012727658,-0.20514433,-0.7392167,-0.0076441593,-0.23236379,-0.8636478,-0.006212869,-0.25745413,-0.9662851,-0.0032203172,-0.08540339,-0.546481,-0.0011070778,-0.10700381,-0.75582075,-0.07912523,-0.117807575,-0.6022524,-0.0963264,-0.12536423,-0.47468853,-0.074760765,-0.012283561,-0.54300666,-0.022143194,-0.04636467,-0.7210385,-0.10823884,-0.08175091,-0.54885954,-0.10510668,-0.09524647,-0.40796676,-0.068291076,0.06178435,-0.52725863,-0.04675112,0.054547925,-0.71603084,-0.09021614,0.04726393,-0.84185416,-0.09658313,0.038173795,-0.9642542,-0.089754015
ㄷ,0.0,0.0,0.0,-0.13663025,-0.24420857,0.15178946,-0.3092946,-0.27750018,0.20947233,-0.43837798,-0.24546754,0.24888067,-0.5156044,-0.15922701,0.28542975,-0.43640783,-0.34591886,0.051061958,-0.65984845,-0.40090856,0.07719952,-0.7828721,-0.43728945,0.08385044,-0.88641095,-0.45491752,0.08559088,-0.45713866,-0.18151323,0.0076055517,-0.7026383,-0.13900091,0.060727563,-0.8459803,-0.096000426,0.06625965,-0.94502944,-0.06096569,0.052895624,-0.44249162,0.0029389197,-0.008633298,-0.50716716,0.05319852,0.11306484,-0.43797785,0.03680361,0.16645882,-0.3768967,0.02329393,0.1740421,-0.40865344,0.15513696,-0.017141214,-0.42529064,0.17401673,0.1138729,-0.3594369,0.1502207,0.18386313,-0.30375096,0.14232597,0.21655838
ㄷ,0.0,0.0,0.0,-0.12965776,-0.2619675,0.020610448,-0.33585483,-0.3047896,0.0060357363,-0.48029777,-0.21050797,-0.0066051744,-0.5578988,-0.08852494,-0.021558402,-0.41427913,-0.2988361,-0.112432055,-0.6465832,-0.36106196,-0.13827603,-0.7806176,-0.40026447,-0.15446599,-0.89143676,-0.42098856,-0.16765781,-0.42672434,-0.1244331,-0.12568383,-0.6811479,-0.0900731,-0.12820227,-0.8381378,-0.058741577,-0.12748271,-0.95635575,-0.0071111373,-0.13791625,-0.40633154,0.034166425,-0.12274565,-0.5529859,0.013552937,-0.08676796,-0.5015353,-0.055230726,-0.034600314,-0.42767885,-0.07527483,-0.01024042,-0.3721322,0.15771787,-0.12118662,-0.47585845,0.100323595,-0.080471866,-0.43546808,0.046944674,-0.025306076,-0.37909022,0.04288265,0.010394284
ㅐ,0.0,0.0,0.0,-0.121897064,-0.106299266,-0.0487667,-0.19399717,-0.32534224,-0.07241043,-0.14521804,-0.5095843,-0.099609785,-0.03759819,-0.5697168,-0.12312375,-0.17658234,-0.5433742,-0.016156005,-0.20735435,-0.7483788,-0.04222639,-0.22049852,-0.87019724,-0.045885846,-0.22086261,-0.97413766,-0.047702603,-0.07578544,-0.5669722,-0.024876416,-0.08616555,-0.75066936,-0.09338093,-0.09263992,-0.57340586,-0.10189371,-0.10108231,-0.47641975,-0.08201326,0.011823329,-0.56049895,-0.040176056,0.010048758,-0.72477734,-0.11243086,-0.023683596,-0.53949726,-0.09358856,-0.03965793,-0.4084998,-0.054813884,0.10029094,-0.53664726,-0.060783215,0.10862152,-0.7243249,-0.09571675,0.104354896,-0.8410129,-0.088865,0.09728444,-0.9675758,-0.07594011
ㅐ,0.0,0.0,0.0,-0.12939304,-0.10704142,-0.04977582,-0.20767376,-0.3286481,-0.07632803,-0.18497682,-0.531585,-0.106725015,-0.07901557,-0.6004095,-0.13428357,-0.18808848,-0.51840085,-0.020591615,-0.24455355,-0.727824,-0.046653543,-0.27672327,-0.8530165,-0.04871786,-0.29582405,-0.9540216,-0.04827919,-0.09429543,-0.55221605,-0.027197408,-0.11276996,-0.75586396,-0.089591235,-0.1153489,-0.5967515,-0.09175876,-0.124834545,-0.50785106,-0.067554705,-0.012021638,-0.55891395,-0.04053802,-0.028986914,-0.73272866,-0.10713788,-0.05802277,-0.55042744,-0.083811164,-0.06824738,-0.40973336,-0.042318493,0.073812746,-0.5472747,-0.05971032,0.07181722,-0.73435825,-0.09242966,0.06006949,-0.85529965,-0.08623672,0.046166427,-0.9769248,-0.073747635
ㅡ,0.0,0.0,0.0,-0.14957722,-0.20211056,0.052851085,-0.3368993,-0.24774915,0.061703954,-0.4577942,-0.18515304,0.05907471,-0.5230045,-0.080513775,0.052318577,-0.49884054,-0.2952128,-0.013354077,-0.7448571,-0.23633744,-0.005861587,-0.8779576,-0.20910092,0.0073802774,-0.9804656,-0.19626713,0.01289668,-0.511607,-0.1314228,-0.040503435,-0.6161618,-0.0336024,-0.013537125,-0.566345,-0.024199804,0.016607564,-0.5170428,-0.03918527,0.028722018,-0.48208192,0.03355908,-0.056711502,-0.52101904,0.0643877,-0.015667139,-0.46236095,0.0569092,0.021849394,-0.40492988,0.036419924,0.03283228,-0.43791524,0.16171807,-0.07062316,-0.45645544,0.15483311,-0.016108118,-0.40304172,0.1414397,0.030053278,-0.35136628,0.12184101,0.056512043
ㅡ,0.0,0.0,0.0,-0.15508224,-0.19647028,0.053438947,-0.3413019,-0.24083595,0.06029093,-0.46078476,-0.18462266,0.05458094,-0.52625173,-0.082165755,0.044773195,-0.5013763,-0.29112452,-0.015030559,-0.749445,-0.22749968,-0.00906026,-0.8815174,-0.19762734,0.003932067,-0.98325783,-0.1819884,0.009178121,-0.5127798,-0.1266836,-0.045914892,-0.61574155,-0.02803391,-0.02472075,-0.56148154,-0.025423007,0.0031133553,-0.50623316,-0.04296304,0.014896508,-0.48311442,0.037766784,-0.06573192,-0.5140519,0.069330625,-0.026517717,-0.45422286,0.05988689,0.011504102,-0.39759237,0.038602665,0.022890495,-0.43908742,0.1672351,-0.083701596,-0.4520124,0.15945476,-0.028650567,-0.3985692,0.14555703,0.01835609,-0.34662876,0.12663594,0.045344193
ㅡ,0.0,0.0,0.0,-0.15729897,-0.19820963,0.05325944,-0.34833372,-0.23851877,0.062063728,-0.4693039,-0.17714295,0.058662068,-0.5344326,-0.07297614,0.051091723,-0.49979165,-0.2861662,-0.010438203,-0.7438135,-0.22230676,-0.00078298675,-0.8785284,-0.19427092,0.01303988,-0.9832109,-0.1816292,0.017525395,-0.5074293,-0.11915721,-0.04081964,-0.62290764,-0.043753106,-0.017741755,-0.5668671,-0.04774717,0.010580352,-0.50326127,-0.066127874,0.022394432,-0.47616574,0.04555626,-0.060295776,-0.5399519,0.0685194,-0.01919246,-0.48236483,0.05622106,0.021727439,-0.41914907,0.034278296,0.034283545,-0.42867562,0.17655362,-0.07797104,-0.46577477,0.16540241,-0.023411179,-0.41639706,0.15288273,0.024278682,-0.36179638,0.13698193,0.05112507
ㅡ,0.0,0.0,0.0,-0.11980853,-0.23281793,0.049325515,-0.29909483,-0.31621057,0.056404,-0.43754846,-0.3071295,0.05547515,-0.525224,-0.23445612,0.050574657,-0.42237526,-0.38071278,-0.026664155,-0.6724965,-0.39053756,-0.020978943,-0.80992496,-0.389706,-0.0074265175,-0.92057484,-0.39056608,0.000112894515,-0.4529059,-0.21435323,-0.048107807,-0.58185637,-0.20632434,-0.026840314,-0.5128275,-0.21943885,0.008115732,-0.4312893,-0.2256609,0.0284744,-0.4475381,-0.050930906,-0.05803692,-0.5073691,-0.07642556,-0.018272461,-0.4477597,-0.08260135,0.02253295,-0.37631446,-0.08105559,0.038595673,-0.4258833,0.07979478,-0.0648912,-0.46321762,0.035254277,-0.008711697,-0.41398153,0.033198502,0.039844822,-0.35411152,0.04001136,0.06892748
ㅡ,0.0,0.0,0.0,-0.1284642,-0.22938803,0.05458906,-0.31027713,-0.3026304,0.063789055,-0.44577155,-0.28641742,0.06420723,-0.5319703,-0.2043352,0.060250595,-0.44043145,-0.36866415,-0.025347924,-0.68812484,-0.3610409,-0.019123456,-0.82626075,-0.35066637,-0.0065257414,-0.93865854,-0.34484798,-0.00013314473,-0.46842772,-0.20449118,-0.049152102,-0.5964415,-0.17328417,-0.02425422,-0.52947384,-0.18174446,0.01146008,-0.4493366,-0.19408621,0.030720552,-0.45840785,-0.039301526,-0.060829006,-0.51737255,-0.043447107,-0.01732206,-0.45745417,-0.048147716,0.023611467,-0.38660535,-0.051366627,0.03789397,-0.43248197,0.09425192,-0.06928914,-0.47050643,0.06771427,-0.011523814,-0.41971892,0.066408575,0.036221243,-0.35931107,0.068309456,0.06382122
ㄹ,0.0,0.0,0.0,-0.09194687,-0.30492207,0.07456662,-0.27965143,-0.38172886,0.11662265,-0.40342987,-0.34700802,0.15688908,-0.47497085,-0.26695868,0.19113046,-0.375317,-0.40119678,-0.004829066,-0.5766554,-0.4898081,-0.009843727,-0.70414317,-0.55718464,-0.009605111,-0.8065376,-0.59110993,-0.009284471,-0.41858286,-0.24198426,-0.029559357,-0.6618951,-0.25947112,-0.024250157,-0.8077565,-0.281439,-0.025204618,-0.911211,-0.28821796,-0.029797971,-0.42455313,-0.08221113,-0.04172876,-0.63365966,-0.06928331,-0.03504752,-0.75792694,-0.077044584,-0.060818028,-0.8447868,-0.064191915,-0.084888406,-0.39337215,0.03139849,-0.04262357,-0.41990358,-0.03398142,-0.02439929,-0.35631204,-0.10754278,-0.019626973,-0.30212343,-0.12937531,-0.021312196
ㄹ,0.0,0.0,0.0,-0.119001426,-0.2781992,0.15208837,-0.29447427,-0.32475173,0.21905999,-0.42503345,-0.27774847,0.27767503,-0.51631004,-0.20674655,0.33664832,-0.3914203,-0.37059966,0.035096943,-0.59613645,-0.45111093,0.055122774,-0.71100837,-0.522047,0.07210443,-0.8104803,-0.5802549,0.08016252,-0.42182952,-0.2232464,0.0013117474,-0.66202766,-0.24269941,-0.009028527,-0.8106319,-0.24613392,-0.025726665,-0.91254777,-0.23805355,-0.042738173,-0.4226677,-0.053849824,-0.0031658981,-0.63802814,-0.018091341,0.024740813,-0.75764596,0.005148256,0.026621033,-0.8489246,0.038221456,0.01719009,-0.405424,0.07915543,0.013183431,-0.46982342,0.056410648,0.08804153,-0.4016007,0.004269092,0.13155518,-0.347679,-0.017131599,0.14862637
ㄹ,0.0,0.0,0.0,-0.119901806,-0.24368134,0.04631027,-0.28602725,-0.311166,0.044482555,-0.41615212,-0.21291856,0.050050046,-0.499949,-0.12582922,0.053621106,-0.33950326,-0.3877526,-0.11596228,-0.53486377,-0.49437752,-0.14059418,-0.6559235,-0.56314224,-0.1480175,-0.76304716,-0.62698114,-0.15701546,-0.3530943,-0.22801659,-0.1427312,-0.5996689,-0.2833279,-0.20324247,-0.7559996,-0.2977404,-0.2352977,-0.8719973,-0.30745548,-0.25914225,-0.36200255,-0.06250744,-0.14779255,-0.6043092,-0.0234077,-0.19953081,-0.7421979,-0.0020640902,-0.225175,-0.8433801,0.022115475,-0.24024655,-0.36679062,0.07787282,-0.13890707,-0.49020362,0.03272657,-0.14104408,-0.42142165,-0.00965388,-0.113937736,-0.36009723,-0.010364704,-0.09931606
ㄹ,0.0,0.0,0.0,-0.112333976,-0.274514,0.023449238,-0.3029108,-0.33716148,0.016533455,-0.446058,-0.24413323,0.021651996,-0.53520775,-0.16462077,0.022773476,-0.3582079,-0.39781418,-0.13009265,-0.5598461,-0.4801467,-0.14562082,-0.6825763,-0.53708476,-0.15045181,-0.7919174,-0.5891061,-0.16068889,-0.37212875,-0.22015214,-0.14918655,-0.6173472,-0.24377854,-0.19059499,-0.7728391,-0.25646386,-0.22487195,-0.8919659,-0.2642678,-0.25880387,-0.37394327,-0.0518431,-0.14861144,-0.61813885,0.0006884492,-0.19001988,-0.7538872,0.018371267,-0.22648227,-0.84626853,0.044120453,-0.25719354,-0.37372097,0.07508312,-0.13641895,-0.49365517,0.011754759,-0.14757623,-0.43076393,-0.04544219,-0.13883446,-0.3693267,-0.06413862,-0.14090487
ㄱ,0.0,0.0,0.0,-0.14121965,0.09004339,-0.02287164,-0.28632692,0.23935749,-0.086608425,-0.417909,0.2915187,-0.14376983,-0.53695536,0.28800094,-0.21132419,-0.22524421,0.26771912,-0.21369453,-0.1923246,0.61452955,-0.2765994,-0.17224401,0.7974167,-0.29957336,-0.15143521,0.93573624,-0.31853598,-0.108342126,0.24368261,-0.24031515,-0.07990461,0.63133,-0.30814302,-0.09632887,0.5807339,-0.29556203,-0.11378008,0.48053053,-0.2880864,0.007755252,0.21988918,-0.2567251,0.017690929,0.57956576,-0.3101487,-0.001386901,0.49592894,-0.25690746,-0.014266192,0.3765769,-0.22044085,0.11423818,0.2054869,-0.27349976,0.107810505,0.48380873,-0.31780666,0.08079089,0.42936316,-0.28498673,0.06752366,0.33635628,-0.25982475
ㄹ,0.0,0.0,0.0,-0.11406908,-0.29267877,0.06585741,-0.30541292,-0.35120672,0.0957051,-0.42560273,-0.27305117,0.12724456,-0.4837979,-0.18702349,0.15177527,-0.40555817,-0.3867309,-0.037340686,-0.61472726,-0.45382565,-0.025951438,-0.7347029,-0.5087453,-0.014584843,-0.83624405,-0.54822886,-0.011873474,-0.4406142,-0.20079708,-0.05906183,-0.67541224,-0.2171822,-0.050935283,-0.8156407,-0.24127908,-0.062596425,-0.9184589,-0.24410835,-0.08174971,-0.4368391,-0.024700161,-0.062717274,-0.6431856,0.008760224,-0.05803468,-0.7647426,0.010626674,-0.09310874,-0.84181696,0.03496745,-0.12760882,-0.41308197,0.10180968,-0.05311042,-0.44886014,0.024328414,-0.0335342,-0.39135027,-0.057644084,-0.029924082,-0.3395035,-0.08369627,-0.036676064
ㄱ,0.0,0.0,0.0,-0.14071408,0.08755273,-0.027628025,-0.29388148,0.21863653,-0.09293544,-0.42893186,0.25159967,-0.15043974,-0.53961444,0.2355619,-0.21802013,-0.23231848,0.2595796,-0.22870553,-0.23212148,0.60646147,-0.2958173,-0.22381592,0.7843298,-0.3186878,-0.21579812,0.9177204,-0.33349735,-0.117604,0.24435869,-0.2527008,-0.1264769,0.64623594,-0.31700057,-0.14256181,0.7334971,-0.30744,-0.16172345,0.7658017,-0.30350327,-0.0026198598,0.23079592,-0.26694798,-0.008870981,0.6120944,-0.32131228,-0.022397164,0.5495971,-0.27313423,-0.03134231,0.43586144,-0.23639151,0.10608825,0.2280175,-0.28138262,0.088003285,0.507845,-0.32843587,0.0656023,0.46484053,-0.29787937,0.05643142,0.37374,-0.27125964
ㄱ,0.0,0.0,0.0,-0.14092177,0.0663596,-0.034448586,-0.30041134,0.19085872,-0.094687805,-0.43934715,0.23517708,-0.14302346,-0.5529485,0.22939147,-0.19911449,-0.24256963,0.26742435,-0.21011627,-0.25812873,0.5969111,-0.26837152,-0.26545206,0.7732229,-0.28965366,-0.26437816,0.9148053,-0.30534473,-0.12925749,0.27524576,-0.22238052,-0.13704574,0.6314197,-0.28640726,-0.14556535,0.5397508,-0.2689126,-0.14965104,0.4080429,-0.25231978,-0.017934011,0.27863818,-0.22526623,-0.04190946,0.5863651,-0.27089652,-0.045496047,0.4979783,-0.21696982,-0.042579282,0.38454616,-0.17702076,0.08369213,0.2865623,-0.22887339,0.033326767,0.5303214,-0.25863227,0.02623103,0.45857358,-0.21805197,0.03786206,0.36806735,-0.1864895
ㄹ,0.0,0.0,0.0,-0.099064864,-0.28031847,0.12217847,-0.282112,-0.32808906,0.17035677,-0.4088832,-0.25060895,0.21327491,-0.49052438,-0.15336543,0.25200883,-0.36711904,-0.42607796,0.005924435,-0.5709103,-0.5055376,0.023565402,-0.68934906,-0.56286323,0.037866466,-0.79061466,-0.61069906,0.044441666,-0.40437764,-0.26754385,-0.029095983,-0.65001315,-0.31068814,-0.027228028,-0.7943452,-0.32584384,-0.03206977,-0.8982524,-0.33395478,-0.04223144,-0.42185482,-0.09327774,-0.039691024,-0.6479516,-0.05498779,-0.010775082,-0.7652158,-0.03944242,-0.0074613295,-0.8518274,-0.019815132,-0.015542103,-0.41631383,0.043757454,-0.03404233,-0.5051531,0.011969934,0.045457836,-0.43872407,-0.032167383,0.098687075,-0.38278773,-0.033748545,0.1216405
ㄹ,0.0,0.0,0.0,-0.09332324,-0.27311555,0.06631475,-0.271505,-0.35619688,0.084426895,-0.4050032,-0.32210597,0.10580612,-0.5025781,-0.25741252,0.12242803,-0.3375013,-0.4253738,-0.07416906,-0.5401929,-0.51210374,-0.08895683,-0.6662095,-0.5788328,-0.091994636,-0.76946235,-0.63145256,-0.09589218,-0.36856198,-0.2726427,-0.1037446,-0.618926,-0.31863952,-0.13033967,-0.76988596,-0.34174937,-0.14283475,-0.87587965,-0.35665375,-0.15613228,-0.38555458,-0.113381505,-0.11394702,-0.62697124,-0.083307,-0.12598357,-0.75271535,-0.07480976,-0.13377866,-0.842157,-0.06174275,-0.1446689,-0.38175094,0.01821628,-0.11222751,-0.48201624,-0.018187424,-0.08832634,-0.41735068,-0.05637634,-0.056228857,-0.3593037,-0.063649185,-0.041154504
ㄱ,0.0,0.0,0.0,-0.146747,0.07237749,-0.028852008,-0.30787212,0.22091633,-0.08219246,-0.44361657,0.28597802,-0.12710351,-0.5666739,0.28153542,-0.17946169,-0.27101526,0.25555038,-0.18110643,-0.28388616,0.591084,-0.23702826,-0.28585282,0.7749333,-0.25895837,-0.2799532,0.91955227,-0.2757714,-0.15153757,0.26417613,-0.19938155,-0.17332251,0.6325134,-0.27138543,-0.17338274,0.5347862,-0.26389265,-0.1692599,0.3933513,-0.25146556,-0.033373594,0.27440056,-0.20925008,-0.07450989,0.5966919,-0.2626134,-0.06916669,0.50115335,-0.2118086,-0.059293613,0.3796218,-0.17096373,0.078961305,0.29388872,-0.22003241,0.015219446,0.54788715,-0.25639987,0.012238332,0.4708971,-0.21838763,0.027040424,0.3694006,-0.1864976
ㄱ,0.0,0.0,0.0,-0.1316057,0.09538176,-0.026887588,-0.27672166,0.25106028,-0.086378984,-0.40545997,0.3109792,-0.13763241,-0.52145827,0.30465057,-0.19858012,-0.22528388,0.25411567,-0.20831783,-0.2190554,0.59807515,-0.27265638,-0.21671578,0.7819574,-0.2978701,-0.20957094,0.9249823,-0.31699777,-0.11084586,0.23485729,-0.23022771,-0.08464862,0.6197312,-0.3081295,-0.08856351,0.5303989,-0.29752234,-0.096383676,0.39495254,-0.2848285,0.002990532,0.21684736,-0.24239986,0.009204707,0.5718175,-0.3020434,-0.000545118,0.4788099,-0.25005093,-0.0069424463,0.35207784,-0.2090134,0.10900582,0.20889273,-0.2549198,0.09188282,0.48567164,-0.30152175,0.07645457,0.41645962,-0.26761362,0.07519412,0.3113235,-0.23857436
ㄹ,0.0,0.0,0.0,-0.118379645,-0.2760687,0.029034771,-0.30209702,-0.34086236,0.020098442,-0.44453058,-0.24725871,0.02371009,-0.5397675,-0.1663412,0.024509504,-0.35857177,-0.38304564,-0.1405841,-0.5616782,-0.46556324,-0.16022691,-0.6861816,-0.52204734,-0.16685061,-0.79877394,-0.57450616,-0.17861345,-0.37387043,-0.19977678,-0.1603411,-0.6219331,-0.23770306,-0.21230312,-0.7777951,-0.25942338,-0.25261652,-0.90035695,-0.2751859,-0.29030326,-0.37530273,-0.03411191,-0.15725763,-0.6217601,0.009715617,-0.20213912,-0.7576785,0.023468751,-0.23685658,-0.8519575,0.047848325,-0.2660924,-0.3756007,0.0851544,-0.14115512,-0.49042258,0.009251969,-0.15109071,-0.42722726,-0.060536414,-0.14001308,-0.37059072,-0.08432069,-0.1402415
ㄱ,0.0,0.0,0.0,-0.12973733,0.10063903,-0.026426576,-0.26965654,0.2556585,-0.087402195,-0.39720294,0.31127328,-0.14056155,-0.51541257,0.30406153,-0.20247862,-0.21481302,0.2771487,-0.20247862,-0.1914036,0.614258,-0.26868698,-0.1795205,0.79463387,-0.29741228,-0.16251744,0.93367183,-0.31913143,-0.10060849,0.2505223,-0.22542384,-0.060485728,0.6235737,-0.30249175,-0.070808485,0.5285692,-0.29496014,-0.08418643,0.3931103,-0.28515148,0.011437381,0.2243789,-0.2390859,0.030265123,0.57046956,-0.29758745,0.015162155,0.47304195,-0.24714299,0.0032740599,0.34826174,-0.20808357,0.11472565,0.20786037,-0.25309822,0.10918577,0.47657052,-0.29741228,0.090222314,0.40685818,-0.26290688,0.08387548,0.3049968,-0.2340064
ㄱ,0.0,0.0,0.0,-0.12234735,0.11021276,-0.027513865,-0.2543746,0.28061768,-0.08862419,-0.3784321,0.3520351,-0.14209302,-0.494778,0.36445954,-0.204697,-0.2036354,0.28481096,-0.20538972,-0.16055755,0.6176734,-0.2734488,-0.13678993,0.799259,-0.30167693,-0.1088371,0.94018704,-0.32280466,-0.09141708,0.24884573,-0.22876881,-0.030581944,0.6254452,-0.31102854,-0.046173073,0.5253135,-0.30410144,-0.067441195,0.38630682,-0.29267162,0.01819333,0.2124411,-0.24314259,0.058344014,0.5594124,-0.30617952,0.03817657,0.46004042,-0.2550919,0.018187983,0.3345561,-0.21352911,0.12098967,0.18642852,-0.25768957,0.13186108,0.45934144,-0.30514047,0.10856717,0.38829347,-0.27015847,0.09466445,0.2843248,-0.24002539
ㄹ,0.0,0.0,0.0,-0.1331999,-0.21663341,0.0016741278,-0.29672638,-0.25532502,-0.03801576,-0.42697182,-0.13301992,-0.05575921,-0.5061879,-0.0390626,-0.07118376,-0.30984667,-0.3262182,-0.23157826,-0.5221783,-0.41500285,-0.2920258,-0.6601612,-0.47208676,-0.3164133,-0.7833779,-0.51770604,-0.33433914,-0.30496716,-0.1453171,-0.24345933,-0.5696546,-0.18144232,-0.3510143,-0.7433173,-0.18763262,-0.40666783,-0.87482595,-0.19285315,-0.44439545,-0.30777556,0.03394367,-0.22907698,-0.5642567,0.09326092,-0.31870613,-0.72042936,0.12047048,-0.35351562,-0.82822824,0.15290897,-0.36935702,-0.3243686,0.17774023,-0.20104183,-0.46685636,0.116242155,-0.23199514,-0.4158539,0.045566466,-0.21208914,-0.36547464,0.019742023,-0.19833212
ㄹ,0.0,0.0,0.0,-0.12527537,-0.2974634,0.08700379,-0.31414104,-0.33952254,0.11610921,-0.4385713,-0.24831608,0.14683507,-0.51104915,-0.14952078,0.17139082,-0.41533756,-0.38378567,-0.053038795,-0.630169,-0.43468463,-0.03649171,-0.7517328,-0.48078772,-0.016532369,-0.8578717,-0.5138007,-0.008056272,-0.44864836,-0.19335744,-0.077532224,-0.7021487,-0.20941527,-0.07784385,-0.85057205,-0.22828661,-0.08737946,-0.9584948,-0.22169946,-0.10458095,-0.4457341,-0.014738512,-0.07715828,-0.6767948,0.037062313,-0.06961705,-0.8083807,0.049870286,-0.09167983,-0.8919014,0.08984608,-0.117731385,-0.42884177,0.113476984,-0.060330737,-0.47308856,0.038643695,-0.01904092,-0.40657377,-0.0431869,0.002577803,-0.34700853,-0.057433993,0.004918858
ㄱ,0.0,0.0,0.0,-0.14411333,0.061448872,-0.02353213,-0.30139998,0.1768353,-0.07867923,-0.43510774,0.20062113,-0.12636898,-0.54361266,0.17931555,-0.18352251,-0.2567769,0.26844785,-0.1905739,-0.28933865,0.5954452,-0.24420172,-0.3012676,0.7710009,-0.26257247,-0.30845338,0.910001,-0.2770464,-0.14777471,0.28054404,-0.21042918,-0.17989011,0.64182174,-0.2711084,-0.17874086,0.5742059,-0.2594179,-0.1750128,0.46450004,-0.24828407,-0.03501856,0.28551325,-0.22044961,-0.0723266,0.6153223,-0.2649848,-0.071253054,0.52925307,-0.21506825,-0.06430883,0.41481903,-0.1779556,0.07257782,0.29339054,-0.23047003,0.024554385,0.5512457,-0.26238692,0.016017219,0.48858777,-0.22545981,0.024781516,0.39859414,-0.19595523
ㄱ,0.0,0.0,0.0,-0.13573928,0.0784421,-0.025198422,-0.28362983,0.21321084,-0.08418833,-0.41184622,0.26062754,-0.13427028,-0.5229823,0.25340733,-0.19404553,-0.23203428,0.2743005,-0.20571335,-0.23536271,0.6024888,-0.26423207,-0.23743902,0.78208363,-0.28595218,-0.23307694,0.92410594,-0.3028257,-0.11895621,0.26745933,-0.22635646,-0.12486067,0.6372946,-0.29779953,-0.13143611,0.5518097,-0.2888243,-0.13204332,0.421579,-0.2766179,-0.005000137,0.25641185,-0.23604974,-0.018600918,0.5956046,-0.28559318,-0.024692053,0.5060461,-0.23353666,-0.0245888,0.38618946,-0.19386603,0.10295878,0.25129658,-0.24556354,0.07199299,0.51604354,-0.28020805,0.058835026,0.451631,-0.24161442,0.06302958,0.35776687,-0.21038051
ㄱ,0.0,0.0,0.0,-0.1503717,0.052490283,-0.021927724,-0.3110376,0.1555911,-0.07358043,-0.44561562,0.15187268,-0.12089515,-0.5492817,0.1088765,-0.17788143,-0.27058715,0.2675781,-0.18034673,-0.3057482,0.5947833,-0.2307905,-0.31939173,0.76850724,-0.24747866,-0.33182517,0.90680474,-0.25999478,-0.16414846,0.28641376,-0.20386186,-0.20885538,0.6522631,-0.24899575,-0.23753273,0.75160706,-0.24311696,-0.26501018,0.80354893,-0.24425481,-0.050779603,0.29448995,-0.2188433,-0.09385108,0.624837,-0.26321864,-0.09249761,0.5411865,-0.22358425,-0.083354205,0.42728615,-0.19229394,0.058420293,0.2998458,-0.23420398,0.0074020796,0.5487774,-0.2700456,0.0007086054,0.48849586,-0.23742783,0.01103465,0.3971852,-0.20974067
ㅣ,0.0,0.0,0.0,-0.15192613,-0.057033945,-0.068561986,-0.2892361,-0.18639925,-0.11254593,-0.3417667,-0.3372556,-0.15954837,-0.27113947,-0.44862342,-0.19007841,-0.22149122,-0.49221846,-0.05717792,-0.30401257,-0.56241405,-0.14091988,-0.27831575,-0.38848662,-0.16092826,-0.243899,-0.30832,-0.15351138,-0.12552513,-0.5225175,-0.059506472,-0.20605212,-0.53661996,-0.1566161,-0.17879401,-0.30834627,-0.16153197,-0.16370046,-0.25686607,-0.13747016,-0.034678124,-0.5207167,-0.07684132,-0.10466041,-0.52629125,-0.1852488,-0.09806467,-0.30983573,-0.17248482,-0.075893044,-0.2145807,-0.12755221,0.05343911,-0.5053102,-0.098747045,0.03730941,-0.7098107,-0.16748273,0.024808167,-0.84459823,-0.176452,0.01299601,-0.9865692,-0.16282561
ㅣ,0.0,0.0,0.0,-0.14394303,-0.060779475,-0.06329301,-0.27468455,-0.21134184,-0.0965625,-0.31699553,-0.37247238,-0.1313462,-0.24048033,-0.473886,-0.14968984,-0.21032676,-0.49143723,-0.04966506,-0.2798053,-0.573355,-0.122260906,-0.25879672,-0.39901158,-0.13913359,-0.22814232,-0.33268756,-0.13402852,-0.11823395,-0.5177512,-0.051958017,-0.18129876,-0.55095893,-0.13965274,-0.16576596,-0.3331417,-0.14519045,-0.15828519,-0.29758897,-0.12563543,-0.027184416,-0.5154906,-0.06792218,-0.08140486,-0.54030675,-0.16924484,-0.08571872,-0.32837555,-0.15773681,-0.07128816,-0.24047206,-0.117415406,0.0635072,-0.5046008,-0.087650254,0.05543813,-0.7150128,-0.15436229,0.04669599,-0.8460902,-0.16310145,0.038593877,-0.9877423,-0.15124732
ㅣ,0.0,0.0,0.0,-0.14247574,-0.062149085,-0.06285515,-0.27204573,-0.20676449,-0.09823902,-0.3135718,-0.3646723,-0.13518776,-0.23974888,-0.47205102,-0.15492274,-0.21717365,-0.48264185,-0.053596225,-0.28085554,-0.5731804,-0.1295368,-0.2590362,-0.39773533,-0.14640279,-0.23089248,-0.32569525,-0.14049101,-0.12368288,-0.5119562,-0.056465186,-0.18057373,-0.5531669,-0.14475098,-0.1634684,-0.33236754,-0.14675055,-0.16030994,-0.2955063,-0.12527682,-0.029453367,-0.51311123,-0.073548555,-0.07954339,-0.54206187,-0.17474467,-0.08245255,-0.3301212,-0.16048679,-0.071111985,-0.24063526,-0.11927807,0.06410792,-0.50383216,-0.09467455,0.05885749,-0.71144664,-0.16213861,0.051819395,-0.8431819,-0.17144102,0.044111222,-0.98603773,-0.16057374
ㅣ,0.0,0.0,0.0,-0.12746167,-0.0721065,-0.095866434,-0.22618386,-0.22142348,-0.14371668,-0.21660548,-0.38340068,-0.18672344,-0.11827312,-0.4690016,-0.2106068,-0.17478438,-0.52346337,-0.07761988,-0.14773747,-0.5942024,-0.17937471,-0.14786358,-0.4157664,-0.22213095,-0.15996891,-0.33256853,-0.22981371,-0.053987026,-0.537945,-0.067056075,-0.029222162,-0.53649515,-0.18154593,-0.06051061,-0.31856078,-0.20025177,-0.1000099,-0.27159956,-0.1853873,0.059642687,-0.5134843,-0.07528165,0.08131819,-0.51068515,-0.19908266,0.030690968,-0.31765068,-0.20091984,-0.0098640565,-0.22794466,-0.1640092,0.16519086,-0.47224167,-0.08977033,0.20926726,-0.6776398,-0.16743301,0.24454254,-0.8134875,-0.18371712,0.26826578,-0.94752574,-0.17386316
ㅒ,0.0,0.0,0.0,-0.111564055,-0.06283434,-0.068342075,-0.18634294,-0.2505178,-0.08652101,-0.15393463,-0.4072131,-0.10246403,-0.07390221,-0.5003132,-0.11169931,-0.16026235,-0.47545293,-0.030793335,-0.21710175,-0.6778268,-0.05983589,-0.24620509,-0.7907101,-0.07782039,-0.2641327,-0.8939582,-0.088173635,-0.081026636,-0.506692,-0.032883428,-0.096044704,-0.7334163,-0.08034795,-0.12010594,-0.8713877,-0.11315752,-0.13829198,-0.9818899,-0.1294894,-0.007120902,-0.49172026,-0.04462196,-0.034024797,-0.6409575,-0.114518516,-0.066651076,-0.5045969,-0.12210117,-0.07915624,-0.39845103,-0.10450551,0.06362772,-0.4575339,-0.06382164,0.061345473,-0.6196262,-0.10635258,0.053364813,-0.73199797,-0.113060296,0.045008365,-0.85042024,-0.11121325
ㅒ,0.0,0.0,0.0,-0.116698354,-0.06772661,-0.063055605,-0.18938099,-0.26665142,-0.08020377,-0.17635109,-0.43035287,-0.09701189,-0.09105785,-0.5184851,-0.10667899,-0.14057347,-0.4761216,-0.028176313,-0.1915973,-0.6899978,-0.05528306,-0.21765278,-0.8020709,-0.068690695,-0.22760467,-0.90267557,-0.077726275,-0.06569351,-0.5039989,-0.029317908,-0.07195143,-0.73717463,-0.072917014,-0.09434045,-0.8663604,-0.09487444,-0.110039696,-0.98821706,-0.10638753,-0.0024823265,-0.48774934,-0.040345203,-0.024802385,-0.6765739,-0.096380375,-0.063140914,-0.52695084,-0.08787915,-0.07982735,-0.42008707,-0.066261776,0.06084611,-0.4475109,-0.060432363,0.06356173,-0.60112286,-0.09735194,0.06703797,-0.7144693,-0.10629037,0.06962048,-0.84361035,-0.11017664
ㅣ,0.0,0.0,0.0,-0.1583703,-0.059564143,-0.040783904,-0.2974181,-0.22127974,-0.05218723,-0.35584375,-0.38713577,-0.070901565,-0.327269,-0.52642107,-0.07572958,-0.26982203,-0.46940786,0.0010287558,-0.33575967,-0.57403815,-0.068694465,-0.30309856,-0.40185785,-0.09315643,-0.2675825,-0.3222697,-0.08906411,-0.18510517,-0.50046617,-0.00927533,-0.23978725,-0.5661801,-0.09412204,-0.21208495,-0.36219084,-0.1154113,-0.18807139,-0.29660338,-0.10446779,-0.0932918,-0.5134308,-0.033242997,-0.14390093,-0.5613082,-0.12984937,-0.12438598,-0.3556094,-0.12984937,-0.09214678,-0.25961187,-0.095179595,0.0040372764,-0.5255442,-0.058992445,-0.021053055,-0.73683447,-0.11191673,-0.04858943,-0.86078656,-0.11522738,-0.07311506,-0.992292,-0.1000536
ㄴ,0.0,0.0,0.0,-0.10112105,-0.24628013,0.11117968,-0.2227753,-0.42887864,0.11285249,-0.32282397,-0.6105287,0.10024193,-0.36293042,-0.7858224,0.07495648,-0.43465686,-0.38041925,-0.039439347,-0.6962833,-0.32414004,-0.06318067,-0.8450384,-0.273056,-0.088015765,-0.96439725,-0.24238357,-0.10577349,-0.45413718,-0.22588582,-0.084091045,-0.62197256,-0.07079121,-0.043814443,-0.5225791,-0.03867785,0.012233398,-0.41913453,-0.07400421,0.03110903,-0.4446058,-0.03598747,-0.11285084,-0.5920958,0.07573803,-0.06826349,-0.49683276,0.09714344,-0.0115803,-0.39931706,0.057831723,0.0027372735,-0.42649522,0.13001138,-0.12867838,-0.54142654,0.19193493,-0.073668025,-0.45813474,0.19598891,-0.010422186,-0.37994924,0.1684689,0.020702098
ㄴ,0.0,0.0,0.0,-0.07677018,-0.25074717,0.11279347,-0.18851933,-0.44371578,0.12498901,-0.28430972,-0.6327639,0.12227889,-0.31457552,-0.814806,0.10795397,-0.40440544,-0.4293819,-0.009686187,-0.67051613,-0.4136788,-0.019324854,-0.8165552,-0.37806815,-0.03742458,-0.93098027,-0.36157885,-0.050362177,-0.44028544,-0.27846536,-0.050136335,-0.61126125,-0.15079111,0.0017209159,-0.51792073,-0.097139984,0.05284821,-0.41444233,-0.11623303,0.06794745,-0.4495597,-0.0865303,-0.07472099,-0.59964174,0.0013070202,-0.020792836,-0.5084346,0.049361423,0.03192544,-0.4092206,0.029420294,0.043685425,-0.44991416,0.08787547,-0.08640032,-0.58368117,0.107450075,-0.019679753,-0.51558006,0.13432524,0.0474925,-0.44135332,0.13218395,0.080981836
ㅒ,0.0,0.0,0.0,-0.11300007,-0.07846872,-0.06361884,-0.16724114,-0.27074113,-0.09171798,-0.13333511,-0.44284794,-0.119290546,-0.047769856,-0.53534794,-0.1410231,-0.16246216,-0.45927337,-0.051699445,-0.22761224,-0.6604302,-0.08501631,-0.25447962,-0.7681529,-0.09645702,-0.26538274,-0.86305785,-0.10387672,-0.081627116,-0.501388,-0.052465346,-0.11113705,-0.71652603,-0.09975997,-0.13081205,-0.8412542,-0.119290546,-0.14390747,-0.981026,-0.12991747,-0.007017009,-0.49267143,-0.06117752,-0.0072306115,-0.68850446,-0.12398172,-0.032219473,-0.5362199,-0.12484337,-0.044983312,-0.4177203,-0.11057838,0.07397932,-0.44776902,-0.07673496,0.12536898,-0.5849077,-0.12359877,0.16100478,-0.69432455,-0.14198048,0.18930352,-0.81285423,-0.15203299
ㄴ,0.0,0.0,0.0,-0.02780668,-0.26435763,0.036303934,-0.100553446,-0.49114418,0.022875212,-0.14721191,-0.7171716,0.0022150432,-0.13406208,-0.8909052,-0.02699629,-0.3347682,-0.49242917,-0.034945477,-0.5878933,-0.5234792,-0.047386345,-0.73345894,-0.527268,-0.05374569,-0.8433156,-0.53448653,-0.05606099,-0.40367475,-0.3523258,-0.04886813,-0.5596203,-0.29273596,-0.03787819,-0.48559767,-0.24628489,-0.0026297164,-0.38579518,-0.23399638,0.019803585,-0.43643948,-0.17810155,-0.05451746,-0.5379654,-0.14653412,-0.04547236,-0.47188398,-0.10891663,-0.013019613,-0.38841367,-0.097047426,0.0050435644,-0.45305055,-0.015584824,-0.054147005,-0.50895935,-0.01816126,-0.022473741,-0.4325205,0.009926334,0.023199353,-0.3591366,0.021166721,0.05430151
ㅁ,0.0,0.0,0.0,-0.14894013,-0.04008547,-0.09374479,-0.28495812,-0.17222738,-0.1560972,-0.20346509,-0.25813466,-0.2177752,-0.06580814,-0.2715905,-0.27001145,-0.22276849,-0.5875656,-0.082831584,-0.20132366,-0.87242883,-0.2008536,-0.24781774,-0.931198,-0.2673138,-0.29027963,-0.8704398,-0.28864974,-0.08527832,-0.6153857,-0.09730078,-0.08633292,-0.93263596,-0.22599076,-0.16441163,-0.94343853,-0.28178298,-0.22040243,-0.8662422,-0.280802,0.03811383,-0.57484907,-0.12728144,-0.02611694,-0.5469407,-0.26878524,-0.08142641,-0.3538541,-0.29723313,-0.098411106,-0.24363013,-0.26633283,0.13823181,-0.48697463,-0.16455801,0.04620975,-0.38596782,-0.24548739,0.0014776494,-0.23948036,-0.2461005,-0.005557913,-0.19062944,-0.2188788
ㅒ,0.0,0.0,0.0,-0.121904485,-0.08404573,-0.053657528,-0.18254158,-0.2827769,-0.07471268,-0.16241157,-0.45573926,-0.09814501,-0.07078402,-0.5348993,-0.11614375,-0.14860384,-0.48574796,-0.03107419,-0.20963117,-0.69740874,-0.060837623,-0.23815171,-0.8123001,-0.067484066,-0.24701829,-0.90645427,-0.070588976,-0.06266363,-0.51322514,-0.03750232,-0.08008266,-0.73855925,-0.08388185,-0.103262775,-0.86096126,-0.096349984,-0.11604197,-0.98824275,-0.099551916,0.0077229296,-0.49475962,-0.053269412,0.005841597,-0.69212365,-0.11653186,-0.038358297,-0.5300778,-0.110322066,-0.06250473,-0.41079623,-0.089558,0.08626825,-0.4395109,-0.07577998,0.12962699,-0.5711303,-0.12254762,0.16606191,-0.6755625,-0.13875134,0.196887,-0.79803914,-0.14690171
ㄴ,0.0,0.0,0.0,-0.056497492,-0.25934765,0.05085149,-0.15870942,-0.4697421,0.046471067,-0.23010586,-0.6763984,0.031980768,-0.23541912,-0.8489674,0.0079360735,-0.38181055,-0.4605932,-0.029662527,-0.647648,-0.45084292,-0.050406035,-0.7976036,-0.42160663,-0.062595025,-0.90989363,-0.4089434,-0.06970527,-0.4325437,-0.31610844,-0.059230357,-0.6127012,-0.21010928,-0.06126185,-0.5277145,-0.1531578,-0.032360606,-0.4196174,-0.15775838,-0.014196152,-0.45226043,-0.13079046,-0.08024367,-0.6043732,-0.049531426,-0.091226466,-0.519792,0.0015852845,-0.053770702,-0.42296797,-0.010525556,-0.02858329,-0.45504263,0.045796327,-0.09319448,-0.6078083,0.055763494,-0.08284653,-0.5550271,0.08734444,-0.032408223,-0.48605388,0.088104635,0.0046864697
ㄴ,0.0,0.0,0.0,-0.0804996,-0.26208606,0.061299406,-0.20254843,-0.45849395,0.059282783,-0.28886652,-0.6612758,0.046830926,-0.30139917,-0.83121395,0.02564038,-0.41946882,-0.4193586,-0.022614533,-0.6748399,-0.3939805,-0.048622575,-0.81890297,-0.36437806,-0.06760444,-0.9329012,-0.3510705,-0.08028035,-0.4579995,-0.27242315,-0.05470445,-0.6683516,-0.18698086,-0.04900669,-0.59172237,-0.13572545,-0.011963241,-0.4927162,-0.14235552,0.008811179,-0.4620976,-0.09020294,-0.0781677,-0.67272663,-0.038984343,-0.08655429,-0.5983961,-0.0010382339,-0.03946774,-0.50039035,-0.010052027,-0.008474164,-0.44790062,0.0801211,-0.092380084,-0.63391757,0.11122515,-0.08546595,-0.5869003,0.12078232,-0.033481896,-0.5156925,0.10340303,0.004557864
ㄴ,0.0,0.0,0.0,-0.10763192,-0.2590651,0.12847666,-0.23404886,-0.43878385,0.155367,-0.3317098,-0.6235435,0.16692853,-0.36108434,-0.78139764,0.16926682,-0.44696903,-0.3784477,0.014777333,-0.7011563,-0.34853554,0.00059130485,-0.8366523,-0.32701075,-0.017130576,-0.94571334,-0.32401338,-0.025330827,-0.46751606,-0.23043104,-0.027490498,-0.68957853,-0.12971237,0.026144017,-0.63448435,-0.078508444,0.093077555,-0.5519715,-0.08954352,0.124774374,-0.45460322,-0.049259588,-0.05504659,-0.6787411,0.013347456,-0.016805813,-0.6256004,0.048885137,0.050371293,-0.538941,0.03395033,0.08476364,-0.43004787,0.11334951,-0.06683546,-0.6216387,0.13562165,-0.015896477,-0.5969366,0.1439509,0.058522828,-0.54274035,0.12815265,0.10535357
ㅁ,0.0,0.0,0.0,-0.16443206,0.008373922,-0.078580834,-0.33903775,-0.07694136,-0.13324465,-0.32796642,-0.17814836,-0.1881525,-0.21127522,-0.2170488,-0.23317693,-0.34870893,-0.5033604,-0.07498132,-0.40289944,-0.75242853,-0.15899032,-0.46209177,-0.82866204,-0.20547898,-0.5102964,-0.8296116,-0.22658798,-0.21153873,-0.58026904,-0.09548024,-0.26413742,-0.87080455,-0.20059828,-0.36635664,-0.8786756,-0.24281631,-0.43370232,-0.8050805,-0.24342641,-0.08907992,-0.57454634,-0.12763184,-0.19428311,-0.51834536,-0.23866771,-0.22023472,-0.33380604,-0.25428596,-0.20916325,-0.21498299,-0.22890632,0.0050955215,-0.50206614,-0.16862972,-0.11232556,-0.33509582,-0.23659344,-0.12976582,-0.20027053,-0.24293832,-0.11544621,-0.15623377,-0.22805221
ㄴ,0.0,0.0,0.0,-0.07447267,-0.27307686,0.13295808,-0.19789085,-0.4951996,0.14085788,-0.29871908,-0.7047373,0.12840568,-0.31870356,-0.9035641,0.0974091,-0.44548064,-0.48084897,0.016653951,-0.7048437,-0.4149247,0.049407903,-0.84179467,-0.33088657,0.057475045,-0.95664614,-0.28574547,0.05637041,-0.49036425,-0.33637488,-0.030075239,-0.59630316,-0.11773261,0.051182,-0.49999452,-0.07299663,0.09171857,-0.41160938,-0.10390775,0.0947312,-0.49625188,-0.13506891,-0.053623945,-0.5520969,0.033388972,0.048537586,-0.4590179,0.061253414,0.070228495,-0.37962142,0.019840898,0.046395276,-0.50344884,0.046816345,-0.063799925,-0.534844,0.14534236,0.043248754,-0.43982574,0.15916069,0.09258889,-0.36352313,0.13485691,0.10530887
ㄴ,0.0,0.0,0.0,-0.08054308,-0.27431098,0.1146545,-0.19501063,-0.49100643,0.12386954,-0.28688064,-0.70642024,0.11619033,-0.3009252,-0.8993165,0.09595731,-0.4324888,-0.45944947,0.00849367,-0.6992561,-0.39878708,0.02422352,-0.84170455,-0.32980308,0.031285048,-0.9542794,-0.2970902,0.032987826,-0.469802,-0.29357246,-0.03393811,-0.6575264,-0.14695813,0.027662467,-0.55925894,-0.11005867,0.0833367,-0.45094088,-0.14474785,0.104704924,-0.4745523,-0.09524383,-0.059129238,-0.6190468,0.006341229,0.009883437,-0.5263141,0.03609457,0.056292545,-0.4303156,0.0057823984,0.06156782,-0.4711244,0.086144656,-0.07231744,-0.5602082,0.14419398,0.005163233,-0.47466776,0.15795144,0.062035248,-0.40049297,0.14187656,0.08687581
ㄴ,0.0,0.0,0.0,-0.089398876,-0.26601857,0.10922438,-0.2111104,-0.47747782,0.116821386,-0.30296168,-0.6841344,0.106492124,-0.320848,-0.8748173,0.08296806,-0.44113317,-0.45388103,0.0106215505,-0.70626867,-0.3919083,0.029172575,-0.8439965,-0.32270747,0.03888542,-0.95593935,-0.29079178,0.040251546,-0.47535074,-0.30258167,-0.03611837,-0.6565445,-0.13492684,0.01705235,-0.5590412,-0.09612015,0.06634127,-0.45441416,-0.13134058,0.08356781,-0.4791607,-0.109101705,-0.06657304,-0.6180264,0.01839738,-0.0032563151,-0.5270111,0.04751013,0.043650206,-0.440317,0.012410768,0.049214683,-0.47330192,0.07157308,-0.08643188,-0.5795088,0.1475534,-0.015609782,-0.5016949,0.17000653,0.041251153,-0.43281808,0.16020997,0.06650787
ㄴ,0.0,0.0,0.0,-0.08256919,-0.2661334,0.09016466,-0.2033071,-0.48068613,0.093943596,-0.29436556,-0.6901734,0.08366755,-0.3095758,-0.87780297,0.06251878,-0.43115368,-0.46122655,-0.006326581,-0.69862705,-0.39925897,-0.002750683,-0.841325,-0.33135495,-0.0026408785,-0.9547129,-0.29747245,-0.0057672,-0.46720067,-0.30114108,-0.046374157,-0.6580674,-0.15103586,-0.011717362,-0.5645262,-0.11292684,0.030828785,-0.4585174,-0.14522982,0.048198614,-0.4729515,-0.10614604,-0.07213057,-0.617132,0.0040551065,-0.030678323,-0.52638066,0.032872256,0.013666128,-0.43346977,0.00039625866,0.025309552,-0.46598607,0.07562014,-0.08857224,-0.56584936,0.12623952,-0.035932366,-0.48512995,0.14367144,0.017254459,-0.41265228,0.12892248,0.04551358
ㅐ,0.0,0.0,0.0,-0.13125883,-0.052018557,-0.06307367,-0.24271263,-0.201672,-0.10153094,-0.28480917,-0.35021082,-0.14616792,-0.24235322,-0.49020213,-0.18774058,-0.24762501,-0.46015653,-0.051684607,-0.32359716,-0.6609274,-0.1043399,-0.37989503,-0.7894885,-0.11736327,-0.4184739,-0.90056056,-0.11777185,-0.15569961,-0.48949546,-0.05750682,-0.21167465,-0.52529436,-0.1507644,-0.17317244,-0.33154616,-0.15699518,-0.15959767,-0.280507,-0.13288918,-0.070462644,-0.48987544,-0.07287951,-0.11780927,-0.5187539,-0.18324621,-0.100166105,-0.3268278,-0.16455384,-0.08010438,-0.2500973,-0.11685256,0.0133593315,-0.48470396,-0.09274654,-0.0059589,-0.68183684,-0.15883377,-0.022122,-0.7873533,-0.1489258,-0.04142174,-0.9081476,-0.12379835
ㅐ,0.0,0.0,0.0,-0.14637867,-0.054996487,-0.05248592,-0.26725242,-0.21841964,-0.08178906,-0.31509805,-0.38037366,-0.118560605,-0.28656954,-0.5277642,-0.1526871,-0.26438257,-0.45551214,-0.036304362,-0.34646586,-0.65618205,-0.08505649,-0.40400976,-0.78022367,-0.09682961,-0.44771767,-0.8887974,-0.09791875,-0.17528951,-0.48872966,-0.04584733,-0.24228907,-0.53606236,-0.14148447,-0.19122136,-0.3372636,-0.14926407,-0.16750355,-0.27390423,-0.12540665,-0.090046965,-0.49526235,-0.064207174,-0.1522057,-0.5314661,-0.17509231,-0.119844556,-0.3322471,-0.15393183,-0.08749063,-0.24545196,-0.10398684,-0.0037848447,-0.49802497,-0.08624935,-0.033898737,-0.70118177,-0.154243,-0.06019111,-0.8116722,-0.14594477,-0.08886262,-0.9356439,-0.12208735
ㅁ,0.0,0.0,0.0,-0.15156507,-0.033028293,-0.09119309,-0.2810169,-0.17711818,-0.1393573,-0.20456159,-0.27804324,-0.1833517,-0.0780244,-0.3197263,-0.22106117,-0.24019969,-0.5811427,-0.0690146,-0.25020385,-0.80176926,-0.15434441,-0.28821194,-0.89989537,-0.20414026,-0.32283777,-0.9198093,-0.22299503,-0.10293181,-0.6140709,-0.07590384,-0.1023882,-0.91287297,-0.17356172,-0.1731854,-0.94583935,-0.21779786,-0.23113316,-0.8922286,-0.21816047,0.017437685,-0.5731497,-0.09590678,-0.03680745,-0.59816915,-0.21695182,-0.08892423,-0.41753772,-0.24438791,-0.10505544,-0.2887708,-0.22057773,0.11621472,-0.48657584,-0.12273853,0.03266258,-0.4337624,-0.2037777,-0.016676541,-0.29062188,-0.2110295,-0.035016373,-0.2115361,-0.19120784
ㅐ,0.0,0.0,0.0,-0.12040041,-0.09380743,-0.068000875,-0.20122185,-0.27545848,-0.10729803,-0.21009344,-0.44042003,-0.14986588,-0.15075539,-0.55907005,-0.18833315,-0.16709855,-0.51425755,-0.061068952,-0.2063291,-0.707685,-0.119697385,-0.23505309,-0.84012693,-0.13961445,-0.25524825,-0.9558395,-0.14566767,-0.063905835,-0.5230086,-0.063070424,-0.10157469,-0.56373006,-0.16285102,-0.10166179,-0.3653969,-0.17515272,-0.1048191,-0.30461982,-0.15513805,0.026821291,-0.5009562,-0.07444464,-0.0042207735,-0.5322232,-0.1846231,-0.027034966,-0.34763807,-0.17075928,-0.030306805,-0.261041,-0.12692219,0.112518996,-0.46885556,-0.090895735,0.13490185,-0.6664486,-0.15953152,0.14092283,-0.7853974,-0.15767649,0.14366308,-0.9124637,-0.1382476
ㄷ,0.0,0.0,0.0,-0.10566456,-0.22735412,0.017894533,-0.29160622,-0.29649556,-0.004190015,-0.45235863,-0.22679558,-0.030724872,-0.5421531,-0.10642917,-0.06309638,-0.37415045,-0.47098964,-0.0942563,-0.6238703,-0.45751247,-0.14004862,-0.75940406,-0.4449471,-0.170494,-0.88018775,-0.4338954,-0.19236496,-0.37678823,-0.31462678,-0.124515265,-0.62728953,-0.22814062,-0.16949987,-0.7717869,-0.16619818,-0.19398044,-0.88908195,-0.117925175,-0.2169698,-0.37227687,-0.14547539,-0.14303103,-0.5429486,-0.061521076,-0.16912708,-0.4720807,-0.055871937,-0.14998998,-0.40094122,-0.061857484,-0.13520223,-0.36575893,0.015351117,-0.16017985,-0.48266923,0.045216735,-0.16701454,-0.43705836,0.046796672,-0.13781182,-0.3844301,0.037336253,-0.11376619
ㄷ,0.0,0.0,0.0,-0.10032144,-0.23415849,0.030465063,-0.26582485,-0.33985993,0.02066945,-0.4150615,-0.32592487,0.0029014286,-0.5133839,-0.24310385,-0.021947617,-0.35180306,-0.48003575,-0.0614227,-0.6022639,-0.49364403,-0.09955782,-0.7399045,-0.49973658,-0.120997265,-0.8541902,-0.50287145,-0.13220985,-0.3736312,-0.33223388,-0.09493723,-0.6275232,-0.27510956,-0.13159376,-0.77165973,-0.23334783,-0.14625639,-0.8798491,-0.20399459,-0.15722255,-0.38175154,-0.16918334,-0.118779376,-0.55206335,-0.09945527,-0.1463796,-0.49349737,-0.0755125,-0.13245627,-0.42360142,-0.06867998,-0.11600704,-0.38550052,-0.0073188148,-0.13935633,-0.52553093,0.014740476,-0.1471189,-0.4973655,0.038964678,-0.118841,-0.45337307,0.051307797,-0.09198008
ㄷ,0.0,0.0,0.0,-0.101577364,-0.23183,0.021494111,-0.26810876,-0.33343637,0.004935364,-0.41721794,-0.31252033,-0.018080832,-0.5146238,-0.22446035,-0.047785103,-0.35580263,-0.46905288,-0.07521389,-0.6076956,-0.47646597,-0.11844804,-0.7461814,-0.4776399,-0.14378585,-0.8633809,-0.47903618,-0.15842274,-0.37325945,-0.3186561,-0.10657863,-0.62997496,-0.25498724,-0.14821382,-0.77593684,-0.20935945,-0.16518767,-0.8885878,-0.17979959,-0.17822558,-0.37775317,-0.15442127,-0.12853397,-0.55223036,-0.08477001,-0.1607597,-0.48815784,-0.06768108,-0.14538483,-0.41577306,-0.06654476,-0.12730397,-0.37877253,0.006575052,-0.14784482,-0.51871985,0.026085356,-0.15916073,-0.48378977,0.044060785,-0.12927195,-0.43429303,0.051549554,-0.10098218
ㅁ,0.0,0.0,0.0,-0.16117933,0.030882392,-0.07487044,-0.3379111,-0.03705519,-0.13625158,-0.37897062,-0.131017,-0.20106708,-0.27904144,-0.16502666,-0.25651616,-0.3800621,-0.4841413,-0.08098982,-0.44806916,-0.7114017,-0.17571534,-0.5274237,-0.77042866,-0.2350359,-0.5906161,-0.76158607,-0.26675677,-0.25847426,-0.5624981,-0.11008811,-0.33929807,-0.8393772,-0.22267225,-0.45759222,-0.8215049,-0.2700038,-0.53167564,-0.74022037,-0.27774668,-0.141767,-0.5646156,-0.15011385,-0.27211928,-0.524177,-0.2675061,-0.2796951,-0.32266772,-0.27275127,-0.24730758,-0.2039295,-0.2426539,-0.043913316,-0.49521226,-0.19969334,-0.17792797,-0.33560583,-0.27449965,-0.18140994,-0.1908514,-0.27400014,-0.15207238,-0.14114018,-0.25464287
ㄷ,0.0,0.0,0.0,-0.12028025,-0.21500742,0.014546046,-0.31278595,-0.26987442,-0.012222457,-0.47880962,-0.1795369,-0.043606486,-0.57993007,-0.055046774,-0.08236448,-0.39356074,-0.43421248,-0.09672389,-0.649726,-0.398299,-0.14608052,-0.78528,-0.38368857,-0.17653988,-0.90588486,-0.3750859,-0.19668037,-0.39419723,-0.2870595,-0.12755623,-0.6493984,-0.16634706,-0.1766642,-0.78977686,-0.08871533,-0.19804792,-0.90668166,-0.035057288,-0.21644787,-0.3817139,-0.12547237,-0.14769672,-0.55876684,0.008224086,-0.18225877,-0.48630103,0.020682368,-0.16510208,-0.41363177,0.0072749583,-0.14906429,-0.36767784,0.037855353,-0.16572371,-0.5093502,0.11091075,-0.17765878,-0.470676,0.12830272,-0.14719942,-0.42167097,0.12057975,-0.121215716
ㅐ,0.0,0.0,0.0,-0.13770293,-0.05967207,-0.066395395,-0.2442025,-0.22379354,-0.1046232,-0.2811907,-0.38269424,-0.14687498,-0.25278223,-0.52653337,-0.18580699,-0.22615193,-0.46832198,-0.056838445,-0.29648897,-0.6701713,-0.11397895,-0.35571247,-0.7980565,-0.13299225,-0.40036103,-0.9058266,-0.13852522,-0.1335234,-0.4897447,-0.061264824,-0.20043567,-0.5420843,-0.1652847,-0.16687208,-0.34023574,-0.17836262,-0.14680819,-0.26867038,-0.15743792,-0.047698013,-0.48394862,-0.07514755,-0.10596196,-0.51402104,-0.19144055,-0.09077786,-0.3213413,-0.17514344,-0.0670338,-0.23419738,-0.1276605,0.03755792,-0.4728281,-0.09375845,0.02305875,-0.6740975,-0.16689427,0.006797106,-0.78971535,-0.16327271,-0.009455996,-0.916335,-0.14214681
ㄷ,0.0,0.0,0.0,-0.13582231,-0.19004072,0.01882621,-0.32565984,-0.21724984,-0.0022748832,-0.4755336,-0.10400326,-0.029996546,-0.5512558,0.03697857,-0.065640934,-0.42826828,-0.34583837,-0.090742595,-0.6833536,-0.30064726,-0.14282858,-0.81998855,-0.288373,-0.17370364,-0.94053835,-0.27942392,-0.19315745,-0.4163017,-0.2126583,-0.12205695,-0.6660021,-0.051929872,-0.1699384,-0.8044822,0.05447541,-0.18926668,-0.91301703,0.13334884,-0.20508073,-0.38571143,-0.06491325,-0.14270309,-0.5412957,0.110732265,-0.17546076,-0.47555226,0.11818383,-0.15914467,-0.40652654,0.09293376,-0.14232655,-0.35104156,0.08661152,-0.16152933,-0.45980445,0.18970804,-0.17495872,-0.41345975,0.19136573,-0.14722137,-0.36130667,0.16503415,-0.12117839
ㅐ,0.0,0.0,0.0,-0.12192582,-0.07506552,-0.07238187,-0.20249994,-0.24659736,-0.10985773,-0.22279379,-0.40067473,-0.14941826,-0.18085024,-0.5327615,-0.1847125,-0.16505173,-0.4872249,-0.06283109,-0.19716139,-0.70226985,-0.11509368,-0.21852057,-0.8425503,-0.13148028,-0.23061912,-0.96359694,-0.1352618,-0.07488518,-0.49390167,-0.06064944,-0.11970803,-0.5387583,-0.15727222,-0.11229725,-0.34868854,-0.17045906,-0.10592731,-0.27358243,-0.15135753,0.00602437,-0.4761211,-0.06748528,-0.03551545,-0.52228856,-0.17433755,-0.047954254,-0.33782157,-0.16105373,-0.04470727,-0.24371807,-0.11780862,0.08153146,-0.45223472,-0.07965402,0.09421257,-0.6371893,-0.14146738,0.09702424,-0.74348646,-0.13623142,0.096715055,-0.85780394,-0.11519064
ㄷ,0.0,0.0,0.0,-0.1036468,-0.2302267,0.030329494,-0.27448112,-0.32424456,0.018312473,-0.4278308,-0.2836407,-0.0015863634,-0.5193972,-0.18156092,-0.029833155,-0.3599088,-0.47797385,-0.06562062,-0.6092258,-0.48814362,-0.1006018,-0.74467623,-0.49273854,-0.120635346,-0.8588909,-0.4947936,-0.13223372,-0.37727532,-0.33133477,-0.09942336,-0.6345698,-0.26627043,-0.13173752,-0.78262985,-0.21578366,-0.14724335,-0.89626396,-0.18025383,-0.1608885,-0.37997216,-0.1682695,-0.122371994,-0.5442585,-0.07682598,-0.14339791,-0.47986445,-0.05261264,-0.13148943,-0.40896264,-0.052561954,-0.119394876,-0.3784914,-0.0039922055,-0.14190936,-0.5077719,0.044901993,-0.14426622,-0.46584183,0.069940805,-0.11523931,-0.41302317,0.07540696,-0.08993378
ㄷ,0.0,0.0,0.0,-0.10070723,-0.2336201,0.030274225,-0.2623674,-0.34226024,0.019234702,-0.409034,-0.3357114,0.00021715475,-0.50921965,-0.26538765,-0.025953548,-0.34835935,-0.48252958,-0.06519153,-0.5990308,-0.4961014,-0.10602855,-0.7355949,-0.5051431,-0.1284151,-0.8487711,-0.510098,-0.13923937,-0.36961058,-0.3373857,-0.09877136,-0.62546325,-0.2839196,-0.13850135,-0.77239114,-0.24141987,-0.15326172,-0.8821768,-0.20964895,-0.16310197,-0.37833098,-0.17388472,-0.12269546,-0.54437023,-0.10048111,-0.1524007,-0.49075392,-0.07213161,-0.13899337,-0.42467114,-0.06167107,-0.12158843,-0.3843172,-0.011076151,-0.14317547,-0.5231397,0.012750502,-0.15117066,-0.5019415,0.040244747,-0.12306448,-0.46516827,0.057750504,-0.09588079
ㅁ,0.0,0.0,0.0,-0.14908542,-0.038872167,-0.094241746,-0.26763353,-0.18127714,-0.1443143,-0.17158109,-0.28948417,-0.19214302,-0.040279288,-0.34649456,-0.23170505,-0.2384147,-0.5765972,-0.06271021,-0.24228916,-0.7801975,-0.15411623,-0.2633196,-0.89033574,-0.20655072,-0.28050897,-0.93132424,-0.2286346,-0.10079465,-0.6262459,-0.07239405,-0.10618622,-0.8945403,-0.18340397,-0.14329462,-0.96093726,-0.23678318,-0.17576326,-0.9356758,-0.2418613,0.020700289,-0.59438634,-0.0965446,-0.01895247,-0.58371854,-0.21930501,-0.060289938,-0.399284,-0.2420975,-0.08399502,-0.27199882,-0.21422692,0.11660137,-0.51326716,-0.12978853,0.04961058,-0.405224,-0.20855834,0.008120538,-0.26418385,-0.21836028,-0.01687247,-0.19132024,-0.20005545
ㄷ,0.0,0.0,0.0,-0.103623986,-0.22574745,0.057019994,-0.27002332,-0.30087072,0.056959365,-0.4138787,-0.24132003,0.04550073,-0.49568015,-0.13570176,0.028130896,-0.3572304,-0.41966814,-0.05120044,-0.59775084,-0.4738763,-0.07924074,-0.7260169,-0.51510656,-0.09561022,-0.8303992,-0.5471142,-0.10537128,-0.3827069,-0.2679231,-0.08384845,-0.6419867,-0.20836979,-0.10240053,-0.78162867,-0.17218228,-0.11282849,-0.8830803,-0.1465342,-0.12562092,-0.38752738,-0.116251506,-0.10064232,-0.52629197,-0.080616266,-0.08930494,-0.45294935,-0.086280584,-0.060809933,-0.38174337,-0.08876921,-0.044167627,-0.37813675,0.016175782,-0.11398042,-0.44616282,0.005105764,-0.08803176,-0.38702235,-0.0023739773,-0.05050322,-0.32860714,-0.008024214,-0.021993048
ㅁ,0.0,0.0,0.0,-0.15553738,-0.008350727,-0.07800348,-0.30174953,-0.1293356,-0.1265445,-0.30006194,-0.23811896,-0.17340368,-0.20335312,-0.2762958,-0.2121437,-0.2800017,-0.5381696,-0.07492981,-0.32268342,-0.76002777,-0.15600547,-0.3769924,-0.84798604,-0.20506844,-0.43214685,-0.8717638,-0.23081778,-0.15347408,-0.58873504,-0.09215404,-0.17440909,-0.86123866,-0.18987401,-0.27408126,-0.8908773,-0.23278959,-0.35552633,-0.8450526,-0.24009685,-0.04030026,-0.5632582,-0.12004918,-0.14134367,-0.5837403,-0.23383349,-0.18959637,-0.4096824,-0.2519276,-0.1979677,-0.27689487,-0.23116577,0.046884816,-0.4797065,-0.15612148,-0.07644301,-0.37308437,-0.24032882,-0.12091701,-0.24167077,-0.2551753,-0.13214979,-0.16934323,-0.24520032
ㄷ,0.0,0.0,0.0,-0.18259548,-0.120381795,0.11401761,-0.3523049,-0.10737559,0.123539776,-0.47436658,0.02554127,0.11364663,-0.5247761,0.16367197,0.10165117,-0.47908172,-0.13798985,-0.035709146,-0.7088769,-0.11076983,-0.07760049,-0.8484363,-0.12439418,-0.107218124,-0.9581138,-0.13720946,-0.12688078,-0.4471646,0.003156091,-0.095902815,-0.6969822,0.15031658,-0.1372686,-0.84646106,0.21644837,-0.15730223,-0.9478419,0.26477152,-0.17745955,-0.39819258,0.15260386,-0.13232201,-0.5342143,0.26189172,-0.10152955,-0.47067478,0.22443308,-0.030437944,-0.40952176,0.18435594,0.010317224,-0.34460878,0.27246565,-0.1633618,-0.4555296,0.33300325,-0.1041265,-0.4034608,0.29669437,-0.030020578,-0.35060087,0.26037908,0.020759143
ㅁ,0.0,0.0,0.0,-0.14584908,-0.046401303,-0.086198345,-0.23772554,-0.17369579,-0.14015807,-0.10591209,-0.23915529,-0.1964287,0.03594926,-0.27102792,-0.24680647,-0.2146532,-0.5563756,-0.06701781,-0.20796873,-0.76329815,-0.17794143,-0.21433845,-0.8821159,-0.24287793,-0.20817456,-0.92607635,-0.27315083,-0.07862984,-0.60282856,-0.08954916,-0.084550716,-0.87982327,-0.22404405,-0.09673984,-0.95225906,-0.28955832,-0.095558085,-0.93073016,-0.29880193,0.040600304,-0.55571496,-0.12652372,0.044151068,-0.5651435,-0.26598704,0.00018094158,-0.36635143,-0.2893272,-0.03722916,-0.24047288,-0.25859213,0.13679712,-0.4535992,-0.17158642,0.11026627,-0.32796377,-0.2664492,0.05833857,-0.19038406,-0.28008357,0.012181097,-0.13655725,-0.26159632
ㄷ,0.0,0.0,0.0,-0.18082634,-0.093710124,0.06518421,-0.35298178,-0.074785195,0.05743148,-0.47168955,0.044613697,0.035723828,-0.51879615,0.18700284,0.009488578,-0.47311446,-0.11362258,-0.06456553,-0.71241033,-0.042053536,-0.11610569,-0.84631056,-0.030980235,-0.14475979,-0.95387036,-0.028679507,-0.15914887,-0.4238714,0.011775714,-0.11511334,-0.66947293,0.21256024,-0.16125761,-0.8085958,0.30573118,-0.17800352,-0.9092041,0.36987665,-0.19115216,-0.36781517,0.14715151,-0.15071389,-0.5258992,0.31569827,-0.16783194,-0.46416453,0.28640458,-0.13012265,-0.40214986,0.23911233,-0.0988016,-0.31343955,0.2682564,-0.18172483,-0.4417973,0.36871278,-0.17415816,-0.39591563,0.34330714,-0.12764177,-0.34456292,0.30460635,-0.08782373
ㅁ,0.0,0.0,0.0,-0.1429748,-0.023474826,-0.09560806,-0.28527153,-0.14633442,-0.14922714,-0.24550453,-0.25231922,-0.19881772,-0.12895006,-0.2920601,-0.24057819,-0.25108683,-0.5489315,-0.07257172,-0.27766043,-0.74710095,-0.15319894,-0.32661632,-0.8462692,-0.20256253,-0.38032869,-0.89599305,-0.22923023,-0.12621665,-0.58543897,-0.082898356,-0.1342062,-0.8507436,-0.18179578,-0.21179928,-0.90376925,-0.22752802,-0.28367117,-0.89790636,-0.2369468,-0.01109117,-0.54926,-0.10655884,-0.09022779,-0.59736747,-0.23354244,-0.12692387,-0.4005831,-0.2507913,-0.13317598,-0.27215818,-0.22412364,0.08181713,-0.46370235,-0.13833311,-0.020807073,-0.4042735,-0.23354244,-0.056709483,-0.25433028,-0.24489039,-0.059567124,-0.1813762,-0.22945718
ㅁ,0.0,0.0,0.0,-0.15325339,0.00694647,-0.0766628,-0.3124815,-0.092011616,-0.12600394,-0.32329753,-0.19272055,-0.17546284,-0.22073685,-0.20939994,-0.215972,-0.31179798,-0.51416755,-0.068301894,-0.3531208,-0.73168385,-0.14154816,-0.410519,-0.8230725,-0.18429476,-0.46708745,-0.85934985,-0.20819989,-0.18790285,-0.5711069,-0.08885088,-0.22305633,-0.8510896,-0.18170407,-0.3203393,-0.8838745,-0.21938702,-0.39370802,-0.85003066,-0.22433291,-0.07620074,-0.55301434,-0.12023374,-0.18821524,-0.5576315,-0.2310452,-0.21777599,-0.36619198,-0.24164353,-0.20929524,-0.23747863,-0.21585426,0.011145526,-0.47342977,-0.1602719,-0.11518201,-0.35521904,-0.23728645,-0.13501689,-0.21238598,-0.24517632,-0.12202522,-0.14733143,-0.23245832
ㅁ,0.0,0.0,0.0,-0.14735328,-0.038256973,-0.091764025,-0.27104592,-0.1693696,-0.14321467,-0.18227686,-0.24739927,-0.19201325,-0.049460713,-0.26778024,-0.23468252,-0.22441357,-0.567036,-0.06966322,-0.21424006,-0.78097486,-0.16101319,-0.23915529,-0.8888734,-0.21099046,-0.26575837,-0.93594784,-0.23102851,-0.0861457,-0.6043384,-0.08333625,-0.075701006,-0.90053976,-0.19389917,-0.1281597,-0.94789475,-0.2412833,-0.17320229,-0.9205119,-0.23963308,0.034081284,-0.5621574,-0.110741235,-0.0040908097,-0.5623627,-0.24705896,-0.058447175,-0.36494127,-0.27464077,-0.08790362,-0.23760384,-0.2449373,0.12973753,-0.4700166,-0.14498274,0.05937797,-0.36781093,-0.23468252,0.008221195,-0.21904798,-0.24375857,-0.02063152,-0.15454586,-0.22277756
ㅒ,0.0,0.0,0.0,-0.10765506,-0.04679184,-0.07130201,-0.18282491,-0.19510034,-0.09930465,-0.16310376,-0.33101803,-0.12631898,-0.08670382,-0.41638932,-0.14768569,-0.16414973,-0.45476562,-0.04612316,-0.24282819,-0.6411514,-0.087115265,-0.2847225,-0.75086904,-0.11182349,-0.3177424,-0.8521921,-0.12387169,-0.08132484,-0.4852342,-0.05078242,-0.110975645,-0.7044521,-0.10852906,-0.13930906,-0.8447287,-0.14787395,-0.16359267,-0.9723419,-0.16669928,-0.002506777,-0.46747816,-0.064289585,-0.031545844,-0.58507293,-0.14787395,-0.052547853,-0.42444134,-0.1597339,-0.060513295,-0.3152289,-0.14024973,0.07403785,-0.4218169,-0.08457386,0.09836072,-0.57399154,-0.13460211,0.108223915,-0.67760575,-0.1405321,0.10971872,-0.7973961,-0.13507275
ㅒ,0.0,0.0,0.0,-0.12481665,-0.04214654,-0.07219524,-0.23557547,-0.23137079,-0.09005226,-0.21510749,-0.38425818,-0.10771779,-0.11843389,-0.4028312,-0.12112253,-0.18666162,-0.4739271,-0.02755269,-0.25984076,-0.66159517,-0.058886256,-0.30263203,-0.77644175,-0.078801855,-0.33958063,-0.86971617,-0.08631809,-0.10449227,-0.4993491,-0.03248372,-0.14091069,-0.69534075,-0.08593509,-0.17874946,-0.8409185,-0.12868662,-0.21503663,-0.9656429,-0.14592129,-0.028052237,-0.48568195,-0.047420423,-0.077754065,-0.5234259,-0.13596348,-0.080647916,-0.36272278,-0.15836854,-0.071933016,-0.2539354,-0.13902743,0.046712946,-0.45737547,-0.06865257,0.040049568,-0.61660236,-0.11413292,0.025898807,-0.7224939,-0.113845676,0.005222964,-0.8276265,-0.10187716
ㄹ,0.0,0.0,0.0,-0.15159574,-0.17882024,0.07172013,-0.319497,-0.20335186,0.08759545,-0.42649207,-0.14507787,0.09336828,-0.49671063,-0.060624156,0.09123484,-0.42344868,-0.27633303,-0.027202526,-0.63559335,-0.36288077,-0.052552827,-0.7549731,-0.4102658,-0.056474593,-0.84736973,-0.4470847,-0.05500001,-0.44258016,-0.15403935,-0.07561281,-0.7140484,-0.15452883,-0.11382652,-0.8615254,-0.15418394,-0.1291371,-0.97817916,-0.15853615,-0.13428245,-0.436915,-0.01640953,-0.11087734,-0.6663278,0.039367262,-0.13754536,-0.8046439,0.060640212,-0.16076224,-0.9133138,0.06739155,-0.17494334,-0.4017359,0.11052784,-0.13541192,-0.52331287,0.122720234,-0.13654141,-0.54445183,0.10146863,-0.12618792,-0.5551061,0.073373295,-0.11878363
ㅒ,0.0,0.0,0.0,-0.12842342,-0.052989665,-0.0710888,-0.2208106,-0.254119,-0.08541873,-0.18582399,-0.4011473,-0.09853108,-0.08624561,-0.4241876,-0.10770973,-0.15997949,-0.48190516,-0.028684396,-0.22393455,-0.6697771,-0.05746132,-0.259399,-0.789687,-0.07544397,-0.2862205,-0.8897659,-0.08274943,-0.071823984,-0.4996985,-0.033133227,-0.08854402,-0.7065412,-0.08274943,-0.10940451,-0.85423416,-0.121384025,-0.12747222,-0.9822922,-0.13730617,0.0058171498,-0.47738013,-0.047556814,-0.03178111,-0.5370696,-0.13309148,-0.053323746,-0.37666214,-0.15416491,-0.056494802,-0.2667383,-0.13552663,0.079752885,-0.43972924,-0.068138525,0.08792832,-0.6033283,-0.11323564,0.082316026,-0.7087457,-0.115108825,0.07145556,-0.81636596,-0.105930194
ㅒ,0.0,0.0,0.0,-0.11126905,-0.06469576,-0.07660255,-0.18470812,-0.27546906,-0.0946786,-0.14489986,-0.41648576,-0.11135343,-0.045513302,-0.42405218,-0.12284362,-0.10106136,-0.4955112,-0.02802606,-0.1468812,-0.68730456,-0.058526486,-0.17214505,-0.80699265,-0.07655583,-0.19133128,-0.9075173,-0.08342193,-0.013078476,-0.50394285,-0.030921962,-0.005924786,-0.7122993,-0.0843094,-0.009792058,-0.86109155,-0.12359096,-0.013549742,-0.9902383,-0.1387244,0.059561204,-0.47308376,-0.044957764,0.024871288,-0.54707664,-0.13545482,-0.012640367,-0.38386098,-0.1569406,-0.025997428,-0.27287093,-0.13694948,0.12555146,-0.42743325,-0.06581296,0.1471833,-0.58284765,-0.11340858,0.15640606,-0.6839959,-0.11742548,0.16103949,-0.79622245,-0.10920485
ㅂ,0.0,0.0,0.0,-0.13421008,-0.01370432,-0.074767224,-0.25565344,-0.086953,-0.13139212,-0.2673233,-0.19091193,-0.18366127,-0.18026097,-0.23031864,-0.2415884,-0.23791796,-0.40037602,-0.11441812,-0.26116806,-0.59354806,-0.1887804,-0.25806668,-0.7160082,-0.24787506,-0.2504764,-0.8347084,-0.29188174,-0.14475843,-0.4232794,-0.13058384,-0.1655853,-0.6539076,-0.19830021,-0.16977173,-0.80079937,-0.25631717,-0.1705839,-0.93805647,-0.3015812,-0.048811976,-0.39928353,-0.15258716,-0.059150454,-0.6207946,-0.21662137,-0.06848297,-0.7579271,-0.262065,-0.075001374,-0.88793075,-0.2943964,0.0521582,-0.34373695,-0.18060774,0.04316474,-0.5233716,-0.23655906,0.03313461,-0.6321578,-0.26601657,0.02142893,-0.7407467,-0.28810972
ㅒ,0.0,0.0,0.0,-0.12052827,-0.0483731,-0.06527274,-0.22628915,-0.23009889,-0.086329594,-0.23539168,-0.3697603,-0.10906726,-0.1496,-0.4155845,-0.12680918,-0.1643876,-0.4637118,-0.028131435,-0.23828113,-0.6425016,-0.06326509,-0.28287947,-0.750552,-0.08464878,-0.32373083,-0.84115845,-0.09328629,-0.086274266,-0.49069765,-0.0372125,-0.12482526,-0.6951091,-0.09291277,-0.16077328,-0.84053886,-0.13250525,-0.19586794,-0.9692393,-0.14903325,-0.013092822,-0.47841877,-0.056355093,-0.088111944,-0.5454173,-0.14520474,-0.09544655,-0.3689633,-0.16005193,-0.08610258,-0.2519112,-0.13726757,0.055815525,-0.44715965,-0.082220934,0.05798079,-0.60106987,-0.13175823,0.05742018,-0.71027446,-0.13652055,0.048424024,-0.8253892,-0.1288635
ㅒ,0.0,0.0,0.0,-0.11498471,-0.0612524,-0.075846024,-0.21073286,-0.24698052,-0.10025317,-0.19234692,-0.38748616,-0.123489164,-0.099312864,-0.43274817,-0.14091615,-0.1487029,-0.47131643,-0.03757223,-0.20898388,-0.66274244,-0.07481539,-0.24190484,-0.77647674,-0.09725499,-0.27039748,-0.87946314,-0.106905416,-0.061535552,-0.4913014,-0.042631682,-0.07390293,-0.7075039,-0.09894147,-0.09227049,-0.84992653,-0.13801165,-0.11439111,-0.98134804,-0.1545017,0.015929239,-0.47093305,-0.05841903,-0.030970106,-0.55388,-0.14869271,-0.0489294,-0.3793995,-0.16321519,-0.05149439,-0.26483053,-0.13988553,0.08873193,-0.43245956,-0.081467636,0.09871857,-0.59091514,-0.13023509,0.10220761,-0.69596094,-0.13210897,0.09933363,-0.8149617,-0.12273961
ㄹ,0.0,0.0,0.0,-0.12502368,-0.21128753,0.103956096,-0.2914487,-0.25394994,0.14603998,-0.41162536,-0.19450314,0.17534842,-0.48410574,-0.09177221,0.19789334,-0.37999707,-0.36103138,0.03876365,-0.5889699,-0.46206474,0.04884625,-0.69854355,-0.51714414,0.07095281,-0.78320575,-0.56301653,0.09049176,-0.42599344,-0.23606232,-0.011868524,-0.68851805,-0.29216278,-0.03153272,-0.8298774,-0.3191644,-0.023876837,-0.9379395,-0.3467737,-0.004173499,-0.44066516,-0.08906097,-0.04847274,-0.6772284,-0.060110964,-0.077655904,-0.8140856,-0.05566542,-0.093938366,-0.9213457,-0.059093364,-0.09218487,-0.4135307,0.0533756,-0.06920156,-0.53324723,0.014081918,-0.058023024,-0.48502836,0.0015009489,-0.022452123,-0.42043835,-0.010669683,0.008140108
ㅂ,0.0,0.0,0.0,-0.13782008,-0.014988956,-0.05606466,-0.26367214,-0.12243059,-0.087773815,-0.301431,-0.2571872,-0.11747725,-0.2227749,-0.29950598,-0.15081005,-0.25525537,-0.4149297,-0.06451725,-0.28931558,-0.60121554,-0.110600576,-0.30081052,-0.72042614,-0.15252922,-0.31089312,-0.8334849,-0.18777223,-0.17870821,-0.4529865,-0.07960775,-0.21518642,-0.674012,-0.123398826,-0.23585613,-0.81625605,-0.16647361,-0.2501946,-0.9469493,-0.2017166,-0.095695734,-0.44440472,-0.100285545,-0.12546062,-0.6572645,-0.14450642,-0.14659077,-0.7911077,-0.18146859,-0.16293077,-0.9172692,-0.20954838,-0.003196893,-0.4033202,-0.12683716,-0.024320113,-0.57015955,-0.1683838,-0.041585457,-0.67605555,-0.19302525,-0.057577193,-0.77962345,-0.21298672
ㅂ,0.0,0.0,0.0,-0.12046234,-0.043010388,-0.08423949,-0.22194207,-0.14829761,-0.13432358,-0.17169118,-0.26572096,-0.17637405,-0.064980425,-0.30859494,-0.22108705,-0.1765292,-0.43632594,-0.104943365,-0.18267865,-0.6311493,-0.16921261,-0.16797778,-0.75524724,-0.2185163,-0.14902683,-0.86826015,-0.25377256,-0.08359317,-0.4672224,-0.10806501,-0.08595744,-0.69447243,-0.16407108,-0.074941,-0.8393508,-0.2115385,-0.060950227,-0.9671491,-0.24679478,0.0018646927,-0.4454275,-0.11816447,0.011892632,-0.6570917,-0.16866173,0.017491335,-0.7938543,-0.2052952,0.024924066,-0.91789895,-0.2310029,0.09097121,-0.38565478,-0.13579261,0.096618466,-0.5537716,-0.17710856,0.095032774,-0.6615979,-0.19703202,0.09289783,-0.7643847,-0.21172212
ㄹ,0.0,0.0,0.0,-0.07702151,-0.24362692,0.061946828,-0.21632497,-0.34449685,0.071771935,-0.32299393,-0.3140397,0.07476943,-0.40575707,-0.23551676,0.06744222,-0.26148018,-0.4593618,-0.031919073,-0.4329482,-0.63215387,-0.044297602,-0.530661,-0.7241564,-0.044464134,-0.60853213,-0.7924552,-0.041272357,-0.3217263,-0.33894393,-0.0686661,-0.55220854,-0.43649665,-0.08121116,-0.68281186,-0.48925328,-0.0875947,-0.7801683,-0.5273231,-0.09003711,-0.35577843,-0.20028137,-0.09236849,-0.5635854,-0.23196904,-0.113073386,-0.691381,-0.26461512,-0.14576824,-0.78561383,-0.2751107,-0.16808291,-0.36026034,-0.07744819,-0.104358464,-0.41799322,-0.15150379,-0.10713392,-0.377433,-0.17642012,-0.098085925,-0.32782066,-0.17965168,-0.09153585
ㄹ,0.0,0.0,0.0,-0.14354564,-0.20311013,0.06560197,-0.31233644,-0.24455245,0.08310451,-0.43132553,-0.19518109,0.09097436,-0.49952638,-0.095639125,0.08927448,-0.41868588,-0.3097473,-0.018290611,-0.6461808,-0.39450073,-0.04013731,-0.7763246,-0.43801102,-0.048857104,-0.8778334,-0.46859643,-0.051627293,-0.445625,-0.17352007,-0.059874892,-0.71739,-0.15280578,-0.081595674,-0.86985064,-0.13915864,-0.09582436,-0.98612076,-0.12971652,-0.10363124,-0.44028285,-0.027363593,-0.08946552,-0.67898196,0.050838307,-0.10822723,-0.8152773,0.09026625,-0.1333478,-0.91660357,0.11711318,-0.15072443,-0.40352055,0.099688515,-0.10898275,-0.5369146,0.12569156,-0.10986417,-0.5559601,0.122341596,-0.099035256,-0.5576959,0.10981742,-0.090409905
ㅂ,0.0,0.0,0.0,-0.14820045,0.0062724478,-0.042341724,-0.29325387,-0.08837654,-0.068463996,-0.35205868,-0.20890492,-0.0955938,-0.26875147,-0.25389597,-0.12729438,-0.30437553,-0.38777936,-0.054800794,-0.3631569,-0.5750764,-0.10045947,-0.39324012,-0.69430524,-0.14144906,-0.42002904,-0.80423784,-0.17673749,-0.2364571,-0.4230564,-0.07873597,-0.299968,-0.64027774,-0.12385401,-0.34082788,-0.7799258,-0.16700613,-0.37100747,-0.9062841,-0.20249112,-0.15515098,-0.41242608,-0.10763511,-0.20821111,-0.626506,-0.1539327,-0.24642967,-0.7538354,-0.19079384,-0.27761692,-0.8743176,-0.21920152,-0.061318424,-0.37341565,-0.14135076,-0.102363564,-0.53705263,-0.18587904,-0.13287908,-0.6403424,-0.21232077,-0.15924518,-0.7446569,-0.23394598
ㄹ,0.0,0.0,0.0,-0.13738301,-0.198289,0.08493532,-0.30524206,-0.23945618,0.11360523,-0.43742022,-0.20370391,0.13008726,-0.51256317,-0.12478152,0.1381704,-0.4226672,-0.31250834,-0.0006056733,-0.6509835,-0.39088637,-0.020192888,-0.7807532,-0.43283227,-0.026207885,-0.8787871,-0.46681604,-0.02672887,-0.44472286,-0.18016851,-0.048089202,-0.72421634,-0.14887154,-0.07161241,-0.87852657,-0.13023208,-0.0810217,-0.9889411,-0.12245081,-0.083673984,-0.43706244,-0.031671405,-0.08272673,-0.6803464,0.05315931,-0.10009286,-0.8156841,0.09272704,-0.11846939,-0.91295075,0.106792144,-0.12933111,-0.3969438,0.10147841,-0.10602892,-0.54125994,0.16167691,-0.10432388,-0.5673572,0.19019389,-0.09024153,-0.57119054,0.19992402,-0.077864215
ㄹ,0.0,0.0,0.0,-0.16587317,-0.15325226,0.053831242,-0.32440954,-0.14294355,0.05186545,-0.4344721,-0.048790187,0.042671606,-0.49531028,0.07688012,0.02263568,-0.44959408,-0.19322893,-0.06278543,-0.6824258,-0.20300563,-0.10246414,-0.81507283,-0.2117978,-0.12357369,-0.9196254,-0.21652858,-0.13488454,-0.43816304,-0.056073006,-0.105427936,-0.6988654,0.0422622,-0.14516713,-0.8490946,0.09167127,-0.17577294,-0.97183126,0.12740295,-0.19827366,-0.39739046,0.0889589,-0.13440064,-0.6208775,0.24199519,-0.16754687,-0.7616057,0.31821704,-0.20456418,-0.86639893,0.36433014,-0.23202476,-0.3329055,0.20574917,-0.15254639,-0.46821573,0.2656217,-0.1657323,-0.52497923,0.26935676,-0.16851464,-0.57041055,0.2534441,-0.17226477
ㄹ,0.0,0.0,0.0,-0.16527063,-0.15792863,0.058093198,-0.33241108,-0.14412805,0.059401084,-0.44146264,-0.031534504,0.05389579,-0.50215334,0.1055992,0.037988245,-0.44648048,-0.21378781,-0.054263383,-0.685172,-0.22827156,-0.088329256,-0.81752443,-0.24127375,-0.104693055,-0.92030954,-0.24950221,-0.111749545,-0.437613,-0.06960696,-0.096115746,-0.7061838,0.020369364,-0.1309116,-0.8588455,0.064743735,-0.15609603,-0.9801523,0.09744775,-0.1726423,-0.4013506,0.079519704,-0.12403759,-0.6299321,0.22144382,-0.157556,-0.77031773,0.28610128,-0.1922302,-0.8768634,0.3300777,-0.21522465,-0.34306085,0.1976919,-0.13979307,-0.4802399,0.23567674,-0.14757957,-0.5073433,0.21456839,-0.13869809,-0.51843727,0.18558696,-0.13261491
ㅂ,0.0,0.0,0.0,-0.12942807,-0.026926145,-0.07324411,-0.24255802,-0.1355013,-0.11401684,-0.22302407,-0.2648709,-0.14907034,-0.124935105,-0.3117808,-0.1879059,-0.20310993,-0.4264839,-0.09266189,-0.21970093,-0.62165153,-0.15220669,-0.21398555,-0.75131077,-0.19888319,-0.20425907,-0.87032604,-0.23449013,-0.11725321,-0.46275404,-0.09962647,-0.13110426,-0.68708885,-0.15414387,-0.1287122,-0.8343727,-0.20146607,-0.12136073,-0.9637454,-0.2376265,-0.033463996,-0.44559547,-0.113002144,-0.034613833,-0.65829706,-0.1646599,-0.03673515,-0.79287916,-0.20349547,-0.034968928,-0.91488624,-0.23135374,0.056049135,-0.39192906,-0.13301952,0.052800108,-0.5549355,-0.17858906,0.046120342,-0.6601363,-0.20349547,0.041060116,-0.7615029,-0.22231364
ㄹ,0.0,0.0,0.0,-0.15210858,-0.18062939,0.08542305,-0.31310517,-0.1904553,0.10461667,-0.4306216,-0.12077797,0.11200369,-0.4973861,-0.01360786,0.10998332,-0.43595082,-0.2580647,-0.015106737,-0.66433406,-0.33136877,-0.038230643,-0.79004186,-0.3722625,-0.04555452,-0.88703066,-0.41082054,-0.04681726,-0.45066744,-0.1218473,-0.064779714,-0.72241306,-0.0953452,-0.09521172,-0.87245184,-0.08788356,-0.1115642,-0.9887594,-0.08991726,-0.1194563,-0.42944062,0.024725946,-0.099252485,-0.6590557,0.13146295,-0.12583314,-0.7966351,0.18136871,-0.15355025,-0.8978824,0.20819046,-0.17072348,-0.37602916,0.14433393,-0.120213956,-0.5044225,0.19619575,-0.120403364,-0.5166855,0.19010057,-0.106892064,-0.51591086,0.17161435,-0.097168975
ㄹ,0.0,0.0,0.0,-0.15245473,-0.17835376,0.074782126,-0.31967238,-0.19179761,0.09241499,-0.44010687,-0.12384078,0.10116889,-0.50888735,-0.020559004,0.10160659,-0.43481842,-0.25488487,-0.02482482,-0.6723747,-0.31220707,-0.047616236,-0.79980147,-0.3482214,-0.052555945,-0.8988587,-0.38385364,-0.050898954,-0.4463218,-0.11305246,-0.06840677,-0.7203335,-0.07486519,-0.098857865,-0.8734263,-0.065227024,-0.11205125,-0.99098563,-0.06681777,-0.11611555,-0.42829812,0.036034204,-0.09773235,-0.6596435,0.1506405,-0.12349384,-0.7958454,0.1994144,-0.1464416,-0.89460534,0.22495393,-0.15869705,-0.38021722,0.15816312,-0.114990056,-0.5175576,0.21152411,-0.11692841,-0.5277957,0.20644881,-0.10104634,-0.5202765,0.19002949,-0.08697756
ㅂ,0.0,0.0,0.0,-0.10647865,-0.06852657,-0.08198928,-0.18464148,-0.19591732,-0.12606552,-0.10462454,-0.2999664,-0.16147482,0.0064066453,-0.3306215,-0.19818185,-0.13142985,-0.46013147,-0.091212384,-0.13671626,-0.6525362,-0.14757065,-0.121931866,-0.773529,-0.1924348,-0.10116036,-0.88474905,-0.22487788,-0.0385048,-0.48620817,-0.09060986,-0.039677028,-0.70838207,-0.13811581,-0.027392019,-0.8498845,-0.18047719,-0.012895532,-0.9772062,-0.21190065,0.043370407,-0.46383813,-0.097237535,0.053183224,-0.67068696,-0.13904276,0.058008064,-0.8023918,-0.17046618,0.06449518,-0.9226148,-0.19262019,0.12605341,-0.4037431,-0.11160518,0.13479221,-0.567376,-0.14516059,0.13269293,-0.6738299,-0.15952826,0.12821713,-0.77690333,-0.16991003
ㅂ,0.0,0.0,0.0,-0.13939673,-0.016050229,-0.055977564,-0.26386538,-0.13463001,-0.086715534,-0.27887505,-0.2728688,-0.1155265,-0.18398993,-0.29799122,-0.14833246,-0.23248643,-0.42934734,-0.06312156,-0.2599484,-0.6187346,-0.10951051,-0.26780492,-0.7424047,-0.15068246,-0.2742459,-0.85831755,-0.18612045,-0.15708672,-0.4559552,-0.07910153,-0.18468808,-0.6767432,-0.1252085,-0.20079242,-0.82183254,-0.17014046,-0.21174735,-0.95519453,-0.20680039,-0.0780743,-0.43383437,-0.10095652,-0.09771308,-0.64810264,-0.14899045,-0.11342234,-0.78080094,-0.18903442,-0.12579662,-0.90783674,-0.21902041,0.00804347,-0.3784879,-0.12840448,-0.0063961577,-0.54236484,-0.17474645,-0.018063063,-0.647671,-0.20360442,-0.027281845,-0.7545179,-0.22691639
ㄹ,0.0,0.0,0.0,-0.15577206,-0.17665374,0.077494524,-0.32236442,-0.1963633,0.09534432,-0.4411697,-0.13496165,0.10301218,-0.50881326,-0.0353338,0.102069415,-0.43468654,-0.26133606,-0.020742167,-0.66701454,-0.32329613,-0.04217448,-0.79253644,-0.3601462,-0.04503422,-0.8894733,-0.3945806,-0.042394463,-0.44515046,-0.12784521,-0.06876061,-0.72131157,-0.08743668,-0.099934876,-0.8742575,-0.07599264,-0.111876644,-0.9903951,-0.07738898,-0.11457925,-0.42451108,0.016972583,-0.10276318,-0.6592013,0.13948695,-0.13010354,-0.7946515,0.19300635,-0.15097019,-0.8944222,0.21913324,-0.16152923,-0.37276378,0.14135124,-0.12457261,-0.51465946,0.19802031,-0.12790374,-0.5223602,0.19205996,-0.1102425,-0.5123196,0.17237619,-0.09496963
ㅂ,0.0,0.0,0.0,-0.14530829,-0.006081599,-0.048228964,-0.2820203,-0.11042918,-0.07656432,-0.32649776,-0.2355384,-0.10499671,-0.24450846,-0.27020228,-0.1371166,-0.2787819,-0.4063372,-0.055749476,-0.32561448,-0.5930962,-0.101891465,-0.34943724,-0.7125648,-0.14352117,-0.370667,-0.8234451,-0.1790374,-0.2059122,-0.4416553,-0.07661283,-0.25590384,-0.66148907,-0.12139629,-0.28795037,-0.8014539,-0.1642875,-0.31222457,-0.92886376,-0.19931853,-0.123161666,-0.43046063,-0.103152975,-0.16329119,-0.6434121,-0.14924645,-0.1937697,-0.77074546,-0.18573308,-0.2204105,-0.8915159,-0.2136803,-0.029194795,-0.3885598,-0.13507877,-0.061630275,-0.54875475,-0.17835814,-0.08760518,-0.650262,-0.20378232,-0.11183832,-0.7527439,-0.22513087
ㅂ,0.0,0.0,0.0,-0.121642716,-0.04676215,-0.08135015,-0.21747054,-0.17270462,-0.12549031,-0.17567623,-0.2950027,-0.1622434,-0.07159227,-0.32344845,-0.20155005,-0.15354973,-0.45637396,-0.09794832,-0.15409946,-0.6485573,-0.15722747,-0.13901336,-0.7729728,-0.20392123,-0.11986286,-0.8894872,-0.23930635,-0.062082246,-0.47735447,-0.10150506,-0.05664465,-0.6991108,-0.15440032,-0.04355947,-0.8422251,-0.20009087,-0.02677484,-0.9715113,-0.23547602,0.02034497,-0.4458487,-0.11199291,0.035994258,-0.65389967,-0.16124022,0.04325916,-0.7854873,-0.19808449,0.053652704,-0.90736026,-0.22489694,0.10369209,-0.37776807,-0.13023266,0.11524392,-0.5404879,-0.17282245,0.116202936,-0.64479834,-0.19571334,0.11719354,-0.74674225,-0.21322349
ㅂ,0.0,0.0,0.0,-0.13092597,-0.017478913,-0.06323834,-0.24527505,-0.12299069,-0.1022141,-0.2510807,-0.2582231,-0.13809948,-0.16449906,-0.29348484,-0.1783206,-0.22198893,-0.42386985,-0.08265703,-0.24887446,-0.6143059,-0.13745372,-0.25579357,-0.7399311,-0.1827486,-0.25947765,-0.8584072,-0.21900296,-0.1412476,-0.45027265,-0.096863575,-0.1675756,-0.6722323,-0.14935401,-0.18113653,-0.8197539,-0.19612491,-0.18917409,-0.95393836,-0.23284054,-0.058053024,-0.42761564,-0.11669739,-0.07370139,-0.64321434,-0.16928007,-0.08793112,-0.7807389,-0.20903994,-0.098720305,-0.90845144,-0.23782204,0.03287655,-0.37256497,-0.14243522,0.019575097,-0.5424639,-0.1916969,0.006798145,-0.65323496,-0.21992551,-0.0051722964,-0.76146936,-0.24132755
ㅁ,0.0,0.0,0.0,-0.17279091,-0.08396231,-0.058351528,-0.29585117,-0.29606107,-0.1016565,-0.28368947,-0.4772464,-0.15627764,-0.16618532,-0.45023832,-0.20381828,-0.15901414,-0.6768734,-0.024355542,-0.13270389,-0.92142767,-0.13035789,-0.120098665,-0.97108036,-0.20634703,-0.1222802,-0.87985617,-0.24579565,-0.035182647,-0.6587204,-0.055538286,0.018000176,-0.9708242,-0.18004796,-0.0073954444,-0.9554295,-0.25034744,-0.03739318,-0.82362133,-0.27007172,0.064966224,-0.5739286,-0.10001281,0.11223013,-0.74618214,-0.1978757,0.0461455,-0.588536,-0.19585271,-0.0083873775,-0.45930228,-0.16449611,0.15769805,-0.4471244,-0.15324312,0.17330323,-0.53178036,-0.20432404,0.12653741,-0.43918467,-0.19079517,0.08773052,-0.3740439,-0.16449611
ㅁ,0.0,0.0,0.0,-0.16784522,-0.082097255,-0.055216007,-0.29437044,-0.28020832,-0.09781437,-0.28357255,-0.4483125,-0.15115601,-0.16438654,-0.43993968,-0.19737712,-0.16554248,-0.6642768,-0.02646836,-0.14532492,-0.9033195,-0.12792054,-0.13344,-0.95262724,-0.20387305,-0.13420458,-0.8684042,-0.24472252,-0.043084137,-0.64992124,-0.057620756,-0.0026089116,-0.94959486,-0.16889492,-0.024365773,-0.9712705,-0.2367275,-0.048379716,-0.8758362,-0.2623365,0.059808936,-0.5659209,-0.101749405,0.10663195,-0.741087,-0.1951285,0.041784674,-0.5913208,-0.19762695,-0.015219317,-0.4597708,-0.17401671,0.1548252,-0.43798214,-0.1539043,0.16915138,-0.52352095,-0.20849515,0.12062543,-0.4333126,-0.19887617,0.07762889,-0.36529058,-0.17701486
ㅁ,0.0,0.0,0.0,-0.16789329,-0.07300473,-0.06633959,-0.2972916,-0.2804059,-0.113015756,-0.30016312,-0.46404862,-0.16861251,-0.18305051,-0.44248387,-0.21346685,-0.16250719,-0.6846384,-0.03458347,-0.115371846,-0.9469254,-0.1507713,-0.1062076,-0.96837157,-0.22577982,-0.12001956,-0.8458297,-0.25932634,-0.03361394,-0.65522313,-0.062413268,0.0364318,-0.9711255,-0.1911025,0.004258147,-0.94338745,-0.2532955,-0.028419519,-0.81931186,-0.26510587,0.06988935,-0.5600868,-0.10591696,0.12885769,-0.70264816,-0.20617959,0.05568574,-0.5418526,-0.19663076,0.0006537312,-0.4400651,-0.15931498,0.16431807,-0.42899123,-0.15893805,0.191985,-0.5035686,-0.2094463,0.14045541,-0.39732477,-0.19009736,0.09767974,-0.34529325,-0.1590637
ㅁ,0.0,0.0,0.0,-0.17016374,-0.059036072,-0.06389415,-0.30772913,-0.27761707,-0.10193761,-0.29896316,-0.4808082,-0.1476629,-0.1615287,-0.46353534,-0.18156058,-0.1559349,-0.6601683,-0.02172018,-0.11314296,-0.9223788,-0.12175189,-0.097805835,-0.9650299,-0.18631601,-0.109635696,-0.871076,-0.21301956,-0.027063044,-0.64208686,-0.040726665,0.027222335,-0.930939,-0.14900418,0.011398037,-0.978471,-0.20606934,-0.010341793,-0.9164393,-0.2183847,0.07600796,-0.5574179,-0.07572176,0.082510106,-0.6117521,-0.16619687,0.01839531,-0.47113672,-0.16912328,-0.027296131,-0.37398553,-0.13937138,0.16811275,-0.4435495,-0.119557075,0.15769656,-0.46290657,-0.16290465,0.09746295,-0.35968822,-0.15071125,0.04906356,-0.29879007,-0.124983154
ㅁ,0.0,0.0,0.0,-0.16062705,-0.05740997,-0.062136382,-0.29975435,-0.2613838,-0.10121333,-0.2944817,-0.45410118,-0.14880666,-0.15885766,-0.4703245,-0.18373305,-0.16533193,-0.65492994,-0.024350721,-0.124698244,-0.9220074,-0.12802301,-0.10842243,-0.9595622,-0.19320251,-0.11702753,-0.8607166,-0.21841344,-0.032477308,-0.63874173,-0.04550331,0.018505543,-0.93694335,-0.15729229,0.0003061694,-0.9765665,-0.21521597,-0.019714195,-0.90965354,-0.2261612,0.07630761,-0.55730903,-0.082274385,0.07818751,-0.6043646,-0.17463252,0.011780349,-0.4561102,-0.17500146,-0.03368535,-0.35960177,-0.14241171,0.17078896,-0.4448518,-0.12765409,0.15459067,-0.4515256,-0.17168097,0.09447341,-0.34922367,-0.15643144,0.047971983,-0.29577085,-0.12740812
ㅁ,0.0,0.0,0.0,-0.15978083,-0.053406946,-0.06891169,-0.30215797,-0.2556831,-0.1137254,-0.31175265,-0.4603961,-0.16597733,-0.17627783,-0.46413654,-0.20482819,-0.16382535,-0.6546113,-0.031536195,-0.11990174,-0.92901397,-0.14089641,-0.10471346,-0.970138,-0.20728712,-0.11711927,-0.87616265,-0.2331057,-0.028591216,-0.6404499,-0.052098863,0.02495055,-0.9494079,-0.17741127,0.0021117108,-0.9711968,-0.23826943,-0.024808256,-0.883225,-0.24601501,0.080066726,-0.5617497,-0.08852154,0.08514728,-0.60008705,-0.18909113,0.016503403,-0.4506285,-0.1892141,-0.029998159,-0.36003524,-0.15331392,0.17647609,-0.4535066,-0.13425735,0.1618657,-0.4463547,-0.18097672,0.10127687,-0.3386671,-0.16683795,0.05178633,-0.2898628,-0.13745393
ㅁ,0.0,0.0,0.0,-0.16030057,-0.057438165,-0.06597935,-0.29908603,-0.25484264,-0.11066073,-0.3045867,-0.45076248,-0.16399604,-0.17030203,-0.45884272,-0.20524043,-0.16547926,-0.64693636,-0.031348202,-0.12835018,-0.9136266,-0.13883209,-0.11602149,-0.9640746,-0.20536317,-0.12630548,-0.879693,-0.23200013,-0.033788674,-0.63267076,-0.05327461,0.013244669,-0.9377272,-0.1771304,-0.012402826,-0.97097135,-0.2388742,-0.039320394,-0.88796043,-0.24857152,0.073359944,-0.55482674,-0.090406805,0.075164326,-0.6033592,-0.19210602,0.006618718,-0.45257515,-0.19431557,-0.041234314,-0.35077044,-0.15969977,0.16820624,-0.44571567,-0.13637707,0.15144698,-0.4491745,-0.18535474,0.089953,-0.34485787,-0.17307964,0.04011477,-0.289078,-0.14472415
ㅁ,0.0,0.0,0.0,-0.15781066,-0.057181727,-0.06367493,-0.2944395,-0.26006386,-0.105798885,-0.29931274,-0.4691795,-0.1564087,-0.16569857,-0.4709203,-0.19548021,-0.16666132,-0.65590924,-0.024847617,-0.15275103,-0.91423994,-0.124357864,-0.14174902,-0.968575,-0.1882764,-0.14939712,-0.89266384,-0.21587062,-0.036457833,-0.6436637,-0.047100063,-0.014960309,-0.93632954,-0.15836228,-0.038661998,-0.9754396,-0.21684743,-0.05835302,-0.909911,-0.22917937,0.07117473,-0.5618989,-0.08424852,0.07466312,-0.6172018,-0.17960739,0.0058557168,-0.46812674,-0.1805842,-0.03910763,-0.3688476,-0.14822811,0.16885091,-0.44605005,-0.13015755,0.15291905,-0.46199936,-0.17679916,0.0934855,-0.3621052,-0.16397882,0.046029605,-0.3075077,-0.13675085
ㅖ,0.0,0.0,0.0,-0.06394694,-0.15195547,-0.07041794,-0.08315736,-0.30381906,-0.12572543,-0.06938706,-0.3933435,-0.18121949,0.0014861561,-0.34955287,-0.2350347,0.117075,-0.4810697,-0.11826406,0.18894672,-0.6850786,-0.19194523,0.2298473,-0.8154531,-0.23260975,0.27536345,-0.9269051,-0.2549939,0.19025709,-0.38128942,-0.13775693,0.26514137,-0.5110101,-0.23466164,0.3129572,-0.6259511,-0.28558558,0.36464757,-0.7302701,-0.30983508,0.2279063,-0.24750976,-0.16312563,0.17896685,-0.31166574,-0.28372023,0.045470733,-0.27077883,-0.31692338,-0.03848976,-0.24407879,-0.30927548,0.2367761,-0.10361055,-0.19157214,0.30480543,-0.12837344,-0.26730517,0.36741355,-0.14169711,-0.28595865,0.4358102,-0.16382831,-0.2891297
ㅁ,0.0,0.0,0.0,-0.15666182,-0.047926825,-0.06492433,-0.29651183,-0.24492128,-0.10925365,-0.3009577,-0.45968187,-0.16173618,-0.16508237,-0.4650844,-0.20099239,-0.16966183,-0.64825654,-0.02498869,-0.16024062,-0.90924174,-0.12706994,-0.15010494,-0.9588871,-0.19048382,-0.15274811,-0.8796308,-0.21790275,-0.03741387,-0.6444122,-0.047530815,-0.027509844,-0.9375465,-0.16366878,-0.054082684,-0.9735985,-0.22176796,-0.068141386,-0.91337574,-0.23215578,0.071517766,-0.56833214,-0.08545835,0.06205772,-0.6039108,-0.18069994,-0.0029985013,-0.44525892,-0.1750229,-0.040846296,-0.3531128,-0.13806167,0.1722692,-0.45915192,-0.13298856,0.14468016,-0.44280356,-0.1792505,0.086278,-0.33362564,-0.16403116,0.045184504,-0.2881775,-0.13492116
ㅁ,0.0,0.0,0.0,-0.15867698,-0.053869586,-0.069542676,-0.29910782,-0.2720352,-0.11114375,-0.3050821,-0.4866026,-0.16094084,-0.16165146,-0.48651928,-0.19633281,-0.15668641,-0.6606995,-0.024216149,-0.10435223,-0.9318436,-0.13312401,-0.09830479,-0.9749191,-0.19869225,-0.12050396,-0.8766457,-0.22365287,-0.023528878,-0.6442279,-0.042377807,0.03468791,-0.9393083,-0.16615649,0.008914385,-0.974026,-0.2262607,-0.017593736,-0.8965885,-0.23520187,0.0829193,-0.561455,-0.07749035,0.078155175,-0.59074664,-0.17584272,0.008603465,-0.43960115,-0.17224142,-0.035596862,-0.35037735,-0.13436584,0.17643586,-0.45247763,-0.122568525,0.15599576,-0.447334,-0.16690159,0.09328413,-0.33933982,-0.15125464,0.044996522,-0.28903416,-0.12145087
ㅖ,0.0,0.0,0.0,-0.07246535,-0.15327804,-0.06971513,-0.09693916,-0.31437626,-0.122762665,-0.08908506,-0.42192894,-0.17628641,-0.017761944,-0.37587303,-0.22571492,0.094789736,-0.4950362,-0.113619834,0.1705868,-0.70210725,-0.18485782,0.21575505,-0.82805926,-0.2201911,0.27358636,-0.9315218,-0.23961964,0.17133217,-0.40225774,-0.13457218,0.25164276,-0.5507968,-0.23771492,0.31948614,-0.6681247,-0.2891434,0.39765307,-0.76851434,-0.31142908,0.20677666,-0.27382985,-0.16133405,0.14777417,-0.34619087,-0.28723863,0.01505775,-0.29652062,-0.32038146,-0.060781665,-0.26735872,-0.31009576,0.21643834,-0.13404784,-0.19161972,0.273208,-0.1687311,-0.26990533,0.339768,-0.19229352,-0.29123864,0.41343835,-0.22700594,-0.29542908
ㅖ,0.0,0.0,0.0,-0.07800631,-0.15384674,-0.07004754,-0.10855039,-0.31605512,-0.12408348,-0.10445484,-0.42516232,-0.17859593,-0.034900393,-0.38333336,-0.2289151,0.08171292,-0.5078901,-0.11198019,0.15427668,-0.7095524,-0.18336101,0.19928816,-0.83411384,-0.21824133,0.25507316,-0.93739855,-0.23711103,0.16449486,-0.4167799,-0.13342303,0.23869306,-0.5582511,-0.23844525,0.30272982,-0.6753557,-0.29124227,0.3759721,-0.7779119,-0.31373343,0.2039051,-0.28730315,-0.16058394,0.13326031,-0.34804425,-0.28819263,0.001647603,-0.29986364,-0.32288235,-0.07281927,-0.27313715,-0.3131616,0.21440157,-0.14528087,-0.19117571,0.26322833,-0.17819183,-0.26951355,0.3270569,-0.19837245,-0.29047987,0.40016016,-0.23009981,-0.29410133
ㅂ,0.0,0.0,0.0,-0.13838345,-0.05349671,-0.050645623,-0.23770499,-0.20610844,-0.07756527,-0.21399096,-0.35101238,-0.102726586,-0.12169551,-0.33897346,-0.1288785,-0.16025689,-0.50479686,-0.02758933,-0.15525424,-0.69627136,-0.058694277,-0.14070281,-0.80900687,-0.0937121,-0.12199921,-0.907792,-0.124817036,-0.08133148,-0.5321922,-0.03638094,-0.07728608,-0.75017935,-0.057802733,-0.066823065,-0.88055503,-0.08202298,-0.05547142,-0.993038,-0.10391531,-0.007318243,-0.51284826,-0.05468233,-0.0032836553,-0.7165775,-0.075683124,-0.00049359666,-0.84630567,-0.09762499,0.002499218,-0.9583801,-0.11709034,0.07090499,-0.4566759,-0.08083426,0.071592264,-0.62015384,-0.10143881,0.06975514,-0.72590137,-0.11372229,0.06720426,-0.8197848,-0.12560952
ㅂ,0.0,0.0,0.0,-0.13600023,-0.0528779,-0.05234897,-0.23289211,-0.20961478,-0.07886734,-0.20839663,-0.35550776,-0.10322094,-0.12018837,-0.3503996,-0.12831251,-0.15247682,-0.5080411,-0.028585758,-0.14327152,-0.6962248,-0.060466837,-0.1263211,-0.8094523,-0.09608706,-0.1055253,-0.9091219,-0.12723014,-0.07113117,-0.53324825,-0.036580626,-0.061647646,-0.74884754,-0.058449667,-0.047860682,-0.87986374,-0.08280327,-0.03454743,-0.99388325,-0.104893714,0.002936006,-0.5126115,-0.054316934,0.012184251,-0.7140515,-0.07591538,0.018942913,-0.842655,-0.097513825,0.025566433,-0.95413357,-0.116799906,0.078438245,-0.4547366,-0.080146514,0.08366943,-0.6167095,-0.10085938,0.08486562,-0.7212653,-0.11286398,0.08443018,-0.81472796,-0.12467179
ㅂ,0.0,0.0,0.0,-0.13859904,-0.029758986,-0.05076885,-0.25199437,-0.1674479,-0.077909805,-0.25013134,-0.3087938,-0.10368,-0.16595703,-0.32072866,-0.1299985,-0.2037444,-0.48948807,-0.027142012,-0.20989853,-0.68143713,-0.06086259,-0.20060037,-0.79714525,-0.096950844,-0.18600664,-0.89902824,-0.12830375,-0.12676427,-0.52604705,-0.03648807,-0.13455728,-0.7431838,-0.060413975,-0.12901925,-0.8747048,-0.08443958,-0.12157531,-0.98695165,-0.10557414,-0.051104736,-0.5160873,-0.055828184,-0.060277432,-0.71791565,-0.078408256,-0.06534928,-0.84338963,-0.098595746,-0.0679256,-0.95273924,-0.11663986,0.02857443,-0.4681135,-0.08329313,0.019371558,-0.630662,-0.104477525,0.010442697,-0.7357644,-0.11644049,0.0012986934,-0.8305127,-0.12800469
ㅅ,0.0,0.0,0.0,-0.14577885,0.10914758,0.024407666,-0.20003775,0.31339377,0.011382955,-0.17129639,0.4922428,-0.0062426133,-0.1301603,0.61381954,-0.021962713,-0.2541062,0.36571577,-0.070286795,-0.2931727,0.62909925,-0.10429577,-0.31003875,0.7845075,-0.11934654,-0.31659466,0.9065258,-0.12706488,-0.17080481,0.38373506,-0.09908588,-0.17543039,0.6770002,-0.12696841,-0.1639234,0.85576904,-0.13111702,-0.144123,0.9799896,-0.1372917,-0.07687272,0.38768983,-0.11838175,-0.023666771,0.6330751,-0.12455642,-0.005287476,0.57769996,-0.08543406,0.00040602722,0.4848569,-0.05899872,0.0092645325,0.3777486,-0.13854592,0.050288267,0.5548851,-0.12696841,0.058562677,0.50919676,-0.087074205,0.057547145,0.43450707,-0.057406813
ㅖ,0.0,0.0,0.0,-0.053089138,-0.16302505,-0.109552875,-0.07521873,-0.29334298,-0.19279675,-0.05933162,-0.35812902,-0.27229607,0.017921686,-0.31170508,-0.34853092,0.1712792,-0.4743758,-0.1701375,0.29403496,-0.63470566,-0.26922363,0.37422442,-0.7404817,-0.3216471,0.46329626,-0.81479007,-0.34853092,0.2517236,-0.33938423,-0.17714652,0.3828014,-0.42954937,-0.3095494,0.49354088,-0.48782945,-0.3746467,0.61662227,-0.52894,-0.4009544,0.27517828,-0.18128973,-0.19126053,0.2421927,-0.21828394,-0.33988973,0.09453321,-0.21166028,-0.37637493,0.014342833,-0.21192966,-0.36216488,0.26884276,-0.024354871,-0.21084732,0.3481134,-0.013917681,-0.29917988,0.4220377,0.008409787,-0.31646237,0.51094776,0.016972208,-0.31415805
ㅂ,0.0,0.0,0.0,-0.1369712,-0.025792807,-0.052924287,-0.2518401,-0.15558133,-0.08361084,-0.25568205,-0.29487208,-0.112271406,-0.17490138,-0.30865738,-0.14152494,-0.20985663,-0.4799541,-0.036098562,-0.21908274,-0.6694277,-0.07338198,-0.21235575,-0.7861624,-0.1112831,-0.19953933,-0.88853216,-0.1431062,-0.13250197,-0.5171512,-0.045437954,-0.14199771,-0.7346249,-0.07199837,-0.13959336,-0.8692218,-0.09705166,-0.1333471,-0.9839479,-0.118596494,-0.055996526,-0.5075259,-0.064388506,-0.06555865,-0.7111296,-0.08904646,-0.07250563,-0.84049886,-0.10940534,-0.07529846,-0.9539366,-0.12719466,0.02537491,-0.4599777,-0.091270134,0.015392795,-0.6241008,-0.112963215,0.005378327,-0.72928023,-0.12373563,-0.0041436907,-0.8248665,-0.13421156
ㅖ,0.0,0.0,0.0,-0.05878647,-0.15902108,-0.10113055,-0.084761456,-0.2939278,-0.18021765,-0.07206475,-0.36263698,-0.25656128,-0.00022326931,-0.31041145,-0.3303507,0.15285042,-0.47635597,-0.16612199,0.26659265,-0.643489,-0.26583228,0.33857396,-0.7539315,-0.32032293,0.41972914,-0.837836,-0.34908184,0.23562591,-0.34675732,-0.1775688,0.34553114,-0.44400632,-0.3095383,0.44268072,-0.5124534,-0.37557036,0.5552974,-0.5683265,-0.4037617,0.2647051,-0.18953778,-0.19563773,0.22470112,-0.21984674,-0.3418921,0.075634375,-0.20219691,-0.3774624,-0.00689112,-0.20049316,-0.36478576,0.26186258,-0.031338,-0.21872056,0.33422014,-0.022363579,-0.304619,0.4041514,-0.0044360915,-0.32089052,0.49021876,-0.002036034,-0.3193769
ㅂ,0.0,0.0,0.0,-0.13896404,-0.02175017,-0.053439837,-0.25808275,-0.15226667,-0.08397628,-0.270682,-0.29615602,-0.112430684,-0.1846899,-0.30770153,-0.14147997,-0.2173799,-0.47080854,-0.034751136,-0.23233858,-0.6574093,-0.07118667,-0.23217402,-0.7756425,-0.10866321,-0.22516187,-0.8806054,-0.14058767,-0.14345992,-0.5115302,-0.043847624,-0.16176586,-0.72766554,-0.070492655,-0.1657527,-0.8628023,-0.09483258,-0.16578586,-0.97935086,-0.11570245,-0.06764615,-0.5052299,-0.062660255,-0.08648797,-0.70660716,-0.08848735,-0.09773133,-0.8362469,-0.10876235,-0.10623509,-0.9491711,-0.12601346,0.014776333,-0.46154568,-0.08952837,-0.0013531611,-0.62491745,-0.11203413,-0.0149108805,-0.7293894,-0.123237416,-0.027705744,-0.82406354,-0.133945
ㅅ,0.0,0.0,0.0,-0.13443743,0.11627663,0.0048204437,-0.16777113,0.31144473,-0.01744827,-0.11362203,0.46639273,-0.035926882,-0.052939657,0.56121767,-0.05379579,-0.20837912,0.38876185,-0.109559916,-0.23029491,0.651991,-0.13873172,-0.24543805,0.80200493,-0.14980012,-0.25143746,0.91833603,-0.15599091,-0.104879975,0.40390712,-0.12109732,-0.08713849,0.68688136,-0.13882552,-0.08210106,0.858166,-0.14370313,-0.06724417,0.98590827,-0.15317693,-0.005242556,0.39860037,-0.11987791,0.006283545,0.5888052,-0.108434305,-0.021251589,0.5276501,-0.0678658,-0.033864535,0.44716218,-0.04500204,0.07744758,0.38031203,-0.11987791,0.0623667,0.49368462,-0.09356701,0.040447958,0.4487117,-0.04854299,0.03919401,0.3976793,-0.017800024
ㅅ,0.0,0.0,0.0,-0.13264462,0.16892327,0.074445516,-0.15386799,0.36875516,0.09872386,-0.10278803,0.529701,0.10758898,-0.039905082,0.6241511,0.11826742,-0.23124914,0.43878457,0.044878334,-0.254441,0.69470435,0.059536,-0.25719878,0.8256532,0.06840112,-0.25539312,0.9384227,0.07328702,-0.14907622,0.46619833,0.0064775134,-0.13700429,0.72984225,0.02951549,-0.11544349,0.89155996,0.02454145,-0.09010835,0.99585646,0.012263766,-0.05410986,0.4634474,-0.021307833,0.034232005,0.62903047,0.0076486156,0.07378725,0.54150546,0.01722521,0.092524774,0.43558934,0.018245203,0.03706572,0.44699782,-0.0450321,0.12933302,0.5264264,-0.020464135,0.16350502,0.43827227,-0.004950178,0.18336703,0.34226856,0.0063799215
ㅖ,0.0,0.0,0.0,-0.055356067,-0.1501934,-0.100626394,-0.081749365,-0.29024842,-0.17609523,-0.05950046,-0.3523624,-0.2487375,0.017072938,-0.2915606,-0.3199665,0.1574806,-0.47155142,-0.15875907,0.27361214,-0.646557,-0.24892594,0.34323013,-0.76202935,-0.29622352,0.42031783,-0.84923214,-0.31958964,0.2458593,-0.34226367,-0.16789824,0.3648082,-0.442539,-0.28774387,0.461837,-0.5177083,-0.3472898,0.56820446,-0.5770416,-0.3714097,0.278448,-0.18384509,-0.18344425,0.24395306,-0.20586315,-0.32090873,0.09971685,-0.18326245,-0.3557695,0.01711675,-0.1733841,-0.3431442,0.28015995,-0.019914202,-0.20351274,0.36459687,-0.007895203,-0.28246766,0.440743,0.012708899,-0.2950929,0.53005695,0.01863286,-0.29170105
ㅂ,0.0,0.0,0.0,-0.13437977,-0.034123585,-0.052243598,-0.24318808,-0.1823892,-0.07917274,-0.2416068,-0.3331435,-0.103898585,-0.15720853,-0.33478308,-0.12945679,-0.1866949,-0.4883203,-0.030626835,-0.19046497,-0.675762,-0.064631,-0.18061063,-0.7942766,-0.10115671,-0.16452801,-0.89827615,-0.13268828,-0.109714866,-0.5227614,-0.039072797,-0.11306495,-0.73873734,-0.062231857,-0.1057648,-0.8743353,-0.085537806,-0.09585471,-0.9897086,-0.106248766,-0.035655588,-0.5093342,-0.057286683,-0.03830132,-0.7120653,-0.079858206,-0.039865926,-0.8434445,-0.09973682,-0.038695496,-0.95694053,-0.11741213,0.041864425,-0.4588961,-0.08357933,0.036560223,-0.62128305,-0.10419236,0.031344585,-0.72828394,-0.11525778,0.026726162,-0.82396054,-0.12642114
ㅂ,0.0,0.0,0.0,-0.13854222,-0.024435882,-0.050846923,-0.2547662,-0.16222435,-0.07762607,-0.2652503,-0.31181848,-0.10258048,-0.18407494,-0.3240184,-0.12802808,-0.21058655,-0.47716808,-0.028654259,-0.22085679,-0.66483724,-0.06199257,-0.2156375,-0.78324693,-0.09740219,-0.20517135,-0.88828933,-0.12802808,-0.13451211,-0.5159835,-0.03814779,-0.14353345,-0.73283756,-0.062239155,-0.14103185,-0.8689431,-0.08536884,-0.13587758,-0.98508817,-0.10553951,-0.059103075,-0.5071278,-0.057455406,-0.0691094,-0.7101117,-0.08132484,-0.0754746,-0.8417821,-0.10110098,-0.07868625,-0.9566338,-0.11836194,0.020975696,-0.46072984,-0.084579766,0.010775994,-0.62430817,-0.106229946,0.0015407004,-0.7316079,-0.11757287,-0.007254286,-0.82973516,-0.12861988
ㅂ,0.0,0.0,0.0,-0.13706994,-0.035226572,-0.051333033,-0.24667382,-0.18507223,-0.07709774,-0.23604381,-0.3308004,-0.101184286,-0.1458777,-0.3314439,-0.12625799,-0.19068746,-0.49075606,-0.027962174,-0.19602951,-0.6784834,-0.060859066,-0.18718538,-0.79383856,-0.09689017,-0.17389745,-0.8966755,-0.12862715,-0.11381449,-0.52435493,-0.036673803,-0.119386874,-0.739677,-0.059970625,-0.11446447,-0.8725918,-0.08420525,-0.107404515,-0.9885569,-0.10592263,-0.03949487,-0.5103568,-0.055281647,-0.045422416,-0.7110356,-0.07788746,-0.04900934,-0.83925325,-0.09950613,-0.05094178,-0.9512085,-0.11865691,0.037643872,-0.46012357,-0.081984155,0.031533707,-0.62029916,-0.10345474,0.024492845,-0.72561175,-0.116583884,0.0174838,-0.82192785,-0.12961431
ㅅ,0.0,0.0,0.0,-0.14554267,0.11321828,-0.0014245124,-0.19205582,0.3078084,-0.021177093,-0.15984803,0.46528813,-0.034524444,-0.11098333,0.5696899,-0.04858767,-0.19581811,0.37812337,-0.11823407,-0.21917978,0.6480008,-0.15259542,-0.23374344,0.80418247,-0.16524999,-0.23903431,0.92301345,-0.16922188,-0.0873159,0.4040772,-0.12063566,-0.0753725,0.6927997,-0.13661553,-0.06888264,0.86831665,-0.13550709,-0.05549871,0.9889659,-0.1373545,0.011743113,0.41247496,-0.111491114,-0.0010494576,0.5847108,-0.099575475,-0.034574497,0.53046435,-0.065121755,-0.04749009,0.45048478,-0.043507352,0.08519612,0.40697056,-0.10308551,0.048160564,0.4989909,-0.078192,0.01872838,0.45287165,-0.03861179,0.015410897,0.39829794,-0.009180641
ㅂ,0.0,0.0,0.0,-0.13635178,-0.034675833,-0.04976955,-0.24603187,-0.18336444,-0.0757562,-0.22939253,-0.32458064,-0.10047946,-0.13464239,-0.32198456,-0.12683772,-0.19925207,-0.48416317,-0.03114041,-0.21292578,-0.6739675,-0.065500274,-0.21120927,-0.7917456,-0.10196582,-0.2031231,-0.8958468,-0.13426955,-0.12512186,-0.5206021,-0.041049525,-0.14161581,-0.73542553,-0.06688754,-0.14245574,-0.8676592,-0.09309716,-0.14149943,-0.9831024,-0.11613587,-0.05146173,-0.50877845,-0.060248442,-0.064085834,-0.71194607,-0.084872596,-0.072912134,-0.84001803,-0.109001294,-0.081043795,-0.9517074,-0.12990955,0.028893162,-0.4616166,-0.087102145,0.018124597,-0.6219889,-0.11048766,0.00616092,-0.7275521,-0.12564862,-0.006037848,-0.823223,-0.14001684
ㅅ,0.0,0.0,0.0,-0.13460125,0.13602538,0.03824861,-0.17046456,0.32472652,0.014002888,-0.13109118,0.49346003,-0.011157657,-0.086474694,0.6148832,-0.035006378,-0.22661033,0.36416018,-0.13339315,-0.25611982,0.62217873,-0.18807548,-0.27028364,0.7723489,-0.21817838,-0.27908033,0.89005077,-0.23732638,-0.13020937,0.35801467,-0.16865127,-0.12477652,0.6637837,-0.21541663,-0.106384225,0.8485556,-0.22333361,-0.08924915,0.96799487,-0.23456468,-0.026033724,0.35213578,-0.18697079,0.011394485,0.63331443,-0.1887199,0.03199791,0.59865993,-0.12759352,0.042041317,0.5177456,-0.09100053,0.072991274,0.344205,-0.20455383,0.094023354,0.55125725,-0.18476139,0.0910974,0.5252912,-0.12879026,0.089564815,0.46874455,-0.08948158
ㅂ,0.0,0.0,0.0,-0.13747568,-0.033761963,-0.05202861,-0.24760544,-0.1794673,-0.079351716,-0.23186843,-0.32008153,-0.1048467,-0.13616754,-0.3201479,-0.13182396,-0.1978755,-0.48407972,-0.032610912,-0.20940073,-0.6754172,-0.06734536,-0.205513,-0.7936384,-0.10415498,-0.19606413,-0.898527,-0.13646841,-0.122437745,-0.5197196,-0.04130688,-0.13590018,-0.7354802,-0.066999495,-0.1354676,-0.8679424,-0.09274153,-0.13249129,-0.9844411,-0.11542021,-0.048717707,-0.5076463,-0.059588168,-0.059968308,-0.7101806,-0.08389734,-0.06776538,-0.83820695,-0.10731715,-0.074319474,-0.9501519,-0.1275748,0.03126629,-0.46016526,-0.085923105,0.022040999,-0.6214754,-0.10919469,0.010947188,-0.727474,-0.12391853,-0.00046084187,-0.8238096,-0.13795066
ㅅ,0.0,0.0,0.0,-0.1296699,0.12657002,-0.020719454,-0.15983663,0.31136742,-0.061284296,-0.10633336,0.45699242,-0.091798246,-0.043027174,0.54389995,-0.122652166,-0.14097893,0.36177245,-0.16319576,-0.17485452,0.62011176,-0.22473364,-0.19297825,0.7737425,-0.26111236,-0.20136406,0.8943867,-0.2832116,-0.027083693,0.35579044,-0.16668065,-0.01051838,0.654122,-0.21113412,-0.0004219628,0.83570135,-0.22711356,0.013501489,0.97050244,-0.24071309,0.072297014,0.33732286,-0.15877594,0.053097587,0.55632544,-0.1762853,0.011933091,0.51047647,-0.14143653,-0.0080542285,0.42922503,-0.11525743,0.1485255,0.3174376,-0.15214616,0.09468032,0.46933472,-0.15495105,0.05703122,0.43024078,-0.1161924,0.052502118,0.37257567,-0.083978504
ㅅ,0.0,0.0,0.0,-0.14510995,0.13307935,0.047822703,-0.18263951,0.3298019,0.036791887,-0.15816434,0.4907448,0.02277654,-0.12548944,0.61133784,0.009692364,-0.23541912,0.40157643,-0.0975119,-0.2528517,0.64654243,-0.13571388,-0.27288333,0.79096794,-0.1554834,-0.28269255,0.9074687,-0.16885407,-0.14200388,0.40403715,-0.12807347,-0.11786183,0.6900348,-0.1630283,-0.105610006,0.8597323,-0.1730563,-0.08554009,0.97870153,-0.186618,-0.040476684,0.39312828,-0.13962959,-0.005429268,0.61299264,-0.11938254,-0.02912831,0.55392134,-0.056253787,-0.044041254,0.4728928,-0.022934506,0.0491415,0.36526284,-0.15070815,0.059173964,0.5049511,-0.105056785,0.03803337,0.45965576,-0.04140277,0.0277376,0.4009081,-0.0004942055
ㅅ,0.0,0.0,0.0,-0.13629146,0.115341276,0.023936499,-0.18708073,0.32204288,0.011785769,-0.16120327,0.4980669,-0.006440328,-0.11620124,0.6173318,-0.021952802,-0.24415244,0.38074365,-0.061591078,-0.28279275,0.6378494,-0.09744966,-0.29844517,0.7884275,-0.113004535,-0.30431157,0.90406775,-0.121145405,-0.16498454,0.39812508,-0.09216779,-0.1625747,0.6852788,-0.123277545,-0.15063088,0.86077374,-0.13170914,-0.13300596,0.9812265,-0.1396562,-0.07328522,0.3996782,-0.11455518,-0.0042514154,0.62899065,-0.1256035,0.020512642,0.5740011,-0.093912266,0.025638748,0.48765504,-0.07079801,0.015578098,0.38406032,-0.13752405,0.07312312,0.5304318,-0.12957703,0.08108579,0.48531467,-0.096238226,0.07646828,0.41919628,-0.07045881
ㅅ,0.0,0.0,0.0,-0.13807745,0.091017134,-0.02090636,-0.1926298,0.27209485,-0.063353226,-0.16000886,0.4311783,-0.09356315,-0.11193469,0.53405476,-0.12381557,-0.19225872,0.3115343,-0.17845687,-0.24596149,0.5757322,-0.24440035,-0.2705387,0.7324624,-0.28468028,-0.2842792,0.85538566,-0.30898416,-0.07937901,0.32244587,-0.18100624,-0.0885218,0.640707,-0.2246853,-0.09288163,0.8247167,-0.23794197,-0.09190168,0.96347415,-0.25153857,0.02306278,0.32691556,-0.1711487,-0.005705367,0.5733468,-0.18576503,-0.039879575,0.51540667,-0.14624996,-0.05236962,0.42608464,-0.118801825,0.10450675,0.32836318,-0.16256586,0.04969336,0.49178568,-0.16511522,0.016858174,0.44357955,-0.1252602,0.015427197,0.38156176,-0.09288331
ㅅ,0.0,0.0,0.0,-0.1388925,0.103639826,0.0041708355,-0.19570741,0.30035904,-0.028783247,-0.1734833,0.47973332,-0.055771798,-0.15068996,0.612051,-0.08110518,-0.24804302,0.32817683,-0.15439269,-0.29012042,0.5899916,-0.2085537,-0.31534946,0.74483234,-0.23742731,-0.3287113,0.8657807,-0.2550825,-0.14281902,0.3272404,-0.17186397,-0.1528681,0.6320957,-0.2157261,-0.15565938,0.823094,-0.2262089,-0.14717825,0.9595047,-0.24018592,-0.036908325,0.33180448,-0.17480652,-0.027151933,0.6174326,-0.17894445,-0.053887393,0.5739172,-0.12717423,-0.06947205,0.48555842,-0.09738107,0.05283511,0.33531103,-0.17894445,0.035509225,0.5332851,-0.16515131,0.011832744,0.4952754,-0.11549605,0.0024255512,0.4288289,-0.080829315
ㅖ,0.0,0.0,0.0,-0.030961137,-0.16713628,-0.12276112,-0.032505706,-0.33134466,-0.21981993,0.005400367,-0.38049382,-0.30946085,0.06327382,-0.3041511,-0.3995197,0.34152982,-0.46917605,-0.19307391,0.43683124,-0.5727082,-0.3050728,0.50906867,-0.63483983,-0.38259453,0.5900958,-0.68009233,-0.4350418,0.39927125,-0.29803672,-0.21156625,0.51033014,-0.35542297,-0.35020676,0.5992719,-0.39870217,-0.43211645,0.6940592,-0.41649652,-0.4797578,0.38772166,-0.098867394,-0.23987944,0.3874402,-0.14962867,-0.40411666,0.20548742,-0.22941464,-0.45928034,0.071331695,-0.2741979,-0.4672206,0.3212325,0.0892408,-0.27393883,0.40497378,0.17448089,-0.39659438,0.4906871,0.2537161,-0.4438178,0.5869431,0.3260518,-0.4672206
ㄱ,0.0,0.0,0.0,-0.13312691,0.08315516,-0.027252981,-0.2641691,0.23314458,-0.0785238,-0.3953664,0.3106032,-0.12375611,-0.50578815,0.3000081,-0.17378303,-0.19597839,0.36073712,-0.14085391,-0.14918783,0.6570357,-0.1968515,-0.12744886,0.8306023,-0.22435272,-0.10130092,0.9654497,-0.24009357,-0.07361424,0.3673174,-0.14465342,-0.060597792,0.6207592,-0.20173658,-0.08251482,0.5438256,-0.1870813,-0.092314675,0.4301081,-0.16527936,0.03710681,0.35760188,-0.14221089,0.020487048,0.5685079,-0.1807488,0.0115028415,0.49873492,-0.13669255,0.010314364,0.40580353,-0.09761182,0.13281621,0.35077184,-0.13859232,0.09802999,0.5333722,-0.14863387,0.09478084,0.46490842,-0.10077808,0.10267559,0.38612992,-0.061425988
ㅅ,0.0,0.0,0.0,-0.13170315,0.08219873,-0.015762571,-0.21465746,0.26280957,-0.07995761,-0.23434356,0.45161366,-0.135945,-0.26700333,0.59654224,-0.19912344,-0.2806435,0.20155504,-0.22840126,-0.3432239,0.49135885,-0.30544814,-0.38152626,0.6564156,-0.34705344,-0.41435868,0.80059856,-0.3780434,-0.17833102,0.18750861,-0.250488,-0.18198852,0.5490789,-0.3295895,-0.17334382,0.7580804,-0.34551248,-0.15848492,0.91658634,-0.3670856,-0.06662523,0.19563557,-0.25750786,-0.0878276,0.51619565,-0.29911315,-0.08929601,0.45215088,-0.24381064,-0.08323111,0.36048913,-0.2111085,0.02906241,0.22212003,-0.26435643,-0.006495597,0.48268536,-0.29140845,-0.009428713,0.44000256,-0.24809101,-0.010741934,0.36010087,-0.21692984
ㅖ,0.0,0.0,0.0,-0.034331787,-0.1858343,-0.12211579,-0.057131886,-0.3399519,-0.23669487,-0.050562926,-0.38756856,-0.33968076,-0.019175963,-0.37965682,-0.44479212,0.26920125,-0.4643161,-0.272054,0.34678197,-0.56490505,-0.41464987,0.40543705,-0.6210324,-0.5089409,0.47444692,-0.66585314,-0.5757948,0.32982272,-0.2824679,-0.29775217,0.44505,-0.3376844,-0.47145635,0.48290306,-0.38448006,-0.55840504,0.5246974,-0.42593777,-0.60980135,0.32113737,-0.081192285,-0.3292469,0.3085127,-0.1411095,-0.5189883,0.124352545,-0.21634132,-0.5730898,-0.011332501,-0.27029967,-0.5835236,0.2539067,0.09595538,-0.3649925,0.31411266,0.17623422,-0.52362555,0.36811274,0.2536782,-0.58429646,0.44336295,0.3167223,-0.6159844
ㄱ,0.0,0.0,0.0,-0.12729155,0.06851545,-0.029963631,-0.27278766,0.21695432,-0.08175478,-0.40198186,0.30940825,-0.12630728,-0.5146332,0.28604627,-0.17587975,-0.21761724,0.33226386,-0.14818011,-0.18882707,0.6352062,-0.21012333,-0.17249817,0.81332415,-0.24562186,-0.15031503,0.9516112,-0.26803255,-0.09249873,0.34872657,-0.15077977,-0.08835639,0.60932946,-0.21335045,-0.09961339,0.5242502,-0.20115903,-0.10069485,0.4091187,-0.1809894,0.020540563,0.34699512,-0.14728369,-0.00021238765,0.57166135,-0.1964976,-0.0046926895,0.4952273,-0.1546344,-0.00039117257,0.39376283,-0.115101926,0.119054824,0.3491084,-0.14145692,0.07262893,0.53623104,-0.16216439,0.07514343,0.4632481,-0.116625845,0.0886346,0.3793679,-0.077900134
ㅅ,0.0,0.0,0.0,-0.13656628,0.082304075,-0.025697254,-0.21854587,0.25187021,-0.096455686,-0.23461927,0.42877015,-0.15824895,-0.25594914,0.55982196,-0.22868644,-0.28740448,0.19031946,-0.24015498,-0.34744984,0.4632261,-0.32009253,-0.37945208,0.6393414,-0.36220095,-0.40648112,0.7890348,-0.39335433,-0.18185414,0.16173322,-0.260011,-0.17578302,0.53567076,-0.34611076,-0.16410951,0.7535556,-0.3625433,-0.14844045,0.9119957,-0.38239932,-0.06776023,0.16036828,-0.26565966,-0.08423486,0.49561125,-0.31786728,-0.09183065,0.4408108,-0.26754257,-0.08914753,0.347542,-0.23484863,0.029979007,0.18264355,-0.2711372,-0.00640007,0.45805013,-0.30742577,-0.01378376,0.4221871,-0.26720023,-0.018272579,0.33691245,-0.23587565
ㅅ,0.0,0.0,0.0,-0.12928309,0.09836794,-0.021093572,-0.20290858,0.29246756,-0.07747611,-0.20552294,0.48140037,-0.12653816,-0.20488209,0.6121681,-0.18135612,-0.27258927,0.2660875,-0.19496924,-0.3097001,0.5701335,-0.26952162,-0.33176616,0.7336995,-0.30679786,-0.35567102,0.8738584,-0.3314659,-0.16762829,0.24408789,-0.21707913,-0.14175765,0.6064099,-0.2887079,-0.10682677,0.79759413,-0.30058512,-0.0783006,0.9381404,-0.31465507,-0.059273355,0.23566626,-0.22895637,-0.043564584,0.5578052,-0.28523612,-0.04350228,0.49156854,-0.24741174,-0.047317047,0.39853886,-0.2176273,0.036586303,0.24213104,-0.24046811,0.028616704,0.49405682,-0.28011975,0.023738021,0.44552732,-0.24777718,0.014488625,0.36802915,-0.21890639
ㅅ,0.0,0.0,0.0,-0.13476215,0.08121771,-0.021323781,-0.21744439,0.258328,-0.08220623,-0.22715141,0.44144052,-0.1353777,-0.23159334,0.5752416,-0.19609469,-0.28098106,0.22718194,-0.2153335,-0.32943118,0.52600914,-0.29211223,-0.35709438,0.69644505,-0.33270785,-0.3819635,0.8417663,-0.36077186,-0.17468806,0.20407133,-0.23739633,-0.157367,0.5714441,-0.3136456,-0.13769965,0.7777461,-0.32829532,-0.1184589,0.93074656,-0.3459456,-0.06447019,0.1992561,-0.2472805,-0.06759273,0.53026116,-0.30146688,-0.074316755,0.47320828,-0.2612242,-0.073571585,0.38213006,-0.23210126,0.031436283,0.21483268,-0.25663516,0.0069856322,0.4817229,-0.2958188,-0.00041042062,0.4430214,-0.26193026,-0.007164847,0.363855,-0.23316027
ㄱ,0.0,0.0,0.0,-0.12665802,0.06450368,-0.02365665,-0.28017032,0.20927498,-0.07287133,-0.40926835,0.30134273,-0.116110444,-0.5216964,0.27578658,-0.16436274,-0.23151973,0.32793647,-0.1433251,-0.20852229,0.6286652,-0.20733328,-0.19255884,0.80830467,-0.24582772,-0.17268574,0.9470444,-0.27071482,-0.10757726,0.34575218,-0.15048686,-0.10158686,0.6111738,-0.21682261,-0.10461459,0.5203473,-0.2066171,-0.10277981,0.4016302,-0.18710135,0.008024779,0.34538418,-0.15111351,-0.009400628,0.5711689,-0.20482668,-0.0070720883,0.49111477,-0.16221425,-0.0018241677,0.38747436,-0.121034145,0.11077662,0.34954932,-0.14869642,0.06571548,0.5383437,-0.17241973,0.0735491,0.4625381,-0.12506263,0.08749789,0.3789297,-0.08450919
ㄱ,0.0,0.0,0.0,-0.12813346,0.05531683,-0.029353077,-0.2859045,0.19798541,-0.0795119,-0.4165766,0.28732178,-0.12278004,-0.5274017,0.251112,-0.1704779,-0.23955478,0.3057465,-0.14622627,-0.225893,0.613097,-0.21226948,-0.21599513,0.79720914,-0.25289768,-0.19910792,0.9394674,-0.27884957,-0.11425757,0.32629105,-0.15302746,-0.11942329,0.6023242,-0.22658779,-0.120916635,0.51388913,-0.22211331,-0.11433806,0.39459863,-0.2045734,0.0009544428,0.33519974,-0.1535644,-0.026066812,0.5698844,-0.21065865,-0.023008132,0.48992133,-0.16931453,-0.014368561,0.38767743,-0.12788093,0.10199661,0.3497794,-0.15213257,0.051338397,0.5445077,-0.1772791,0.060062476,0.46821895,-0.13119204,0.07846031,0.38461712,-0.091235004
ㄱ,0.0,0.0,0.0,-0.1266311,0.053434424,-0.020945285,-0.2835552,0.19586094,-0.066851914,-0.41003323,0.2904101,-0.10690848,-0.5198396,0.25532994,-0.15262276,-0.2439116,0.31443912,-0.14112629,-0.22735862,0.6218337,-0.20204848,-0.21604066,0.8030859,-0.23898198,-0.20055948,0.94370264,-0.26306117,-0.11935887,0.34002072,-0.14827764,-0.11696115,0.5978959,-0.20766091,-0.116332985,0.5094197,-0.19335824,-0.11079515,0.39626762,-0.17398626,-0.004030426,0.34824756,-0.1489113,-0.024532812,0.56860566,-0.19697918,-0.021049451,0.48833948,-0.1524417,-0.013095448,0.38824773,-0.113064066,0.09712182,0.36120534,-0.14664821,0.04957209,0.54399395,-0.16674438,0.058264345,0.4653042,-0.11894809,0.07439509,0.38190648,-0.08006832
ㅅ,0.0,0.0,0.0,-0.16962454,0.040187895,-0.012676335,-0.29374048,0.18692267,-0.059331447,-0.34325343,0.37135455,-0.10217169,-0.36949214,0.5069318,-0.15448987,-0.38024658,0.16314465,-0.16832764,-0.44318607,0.4553431,-0.24453022,-0.47089645,0.641611,-0.28907648,-0.49317366,0.79166967,-0.3173207,-0.2737011,0.15782201,-0.19562408,-0.30080244,0.5166648,-0.27220574,-0.32297418,0.7322364,-0.2968484,-0.33930984,0.8860117,-0.3159938,-0.15912078,0.17205779,-0.21439038,-0.1808685,0.5183032,-0.27637607,-0.20212948,0.58860564,-0.25988445,-0.22486687,0.5913405,-0.24301372,-0.055159513,0.20298739,-0.23107153,-0.08952765,0.48222864,-0.27637607,-0.11257083,0.5171603,-0.25666195,-0.13915455,0.4804463,-0.23467317
ㅖ,0.0,0.0,0.0,-0.034274057,-0.1657176,-0.12763628,-0.03351503,-0.3140629,-0.22568993,0.0075665,-0.35688186,-0.31567588,0.08209051,-0.2888811,-0.40566182,0.32327244,-0.45916912,-0.19621177,0.43379343,-0.5737602,-0.30574638,0.516433,-0.6322508,-0.38001063,0.6055252,-0.669211,-0.43069237,0.3797539,-0.29423413,-0.2085202,0.48861402,-0.36321875,-0.34525746,0.5699988,-0.39679635,-0.4230384,0.6579469,-0.39975747,-0.46668676,0.37169898,-0.10358976,-0.23065467,0.39678115,-0.14276026,-0.38600972,0.22512364,-0.21092257,-0.43482965,0.098060325,-0.25021666,-0.44062182,0.3131745,0.082578234,-0.26023626,0.39958686,0.17098396,-0.3783557,0.48063987,0.2523039,-0.42490017,0.568145,0.32292718,-0.44724157
ㅅ,0.0,0.0,0.0,-0.15496144,0.04907727,-0.021004874,-0.2769133,0.20642832,-0.07430986,-0.32560337,0.39566204,-0.12078266,-0.3638101,0.52563125,-0.17544022,-0.34936765,0.17891403,-0.1980986,-0.4081081,0.47631624,-0.27818906,-0.4280413,0.66181934,-0.32387576,-0.44463325,0.81232667,-0.35347039,-0.24108745,0.1762255,-0.21973966,-0.254544,0.5366625,-0.29761052,-0.26451725,0.7448055,-0.32054633,-0.27136216,0.89959455,-0.3421874,-0.12883052,0.18955298,-0.23102263,-0.14276348,0.5236985,-0.28817722,-0.14200808,0.49062195,-0.26024732,-0.1416247,0.41446686,-0.23916113,-0.027399633,0.21994773,-0.24119577,-0.060169637,0.49355856,-0.28336814,-0.07116261,0.47371763,-0.25728786,-0.08770935,0.3983863,-0.2332422
ㄱ,0.0,0.0,0.0,-0.14881057,0.055579036,-0.01647077,-0.28382364,0.17298633,-0.06616019,-0.42131513,0.2473476,-0.11090036,-0.53037226,0.21416362,-0.16152863,-0.2345754,0.33964583,-0.13751265,-0.22207357,0.6422274,-0.18573004,-0.21816069,0.81846535,-0.20659333,-0.2074392,0.9537121,-0.21772043,-0.1127499,0.38301328,-0.13677084,-0.13349055,0.5840645,-0.17126484,-0.15000471,0.50887144,-0.14316891,-0.14764939,0.41005343,-0.11878206,-0.004355163,0.39327717,-0.12833281,-0.04978704,0.5454546,-0.14836156,-0.05383119,0.4841189,-0.104595006,-0.04401895,0.39990416,-0.07246553,0.08844329,0.40122485,-0.11729844,0.024342608,0.51751876,-0.112291254,0.026243085,0.4512476,-0.065001115,0.04147533,0.3831099,-0.02983487
ㅅ,0.0,0.0,0.0,-0.15362656,0.058565233,-0.012639475,-0.26332393,0.2141614,-0.060114253,-0.29529727,0.39689732,-0.10213883,-0.31168842,0.53179556,-0.15316205,-0.34080496,0.21303836,-0.18451813,-0.38521156,0.50518227,-0.25400248,-0.40014017,0.68837607,-0.29537767,-0.41512924,0.83775765,-0.32395068,-0.23527431,0.20522912,-0.20669003,-0.23667005,0.56279206,-0.27181423,-0.2319325,0.76937383,-0.29111025,-0.22443138,0.9229167,-0.31281835,-0.12401355,0.21374652,-0.21708019,-0.13009048,0.5478414,-0.2616096,-0.12601845,0.50555426,-0.23155227,-0.12041845,0.42373767,-0.21188511,-0.022992678,0.23955432,-0.22617161,-0.04794261,0.51282173,-0.26049632,-0.054688226,0.48738864,-0.23303658,-0.06545752,0.41070956,-0.20947313
ㅅ,0.0,0.0,0.0,-0.1465664,0.07880612,-0.007399458,-0.24552527,0.26696324,-0.0519482,-0.26942202,0.47012278,-0.09142894,-0.27842566,0.622046,-0.13965636,-0.32281783,0.24540181,-0.18102176,-0.39080545,0.53710085,-0.24393968,-0.431004,0.6934941,-0.27583355,-0.47037193,0.8276853,-0.29806262,-0.21915452,0.23152477,-0.20412067,-0.21652707,0.5886181,-0.2677151,-0.2012425,0.78795,-0.27950618,-0.18812953,0.93692476,-0.2945833,-0.10789683,0.23483424,-0.21455865,-0.115043566,0.56084055,-0.26017654,-0.11121896,0.51004744,-0.22654304,-0.107855655,0.42536312,-0.202381,-0.009334627,0.25535935,-0.22306369,-0.033539224,0.52079713,-0.25689054,-0.037322663,0.48251072,-0.22615641,-0.04406326,0.40196428,-0.19909494
ㅅ,0.0,0.0,0.0,-0.13787095,0.08642267,-0.014160724,-0.22878973,0.2760541,-0.06298279,-0.24683146,0.47462296,-0.10391477,-0.24692535,0.62812114,-0.15270239,-0.3018325,0.2456855,-0.19221024,-0.34570906,0.54048204,-0.25781167,-0.36880362,0.7087524,-0.29107177,-0.39302927,0.8499955,-0.31349018,-0.19636934,0.23309338,-0.2109535,-0.18852788,0.59017444,-0.27398232,-0.17417546,0.7911093,-0.2857428,-0.16043241,0.939975,-0.30117843,-0.08738192,0.23812161,-0.21738502,-0.09113832,0.5558583,-0.26075178,-0.090106644,0.5042436,-0.22565411,-0.08774405,0.42023462,-0.20103061,0.010142739,0.2602732,-0.22234647,-0.012098814,0.5145663,-0.25229895,-0.015397955,0.47249782,-0.2195901,-0.021277195,0.39372203,-0.19221024
ㅅ,0.0,0.0,0.0,-0.13465194,0.088129826,-0.014314426,-0.22149491,0.28171074,-0.06475413,-0.23734696,0.48444778,-0.10738176,-0.23704511,0.6444966,-0.15831818,-0.29867983,0.24830401,-0.19290797,-0.33628997,0.5382031,-0.25739133,-0.3529155,0.70761585,-0.29062644,-0.3704291,0.85087067,-0.3137465,-0.19517551,0.23419856,-0.21151242,-0.18058093,0.5909506,-0.27418953,-0.16581783,0.7914015,-0.28593016,-0.15047751,0.9411808,-0.30254772,-0.08611876,0.2385244,-0.21765368,-0.08507827,0.5551175,-0.2593782,-0.085121326,0.49986002,-0.2234337,-0.08341389,0.41499352,-0.200133,0.01083401,0.25838766,-0.22234994,-0.010130657,0.5105799,-0.25269505,-0.013662641,0.4677685,-0.22090493,-0.020599803,0.3895457,-0.19525611
ㅇ,0.0,0.0,0.0,-0.13716371,-0.0798942,-0.019943004,-0.2421478,-0.20674627,-0.040242184,-0.31750706,-0.28544047,-0.0694007,-0.36742786,-0.35267237,-0.09451603,-0.15476654,-0.45634827,-0.0026078415,-0.24784203,-0.55541193,-0.08238646,-0.31218326,-0.4778388,-0.1477434,-0.3462041,-0.38627326,-0.17961322,-0.09666793,-0.50247884,-0.031299606,-0.14246465,-0.7026395,-0.079817854,-0.21487547,-0.81521755,-0.12177185,-0.27583694,-0.9155591,-0.15050228,-0.03196007,-0.49430662,-0.07239741,-0.03958018,-0.7149791,-0.11977405,-0.069079526,-0.85617036,-0.15697137,-0.10095125,-0.9785438,-0.17961322,0.029506588,-0.44063213,-0.11701517,0.055432796,-0.6107094,-0.15345141,0.063047394,-0.7377034,-0.16924362,0.062097892,-0.85361934,-0.178757
ㅇ,0.0,0.0,0.0,-0.15836066,-0.05757217,0.020529736,-0.25980243,-0.17805378,0.01896303,-0.34437287,-0.24095471,-0.00023851565,-0.43340993,-0.27711737,-0.016181314,-0.19805767,-0.4456356,0.05208946,-0.32131225,-0.51851916,-0.01579277,-0.38944873,-0.42779592,-0.073497675,-0.42371038,-0.3148965,-0.10077088,-0.17703184,-0.48176235,0.0050475495,-0.25946927,-0.683738,-0.029805385,-0.35333398,-0.77582115,-0.06176618,-0.43241704,-0.8325404,-0.08447715,-0.13964146,-0.471411,-0.054195862,-0.1884677,-0.70249003,-0.09059356,-0.24609439,-0.8427815,-0.1193207,-0.30065927,-0.94362575,-0.13847211,-0.103753135,-0.4262534,-0.114507765,-0.13454968,-0.6014613,-0.14508986,-0.16421805,-0.7259541,-0.15712216,-0.19281377,-0.8261365,-0.16584559
ㅇ,0.0,0.0,0.0,-0.14282645,-0.042042304,-0.0190004,-0.25685146,-0.14835878,-0.03964279,-0.3543751,-0.21158805,-0.06981522,-0.43094605,-0.28066817,-0.09662979,-0.20026396,-0.43002257,0.002713969,-0.31385094,-0.5124586,-0.07595117,-0.38282523,-0.44593462,-0.14330167,-0.42086846,-0.35552108,-0.17760499,-0.15450045,-0.48720545,-0.026018087,-0.22767153,-0.6738842,-0.07227926,-0.31928563,-0.7685465,-0.11392641,-0.39727327,-0.8410825,-0.14272188,-0.091923304,-0.49388003,-0.06749612,-0.1298578,-0.71356773,-0.11305675,-0.18079104,-0.8473954,-0.1477466,-0.23553175,-0.9569908,-0.1693915,-0.02540276,-0.45584062,-0.11267023,-0.020623172,-0.63005006,-0.14929265,-0.030975608,-0.7578664,-0.1636904,-0.051216822,-0.8712454,-0.17209712
ㅇ,0.0,0.0,0.0,-0.15038171,-0.070225075,-0.013685283,-0.26817167,-0.20984066,-0.02597813,-0.36405557,-0.31027284,-0.048955183,-0.41528055,-0.41391346,-0.068666965,-0.1611688,-0.449898,0.04230479,-0.2585703,-0.5599889,-0.018739276,-0.33511215,-0.5107606,-0.07534158,-0.3652912,-0.44061866,-0.10324059,-0.117558785,-0.50442594,0.020756295,-0.19195114,-0.6937817,0.0024655848,-0.24547495,-0.81703234,-0.012868959,-0.27973044,-0.9258128,-0.023181027,-0.053376663,-0.5128269,-0.016434366,-0.071396835,-0.7254382,-0.04180037,-0.09529417,-0.8696543,-0.052100427,-0.1130102,-0.9919548,-0.057046376,0.013542254,-0.4774203,-0.058390908,0.05397028,-0.63800436,-0.08523349,0.06991245,-0.7589284,-0.08917104,0.08007737,-0.87413627,-0.08777849
ㅇ,0.0,0.0,0.0,-0.1472609,-0.05645988,-0.029747615,-0.27158657,-0.16210225,-0.051955115,-0.3681417,-0.22769363,-0.081871204,-0.4144275,-0.2995001,-0.10748595,-0.21905002,-0.435869,-0.004628249,-0.31864294,-0.5372609,-0.08491597,-0.36981755,-0.45605403,-0.15407579,-0.39390194,-0.36297086,-0.1890665,-0.153451,-0.49422407,-0.028732691,-0.22266418,-0.67699254,-0.0748634,-0.29432172,-0.78325427,-0.121694885,-0.35521743,-0.87959474,-0.15591231,-0.07113158,-0.5006563,-0.06664734,-0.11292853,-0.71053594,-0.113575496,-0.14874126,-0.8458645,-0.15774883,-0.1861479,-0.9647046,-0.18626337,0.018787827,-0.46085897,-0.10864586,0.02839106,-0.63162965,-0.14489314,0.0319257,-0.7522276,-0.16383839,0.026124751,-0.8656876,-0.17611411
ㅇ,0.0,0.0,0.0,-0.15211649,-0.0658275,-0.011652836,-0.27249065,-0.19909494,-0.02325774,-0.37231687,-0.29718494,-0.045699485,-0.42547336,-0.40155727,-0.06480497,-0.16549048,-0.44157505,0.044043496,-0.2653717,-0.550808,-0.016549217,-0.341555,-0.50378907,-0.07387768,-0.37254286,-0.43451822,-0.10263191,-0.12300799,-0.4976348,0.021517744,-0.19776854,-0.6887062,-0.00036802082,-0.25093463,-0.8156213,-0.020893553,-0.28654692,-0.92821896,-0.0355947,-0.059689324,-0.5104782,-0.016213192,-0.080530964,-0.72418904,-0.043467313,-0.101522736,-0.8676197,-0.059956595,-0.11642858,-0.9907368,-0.06989337,0.0056399517,-0.48207834,-0.05818045,0.042992458,-0.6485034,-0.08357443,0.06446896,-0.7730465,-0.09000693,0.08100754,-0.8912217,-0.091975085
ㅇ,0.0,0.0,0.0,-0.15516074,-0.08417293,-0.023976998,-0.27097413,-0.22737034,-0.043115295,-0.35475364,-0.34576496,-0.07111257,-0.39309943,-0.4667551,-0.093982235,-0.14973652,-0.45298278,0.026528845,-0.2450949,-0.5687473,-0.04037093,-0.3140344,-0.5082272,-0.098508015,-0.33593032,-0.42923293,-0.12710713,-0.09543566,-0.5085705,0.0075109145,-0.16217463,-0.70474714,-0.026047304,-0.20869285,-0.83951056,-0.049879897,-0.23753043,-0.96147954,-0.06490166,-0.028786011,-0.515772,-0.027082456,-0.041074302,-0.7281765,-0.06427574,-0.05715143,-0.8700185,-0.07862345,-0.06921505,-0.9940372,-0.08425661,0.03727488,-0.47912696,-0.06668308,0.074927926,-0.6426749,-0.097063616,0.09502283,-0.76471037,-0.10053017,0.11102374,-0.87816226,-0.098363586
ㅇ,0.0,0.0,0.0,-0.14203951,-0.09361807,-0.02339888,-0.2459447,-0.236589,-0.045169253,-0.32913288,-0.34904364,-0.075968705,-0.3685436,-0.46693802,-0.102409296,-0.11070607,-0.4669569,0.025530579,-0.20613575,-0.5778589,-0.041624684,-0.28686443,-0.53080106,-0.1016429,-0.32140836,-0.4631922,-0.13191546,-0.06544998,-0.5117164,0.005538473,-0.1321529,-0.711292,-0.026847653,-0.18636785,-0.84757596,-0.0516836,-0.22203575,-0.97264975,-0.06820898,-0.0052704946,-0.510536,-0.02976953,-0.01818987,-0.72239923,-0.0649518,-0.036698844,-0.866426,-0.08104607,-0.04944628,-0.9946626,-0.0889974,0.052929837,-0.46909222,-0.07022075,0.09625931,-0.6353334,-0.09737984,0.120783985,-0.759126,-0.10145131,0.14088827,-0.8785911,-0.10116391
ㅇ,0.0,0.0,0.0,-0.14506343,-0.036680374,-0.031039884,-0.28332022,-0.12236156,-0.053362947,-0.38642395,-0.17290416,-0.08241681,-0.43065763,-0.23664537,-0.106531516,-0.24135728,-0.4106436,-0.005463404,-0.35380206,-0.48313496,-0.08725912,-0.4001245,-0.38535655,-0.1582474,-0.41776535,-0.29066303,-0.19388682,-0.18275443,-0.47502908,-0.029514557,-0.26787308,-0.6487252,-0.07428172,-0.34891546,-0.74464095,-0.121639535,-0.42139575,-0.83902425,-0.15679471,-0.10296729,-0.49257153,-0.06745407,-0.16556889,-0.6957504,-0.11379498,-0.21426713,-0.8263673,-0.159119,-0.26366532,-0.94598585,-0.1886571,-0.012681187,-0.4685821,-0.10953375,-0.015200162,-0.6436635,-0.14478578,-0.02145858,-0.7625508,-0.16279915,-0.03712441,-0.874651,-0.17451756
ㅇ,0.0,0.0,0.0,-0.1511855,-0.08443584,-0.023185458,-0.2652618,-0.22528805,-0.041962735,-0.35145164,-0.34109786,-0.06961676,-0.39269692,-0.45703334,-0.09259755,-0.14643769,-0.45465827,0.027678194,-0.24549145,-0.56618756,-0.037530378,-0.31146955,-0.50101215,-0.09616269,-0.3287686,-0.42025593,-0.12564747,-0.09541921,-0.50977093,0.0087985415,-0.16423583,-0.70424306,-0.020379104,-0.2111598,-0.8360855,-0.04417891,-0.24015784,-0.9570497,-0.06060752,-0.029757658,-0.51721406,-0.025437769,-0.04382813,-0.728209,-0.05896948,-0.060724016,-0.8694081,-0.07578351,-0.07255847,-0.99375325,-0.08479275,0.035591524,-0.4804857,-0.06460627,0.07355472,-0.64099926,-0.093223855,0.09370724,-0.76084054,-0.09813798,0.10937102,-0.87410325,-0.09804163
ㅇ,0.0,0.0,0.0,-0.15357856,-0.02528098,-0.0071124197,-0.28636247,-0.124121524,-0.0211371,-0.39085725,-0.16841955,-0.046923615,-0.47187492,-0.21191725,-0.06957695,-0.24421312,-0.4143386,0.014844659,-0.36723307,-0.4624671,-0.06490206,-0.42740756,-0.37230983,-0.13030082,-0.45355472,-0.2680585,-0.16242829,-0.20753323,-0.4670117,-0.021771193,-0.30305773,-0.64335,-0.070322946,-0.40593758,-0.7232542,-0.11070606,-0.4950547,-0.7836533,-0.13776076,-0.1477797,-0.47084358,-0.071616,-0.21043696,-0.6878102,-0.12244303,-0.2789639,-0.8165083,-0.15944432,-0.34652767,-0.92026883,-0.18172465,-0.08196634,-0.43288136,-0.123935014,-0.10226124,-0.6077369,-0.16750103,-0.12757203,-0.73974895,-0.1867974,-0.1590522,-0.85630983,-0.19863383
ㅇ,0.0,0.0,0.0,-0.146886,-0.08821056,-0.020568335,-0.24924496,-0.22099066,-0.040394537,-0.33421758,-0.32574272,-0.06943945,-0.39144766,-0.43052584,-0.0940546,-0.12353294,-0.461547,0.026315369,-0.23758566,-0.55417824,-0.0329238,-0.3047502,-0.47509307,-0.08864309,-0.31957266,-0.39224046,-0.11828663,-0.08067983,-0.51065195,0.0062736613,-0.16275512,-0.7002635,-0.022807162,-0.2233553,-0.8268613,-0.04985269,-0.26582113,-0.9498925,-0.071163476,-0.02560547,-0.51519465,-0.027703855,-0.049908172,-0.7314446,-0.0606757,-0.07695209,-0.86768746,-0.08035823,-0.09624573,-0.9908993,-0.09410249,0.025094924,-0.48085627,-0.066087194,0.063627884,-0.6420092,-0.09410249,0.082565896,-0.7653408,-0.10267468,0.09713004,-0.8846979,-0.10784674
ㅇ,0.0,0.0,0.0,-0.1602631,-0.024984695,-0.01081403,-0.28437296,-0.115931205,-0.02689123,-0.38326383,-0.16292812,-0.05455982,-0.45951903,-0.21207199,-0.0791163,-0.23377822,-0.41091555,0.016568877,-0.3540178,-0.47479373,-0.06238872,-0.41550627,-0.384225,-0.12895866,-0.44168815,-0.28005543,-0.16212206,-0.19786742,-0.46385837,-0.017603531,-0.29205444,-0.6356135,-0.06598709,-0.39954084,-0.707342,-0.10921623,-0.49050212,-0.75668836,-0.13878125,-0.13960521,-0.47118747,-0.06559808,-0.19647177,-0.68742734,-0.115051426,-0.26466697,-0.8210397,-0.15648137,-0.33387488,-0.9247728,-0.18254526,-0.073664054,-0.4381232,-0.116412975,-0.08537879,-0.6181517,-0.15687038,-0.10734262,-0.7524951,-0.17777985,-0.13824445,-0.8694719,-0.1918816
ㅇ,0.0,0.0,0.0,-0.13880081,-0.08495082,-0.012032178,-0.24033795,-0.214278,-0.03053186,-0.33082044,-0.3116163,-0.05947057,-0.38448992,-0.41472816,-0.0859489,-0.12032597,-0.45497683,0.03079008,-0.22976814,-0.5443563,-0.03018038,-0.30571455,-0.4793389,-0.09026041,-0.33161795,-0.4067457,-0.123721525,-0.08210763,-0.50290453,0.006098449,-0.16398145,-0.6866427,-0.020959826,-0.22254139,-0.80654794,-0.049019832,-0.2638622,-0.9205087,-0.071608424,-0.02867756,-0.50654376,-0.031680036,-0.044894278,-0.7224359,-0.06312599,-0.0660711,-0.8634235,-0.08444925,-0.08389062,-0.9913678,-0.100758016,0.020976586,-0.4693874,-0.07287376,0.06728916,-0.62566656,-0.100476824,0.08687461,-0.74635744,-0.10919361,0.09796717,-0.866425,-0.11537968
ㅇ,0.0,0.0,0.0,-0.14578636,-0.08360853,-0.024348166,-0.2515847,-0.21190374,-0.04538009,-0.33924466,-0.316464,-0.074822396,-0.39610893,-0.41949776,-0.1001132,-0.1296413,-0.45012325,0.028559709,-0.23548114,-0.54374677,-0.034715008,-0.30751058,-0.48308837,-0.09472101,-0.33348912,-0.41132784,-0.12635836,-0.09004558,-0.50262505,0.009997216,-0.1702582,-0.69212234,-0.018323706,-0.2324757,-0.81462187,-0.044545013,-0.27677435,-0.9330506,-0.064562924,-0.032772187,-0.5120439,-0.02388291,-0.057917573,-0.7257419,-0.057786897,-0.08561645,-0.8662164,-0.07859216,-0.106100805,-0.99008566,-0.09204878,0.022659106,-0.48081705,-0.0627019,0.056978576,-0.646972,-0.09090353,0.07223748,-0.770605,-0.0993497,0.08151986,-0.88887787,-0.10402612
ㅇ,0.0,0.0,0.0,-0.14999753,-0.02152014,-0.02143226,-0.28974023,-0.10970081,-0.04281484,-0.39385885,-0.15762648,-0.07284353,-0.46232784,-0.20917107,-0.09890433,-0.2552576,-0.41448846,-0.00021634658,-0.37372342,-0.47726884,-0.07960366,-0.4294832,-0.3801162,-0.1474499,-0.45255622,-0.27690744,-0.18232825,-0.20833746,-0.47437176,-0.029735463,-0.30099174,-0.6342644,-0.08014251,-0.40272874,-0.70942956,-0.12697355,-0.49006245,-0.77368295,-0.15959853,-0.13988164,-0.49200755,-0.07205974,-0.21095285,-0.6900881,-0.12423032,-0.28037417,-0.8137175,-0.16812217,-0.3476164,-0.9170385,-0.19545661,-0.06225505,-0.46970266,-0.11737221,-0.07021786,-0.64362967,-0.15989244,-0.08576258,-0.77057207,-0.18036878,-0.11153081,-0.8844778,-0.19271336
ㅇ,0.0,0.0,0.0,-0.15375344,-0.023688456,-0.027479965,-0.28707656,-0.09317325,-0.05309286,-0.38768438,-0.13415761,-0.086293854,-0.46011594,-0.18720698,-0.115123704,-0.25177237,-0.40082362,-0.0080677,-0.37727803,-0.45648763,-0.08948624,-0.42486796,-0.3519517,-0.15588823,-0.43815368,-0.2487143,-0.18810694,-0.2055423,-0.46750465,-0.034380466,-0.30888563,-0.62938404,-0.0861465,-0.40786874,-0.69172037,-0.12985787,-0.49131024,-0.7391762,-0.15795101,-0.13269603,-0.49129134,-0.07406449,-0.19945914,-0.6969059,-0.12563407,-0.2628427,-0.8228017,-0.16826493,-0.32655534,-0.9251982,-0.193313,-0.047851667,-0.47155374,-0.11699002,-0.05264922,-0.6465491,-0.15785277,-0.06399662,-0.7709662,-0.17602493,-0.082767405,-0.88069355,-0.18574947
ㅇ,0.0,0.0,0.0,-0.13831778,-0.0801422,-0.030642528,-0.24672027,-0.2205785,-0.05799181,-0.33662805,-0.3317593,-0.09445753,-0.38475567,-0.4541494,-0.12514792,-0.12637316,-0.4594527,0.025607279,-0.21526408,-0.57592696,-0.045749072,-0.2930801,-0.5180774,-0.107105985,-0.32044604,-0.4343492,-0.13507576,-0.08689587,-0.501251,0.009999569,-0.15886314,-0.6926098,-0.017767357,-0.21436197,-0.82287604,-0.035320062,-0.24608815,-0.9491602,-0.04524791,-0.027205488,-0.5051217,-0.023315968,-0.066369526,-0.71968687,-0.050593667,-0.092769235,-0.86709154,-0.05675083,-0.10687147,-0.9926218,-0.057275865,0.034235198,-0.4769938,-0.06367168,0.031818897,-0.6538135,-0.084195584,0.034259208,-0.7814035,-0.08118859,0.0390071,-0.8986159,-0.074363194
ㅇ,0.0,0.0,0.0,-0.1397122,-0.072678596,-0.029504599,-0.24493347,-0.21140401,-0.055948213,-0.32807657,-0.3228515,-0.09112788,-0.3739567,-0.4394414,-0.121503904,-0.12333541,-0.44940823,0.023147166,-0.21093044,-0.5579074,-0.047212165,-0.28636333,-0.50251055,-0.108317405,-0.31463677,-0.4230598,-0.13704512,-0.08202423,-0.49276444,0.0052482723,-0.15575683,-0.68390375,-0.024559664,-0.21372457,-0.81300306,-0.045917068,-0.24777095,-0.9373754,-0.059291933,-0.022778729,-0.49652138,-0.029598787,-0.05967431,-0.7169533,-0.060139634,-0.0851425,-0.8642015,-0.07158362,-0.09940315,-0.9921,-0.07652855,0.038949553,-0.46644408,-0.07078301,0.041199192,-0.6440197,-0.094000645,0.04544238,-0.7719835,-0.09414194,0.05110683,-0.8913114,-0.09075111
ㅇ,0.0,0.0,0.0,-0.15731172,-0.030839695,-0.029581267,-0.29592112,-0.10684957,-0.052250028,-0.3925226,-0.14641736,-0.082023904,-0.4415018,-0.19846807,-0.10739937,-0.24957609,-0.40382484,-0.0066889697,-0.36095738,-0.47494772,-0.08893571,-0.40701044,-0.37468877,-0.15882698,-0.42197892,-0.27042523,-0.19382097,-0.19157733,-0.46910122,-0.031587135,-0.27913862,-0.63817567,-0.080428876,-0.36740482,-0.71901995,-0.12692639,-0.44532004,-0.7880725,-0.15989035,-0.112538435,-0.4881099,-0.07052036,-0.17279907,-0.6949258,-0.12141629,-0.2265034,-0.8268844,-0.16907385,-0.28251046,-0.9383667,-0.19913772,-0.022343364,-0.46361825,-0.11310281,-0.02227762,-0.638183,-0.15244687,-0.028595623,-0.76093376,-0.17390727,-0.045363918,-0.87388307,-0.18782753
ㄴ,0.0,0.0,0.0,-0.05681515,-0.27698034,0.032199603,-0.17481191,-0.50598115,0.015596307,-0.22862636,-0.729229,-0.0071935165,-0.2136064,-0.8880035,-0.038025443,-0.36664015,-0.4473007,-0.062942,-0.6240909,-0.44288278,-0.0947695,-0.77667004,-0.44179368,-0.11032686,-0.8929242,-0.43434635,-0.11844645,-0.41590613,-0.27475274,-0.07586514,-0.55342716,-0.27052242,-0.08175339,-0.4718015,-0.27307147,-0.04304594,-0.37246084,-0.27185544,-0.016579842,-0.42190742,-0.09883652,-0.080141865,-0.4940414,-0.1349648,-0.07220824,-0.4263764,-0.119707175,-0.023428796,-0.3437889,-0.10734217,0.0049742265,-0.4165604,0.052144773,-0.07908819,-0.46512532,-0.0059302193,-0.052808028,-0.3985115,0.007422029,-0.00087963586,-0.33545378,0.021913534,0.034802824
ㅈ,0.0,0.0,0.0,-0.13798864,0.075361505,-0.030510938,-0.29131415,0.19109946,-0.08614183,-0.41854593,0.22556762,-0.13353276,-0.5164943,0.19000761,-0.18956451,-0.23616879,0.24917541,-0.2127255,-0.29922196,0.5499153,-0.27472568,-0.32518354,0.71463346,-0.30162805,-0.34694982,0.84512234,-0.31944418,-0.13054661,0.24377812,-0.22626579,-0.12431602,0.6174365,-0.2814958,-0.11072486,0.8111252,-0.2870188,-0.102453314,0.94914335,-0.29770848,-0.023434494,0.24621333,-0.22858189,-0.039366137,0.56764674,-0.2736567,-0.050289817,0.50774807,-0.23588647,-0.047202896,0.4127166,-0.20506458,0.07136337,0.26041156,-0.23125431,0.03266495,0.5170616,-0.26421416,0.023801934,0.46690494,-0.2284037,0.030490994,0.38164762,-0.19633466
ㄴ,0.0,0.0,0.0,-0.040107023,-0.24820033,0.032470267,-0.1461627,-0.491655,0.015287516,-0.20588443,-0.71335006,-0.007834291,-0.19237481,-0.87645334,-0.039409887,-0.35475603,-0.45194715,-0.07527353,-0.61387444,-0.4533165,-0.10370762,-0.7688396,-0.45330003,-0.11404173,-0.88674664,-0.44679096,-0.11856672,-0.41209182,-0.29042163,-0.0895823,-0.5285589,-0.23663391,-0.0962475,-0.43881658,-0.22545421,-0.056134023,-0.3397393,-0.22416155,-0.029396808,-0.42154175,-0.10987377,-0.09404614,-0.47638673,-0.100700416,-0.095391415,-0.40265945,-0.07850918,-0.05212879,-0.31877267,-0.07154049,-0.026568688,-0.42422235,0.050641797,-0.0912333,-0.4607336,0.02438526,-0.06928097,-0.39087656,0.047350403,-0.018466499,-0.32488185,0.055680975,0.016479913
ㄴ,0.0,0.0,0.0,0.00611107,-0.25942203,0.025502658,-0.041751686,-0.4948004,0.00033104562,-0.052854326,-0.7097707,-0.031142458,-0.02315564,-0.8509386,-0.07001405,-0.25505012,-0.4944863,-0.07626533,-0.4803378,-0.5814566,-0.112636395,-0.6204133,-0.6368194,-0.13161756,-0.7250529,-0.67383134,-0.14230157,-0.3361882,-0.35806987,-0.08757446,-0.4091062,-0.3944875,-0.0929733,-0.33862883,-0.36945298,-0.054414276,-0.2642986,-0.33150744,-0.031796,-0.36631086,-0.20081142,-0.09109792,-0.38663,-0.25901324,-0.09149572,-0.33573195,-0.22643322,-0.048901778,-0.2732218,-0.1875358,-0.025388442,-0.38571632,-0.061934873,-0.08899521,-0.39714637,-0.12550804,-0.07098016,-0.34367424,-0.09638833,-0.023655131,-0.29482266,-0.06352397,0.009093049
ㅈ,0.0,0.0,0.0,-0.12872396,0.10916912,-0.032926716,-0.27276197,0.2517945,-0.093443595,-0.39462042,0.31154585,-0.14522411,-0.50244313,0.28916013,-0.2055922,-0.23044175,0.25814584,-0.22225717,-0.24949422,0.557812,-0.2877268,-0.26083586,0.72769886,-0.31731567,-0.27002305,0.86517483,-0.33891213,-0.122964315,0.22660299,-0.23807193,-0.06918649,0.60054517,-0.30167097,-0.04379065,0.8015776,-0.3101735,-0.020766148,0.9458471,-0.32394764,-0.012720191,0.20869972,-0.24215315,0.014459732,0.5379978,-0.29027757,-0.014008476,0.47054276,-0.24878512,-0.025689367,0.3739342,-0.21715565,0.08373135,0.20913434,-0.24708459,0.074325405,0.47865686,-0.2824552,0.05237764,0.4267924,-0.24555416,0.0453774,0.33855963,-0.21392468
ㅈ,0.0,0.0,0.0,-0.13389862,0.08327698,-0.02400668,-0.28620544,0.20674764,-0.07241888,-0.41086113,0.2516204,-0.11371818,-0.50724417,0.21937557,-0.16324177,-0.23940502,0.26746663,-0.20005107,-0.28322655,0.5662062,-0.2631781,-0.30438808,0.7279478,-0.29340795,-0.32384676,0.85798544,-0.3140354,-0.1352231,0.2526629,-0.21552162,-0.11750535,0.6149202,-0.27082446,-0.0988382,0.81089133,-0.27935997,-0.084477894,0.9525209,-0.29251882,-0.029614862,0.24923897,-0.22014503,-0.02818871,0.56785524,-0.2638894,-0.04126241,0.50236565,-0.22725794,-0.043951478,0.40500835,-0.19720592,0.064217806,0.26083198,-0.22494623,0.035333663,0.5130254,-0.2576656,0.026872564,0.46042505,-0.22441277,0.028753798,0.3763773,-0.1940051
ㅈ,0.0,0.0,0.0,-0.13404395,0.06766021,-0.016955758,-0.2858731,0.17698263,-0.06786627,-0.40688834,0.23141366,-0.110955626,-0.5040086,0.21906166,-0.16257307,-0.2510478,0.25115237,-0.21724266,-0.31520697,0.54169405,-0.28977638,-0.35457975,0.6939901,-0.32801822,-0.3884878,0.8229187,-0.35548767,-0.15004045,0.2510703,-0.23358071,-0.14322586,0.6145877,-0.29318765,-0.12876064,0.80040383,-0.2989329,-0.11428119,0.943052,-0.31239828,-0.04517115,0.25686288,-0.23735105,-0.05023126,0.55035305,-0.27289975,-0.060057826,0.46794325,-0.22173116,-0.058345348,0.37174785,-0.18672106,0.04725225,0.26731244,-0.24165997,0.014627494,0.4988739,-0.26661587,0.009518598,0.4381698,-0.22550146,0.013098291,0.36076853,-0.19264585
ㄴ,0.0,0.0,0.0,-0.06582309,-0.25497437,0.021714281,-0.18494223,-0.4804144,-0.008279975,-0.2524181,-0.70012504,-0.043397095,-0.24696466,-0.86143935,-0.08673244,-0.3845546,-0.3988451,-0.09385181,-0.64480925,-0.37535655,-0.1390444,-0.80219495,-0.36454207,-0.16195025,-0.9220106,-0.34556976,-0.17457941,-0.42526183,-0.22537802,-0.10734769,-0.55685663,-0.17969409,-0.12777722,-0.4736388,-0.18524073,-0.09013737,-0.37364432,-0.19262235,-0.06388852,-0.41962197,-0.04702437,-0.11217649,-0.49892905,-0.053046785,-0.119481586,-0.4290422,-0.044097636,-0.06902686,-0.34105,-0.041395772,-0.038073033,-0.40601593,0.110545754,-0.111805044,-0.4592463,0.0718033,-0.095523335,-0.3881059,0.0780078,-0.04169463,-0.31806874,0.08362186,-0.0038477746
ㄴ,0.0,0.0,0.0,-0.011371227,-0.27480987,0.025778227,-0.082214564,-0.5137433,0.004704636,-0.10419743,-0.7276808,-0.023462307,-0.07601412,-0.8734578,-0.058634114,-0.3037266,-0.49851072,-0.063176215,-0.53364617,-0.5571823,-0.09084176,-0.67625326,-0.59264517,-0.10564784,-0.78142697,-0.61318105,-0.115675844,-0.3740011,-0.35755426,-0.07916207,-0.43732136,-0.37132552,-0.07839522,-0.36828706,-0.34832853,-0.044240955,-0.2977389,-0.31952807,-0.027208067,-0.39669895,-0.1943901,-0.0875974,-0.41527095,-0.23834465,-0.07880813,-0.36157274,-0.21024367,-0.03615955,-0.2969926,-0.18160073,-0.01639845,-0.4067482,-0.045125272,-0.09237546,-0.418792,-0.09769595,-0.07072673,-0.36519668,-0.0771443,-0.025261449,-0.31200895,-0.05325996,0.005294519
ㅈ,0.0,0.0,0.0,-0.13053541,0.07573096,-0.02366723,-0.28231892,0.19646361,-0.075205944,-0.40756398,0.25138,-0.11936281,-0.50751203,0.22844255,-0.17179628,-0.24077205,0.26577842,-0.2066923,-0.29003128,0.5622722,-0.27039987,-0.3155909,0.72069657,-0.30046412,-0.33667293,0.85068834,-0.32229647,-0.13894211,0.2566001,-0.22208232,-0.12247265,0.6188829,-0.2804213,-0.10602368,0.80865854,-0.28829524,-0.09120638,0.9490249,-0.3017168,-0.032952666,0.25473493,-0.22584036,-0.03218269,0.5580379,-0.26735762,-0.046349227,0.48451403,-0.22422975,-0.048971657,0.3910267,-0.19219704,0.060971428,0.2633758,-0.23013525,0.030443024,0.50159925,-0.2591258,0.022712464,0.44324082,-0.22172442,0.025482196,0.3639116,-0.19022855
ㅈ,0.0,0.0,0.0,-0.14087136,0.050222702,-0.021865638,-0.30244523,0.15427467,-0.06895093,-0.43170318,0.19653234,-0.10835756,-0.5270732,0.17220713,-0.15510508,-0.2688272,0.23296052,-0.20104195,-0.34279558,0.518795,-0.26337197,-0.3799422,0.673446,-0.2925554,-0.41114694,0.8018241,-0.31309187,-0.16224372,0.24581786,-0.21509323,-0.1754193,0.6065514,-0.27183875,-0.17399092,0.79688627,-0.27976516,-0.16910073,0.9412341,-0.29237524,-0.055854846,0.26250952,-0.21725495,-0.08805144,0.54610604,-0.25958896,-0.09661793,0.46220905,-0.21797553,-0.08853522,0.36902982,-0.18536937,0.035110805,0.28481928,-0.21941668,-0.022035852,0.50222224,-0.24787952,-0.027322842,0.43680218,-0.20968889,-0.017428692,0.3614281,-0.17699265
ㅈ,0.0,0.0,0.0,-0.13612978,0.08025933,-0.020123709,-0.28977227,0.201462,-0.07046458,-0.41535595,0.24557444,-0.11247788,-0.51424354,0.2150037,-0.16213398,-0.24781705,0.25124827,-0.21276201,-0.29826587,0.54433465,-0.27461123,-0.3214814,0.7023467,-0.30058792,-0.34187135,0.83096534,-0.31878927,-0.1423478,0.24829456,-0.22866608,-0.13427089,0.61445874,-0.2868044,-0.12516385,0.806421,-0.28998518,-0.11842423,0.94687706,-0.29899752,-0.03667501,0.25499263,-0.23184691,-0.052940812,0.5602849,-0.2719606,-0.066688694,0.49071112,-0.22583869,-0.064948075,0.39941195,-0.19102642,0.054557864,0.27030113,-0.23520443,0.00944711,0.50546676,-0.260651,0.0010864167,0.45359614,-0.22106747,0.007143435,0.37845004,-0.18802232
ㅈ,0.0,0.0,0.0,-0.13680334,0.09163794,-0.017539449,-0.28854012,0.23687674,-0.060007308,-0.41580442,0.3046466,-0.0974004,-0.51931256,0.2912708,-0.14218307,-0.2509533,0.2666412,-0.17904195,-0.28665465,0.5639329,-0.23112519,-0.30119833,0.7253269,-0.25302687,-0.31497586,0.8561966,-0.26994276,-0.1490293,0.25646818,-0.1980056,-0.12792392,0.6214534,-0.24821916,-0.11553443,0.8148879,-0.2565881,-0.10393764,0.9569483,-0.27101114,-0.04242235,0.25613362,-0.20637451,-0.044419214,0.5732309,-0.24804112,-0.057004303,0.5010576,-0.21296284,-0.055553213,0.40785477,-0.18660961,0.05303308,0.2701783,-0.21456537,0.021550655,0.521425,-0.24732886,0.009873222,0.4647931,-0.21634601,0.01111272,0.3810827,-0.18963665
ㅈ,0.0,0.0,0.0,-0.14379387,0.07878425,-0.021662775,-0.30513376,0.21354741,-0.06202332,-0.43595412,0.27539846,-0.09586232,-0.5368307,0.25335696,-0.13654211,-0.27400807,0.24292003,-0.1826033,-0.33779722,0.5335473,-0.23988333,-0.3715908,0.69393414,-0.263598,-0.40489963,0.8251043,-0.28092796,-0.1744272,0.24025562,-0.19865629,-0.16347529,0.6108076,-0.25630116,-0.15076819,0.8057539,-0.26487496,-0.14235732,0.95034397,-0.2767323,-0.07018158,0.24763867,-0.20467618,-0.07710545,0.56137675,-0.25593635,-0.07995896,0.48330072,-0.22091159,-0.07297047,0.3877559,-0.19008254,0.024757558,0.26692355,-0.21051362,-0.008622871,0.51802725,-0.2484571,-0.012566179,0.45467302,-0.21671593,-0.005643972,0.3657548,-0.18652533
ㅈ,0.0,0.0,0.0,-0.14678298,0.08362652,-0.020815697,-0.3121891,0.22150382,-0.06679624,-0.4455178,0.28375143,-0.10551179,-0.55109084,0.2660379,-0.15215704,-0.2785849,0.24126986,-0.20113455,-0.34717673,0.5416662,-0.263266,-0.38488802,0.70425075,-0.2906934,-0.41952798,0.83925724,-0.31121734,-0.17311235,0.23589745,-0.21792683,-0.16671118,0.61183685,-0.27651325,-0.15212984,0.8034313,-0.28267044,-0.13962887,0.9451283,-0.29535794,-0.06606803,0.24397784,-0.22352424,-0.07727121,0.5699406,-0.27054268,-0.081497744,0.4952093,-0.2309875,-0.07498117,0.40061614,-0.20113455,0.029018909,0.26492926,-0.22912171,-0.008520896,0.519022,-0.2664379,-0.014065908,0.46067557,-0.23490572,-0.009647196,0.37602234,-0.20691855
ㄱ,0.0,0.0,0.0,-0.13139907,0.0476977,-0.0021662042,-0.29998374,0.1684888,-0.046436988,-0.43471184,0.26558247,-0.08823024,-0.5488766,0.28643137,-0.1327323,-0.23514393,0.34078023,-0.13863367,-0.25582293,0.63254464,-0.20625748,-0.2618049,0.80295783,-0.24050468,-0.25481418,0.9319591,-0.25791857,-0.13537791,0.37168747,-0.15024292,-0.10018006,0.64232653,-0.20509653,-0.08549248,0.5433117,-0.1761702,-0.08706542,0.42111483,-0.14695363,-0.03137781,0.38097662,-0.1548866,-0.0012395778,0.62339604,-0.2039356,0.00848969,0.534004,-0.1540159,0.005414475,0.41956735,-0.11077151,0.06971343,0.38972571,-0.15391918,0.06924505,0.5769111,-0.16959164,0.08133572,0.49046138,-0.11773705,0.08109375,0.4000091,-0.07647589
ㄱ,0.0,0.0,0.0,-0.14897819,0.028182883,-0.0045196665,-0.3266022,0.13255024,-0.0478926,-0.46989816,0.21000732,-0.08903006,-0.58574307,0.21421926,-0.13189273,-0.2827809,0.3074464,-0.13198991,-0.32478997,0.59524673,-0.20235854,-0.34358686,0.76496434,-0.24026431,-0.34948206,0.8999505,-0.2606751,-0.18609431,0.35532573,-0.14647186,-0.17733856,0.63903576,-0.2048856,-0.1546803,0.53980154,-0.17893474,-0.14661399,0.41644767,-0.15103999,-0.080282114,0.37978628,-0.15531653,-0.075771704,0.6293608,-0.20469122,-0.0587937,0.53643554,-0.15346983,-0.052866537,0.4227691,-0.10846892,0.024738569,0.3978826,-0.15969028,0.0066131833,0.592717,-0.174561,0.021851031,0.5073101,-0.121784516,0.025379578,0.41379166,-0.079456426
ㄱ,0.0,0.0,0.0,-0.12720115,0.07913113,-0.012382698,-0.27235088,0.23720634,-0.061019424,-0.38626927,0.3602378,-0.10504592,-0.49384838,0.41617393,-0.150231,-0.17569809,0.37930265,-0.14887932,-0.1494131,0.6763173,-0.21298803,-0.12805945,0.83795625,-0.24427004,-0.10086019,0.95982605,-0.261842,-0.068471365,0.37292272,-0.16075489,-0.0047225263,0.6637129,-0.2214844,-0.011654827,0.5781945,-0.20024353,-0.02848964,0.46730676,-0.17629933,0.036126707,0.35335657,-0.16529268,0.08383024,0.6226787,-0.20796748,0.073828444,0.5433573,-0.15476882,0.058420066,0.43846303,-0.111128524,0.13473,0.3334955,-0.16732022,0.14801477,0.54849344,-0.18025784,0.13674216,0.47596705,-0.12937635,0.124339245,0.38905433,-0.08906701
ㄱ,0.0,0.0,0.0,-0.13215476,0.059695512,-0.010112699,-0.28127006,0.21271703,-0.055566657,-0.38552973,0.36182684,-0.09694995,-0.48998573,0.43110317,-0.13921969,-0.21133514,0.34500077,-0.1480842,-0.22274566,0.6493481,-0.21704079,-0.22068724,0.8159119,-0.24746008,-0.20746425,0.9424479,-0.26220316,-0.10211817,0.35684922,-0.16142762,-0.056456447,0.6583583,-0.22991766,-0.04904608,0.55803365,-0.2049104,-0.05639167,0.43561813,-0.17411788,0.0049233255,0.35291314,-0.16805267,0.03870584,0.62861377,-0.22711836,0.039769724,0.537978,-0.17393124,0.031529963,0.4273797,-0.1244766,0.102508634,0.35003883,-0.17019884,0.104870796,0.5671634,-0.19483283,0.105915315,0.48622265,-0.1437919,0.099791974,0.39644432,-0.100495756
ㅈ,0.0,0.0,0.0,-0.14253071,0.09141722,-0.018575216,-0.26542118,0.2909801,-0.055311404,-0.35550213,0.45148924,-0.08054625,-0.4609856,0.51346385,-0.107519805,-0.21223408,0.34361637,-0.1772563,-0.24477606,0.64463454,-0.2223689,-0.26666477,0.80250865,-0.2368425,-0.28484443,0.92650634,-0.24586502,-0.101154074,0.34598544,-0.18045177,-0.08546203,0.6740927,-0.20921105,-0.066366084,0.84329814,-0.19887275,-0.048186235,0.96383995,-0.19849683,0.0066926377,0.33971277,-0.17095935,0.01133211,0.5785243,-0.1773503,-0.011518719,0.51013863,-0.12565883,-0.022958042,0.4145874,-0.09454994,0.09952125,0.32627323,-0.16203082,0.0824234,0.50161505,-0.16080903,0.061465338,0.4420184,-0.11748216,0.05615523,0.3670267,-0.08684321
ㅊ,0.0,0.0,0.0,-0.1361022,0.086205445,-0.019400574,-0.28440678,0.21491441,-0.061709482,-0.41401738,0.2753001,-0.09664068,-0.51547587,0.26358166,-0.14287587,-0.23788491,0.28577238,-0.18040141,-0.29211906,0.5943299,-0.23238125,-0.31962433,0.7569062,-0.25017118,-0.3454609,0.8823111,-0.2616605,-0.13084644,0.27137855,-0.2001371,-0.13155778,0.63658136,-0.25517458,-0.13436557,0.81807464,-0.27648538,-0.14413346,0.94461644,-0.29483125,-0.027200788,0.25975367,-0.20977327,-0.007907657,0.5963997,-0.26740512,0.0023616836,0.7540574,-0.29075438,0.009739691,0.85478985,-0.30539396,0.06173873,0.25266895,-0.21422075,0.06351165,0.50577354,-0.26332828,0.057372343,0.5435359,-0.26962888,0.051243763,0.54356277,-0.2711114
ㅈ,0.0,0.0,0.0,-0.13905004,0.10305681,0.0023325875,-0.26003832,0.30068916,-0.021168975,-0.34071124,0.4577792,-0.04064973,-0.44172603,0.49510208,-0.05925055,-0.28701964,0.34671193,-0.13384937,-0.2978451,0.6328173,-0.17960592,-0.31354216,0.7841079,-0.19515142,-0.32724744,0.8970164,-0.20375521,-0.18967497,0.32916924,-0.15311013,-0.14895631,0.6578077,-0.20062657,-0.1164671,0.8422936,-0.20453739,-0.09664538,0.97274107,-0.21079469,-0.08475246,0.3176189,-0.16083401,-0.0123983165,0.5647674,-0.18791641,0.00756489,0.50966436,-0.15125251,0.00058898376,0.4245784,-0.12632105,0.013102434,0.30891895,-0.16787349,0.063112974,0.49420512,-0.17491293,0.072701715,0.45063567,-0.14176877,0.05986138,0.38157985,-0.117423944
ㅈ,0.0,0.0,0.0,-0.15099233,0.078622736,-0.019237904,-0.28447852,0.27673355,-0.06143515,-0.38365686,0.43007594,-0.08948807,-0.4998582,0.47859016,-0.119945526,-0.23700903,0.321266,-0.19915375,-0.27846825,0.61908513,-0.24837601,-0.30529585,0.7758795,-0.26723513,-0.32668483,0.90239394,-0.28100228,-0.12385229,0.33440703,-0.2002853,-0.11369908,0.66916215,-0.22857395,-0.09725912,0.8417399,-0.21763568,-0.08490789,0.9688338,-0.22065313,-0.012235661,0.33712667,-0.18632956,-0.015776196,0.5840255,-0.18274634,-0.0366675,0.51297104,-0.119945526,-0.047173534,0.41554815,-0.08713069,0.084874175,0.32720885,-0.17341107,0.0601858,0.5055747,-0.1630386,0.04136664,0.44349718,-0.11183611,0.03785595,0.36723974,-0.079209864
ㅊ,0.0,0.0,0.0,-0.13459267,0.09440875,-0.019697567,-0.28033796,0.23067476,-0.06087924,-0.4093629,0.2960125,-0.09469036,-0.5131214,0.28580064,-0.13934654,-0.23119536,0.27824867,-0.1826357,-0.29776508,0.5733904,-0.23549406,-0.3397181,0.7254761,-0.25481465,-0.37946403,0.841139,-0.26812038,-0.12527601,0.2578082,-0.20396133,-0.12843636,0.6190288,-0.26192322,-0.13880657,0.8040474,-0.2901751,-0.15288801,0.93701464,-0.31405246,-0.021938967,0.23836607,-0.21453299,0.014716906,0.58276683,-0.277963,0.03879628,0.7530182,-0.3107716,0.055770267,0.8649993,-0.3320972,0.067274995,0.22425212,-0.21927202,0.07630391,0.46735507,-0.2755935,0.076498285,0.49959993,-0.28908145,0.075543426,0.49551186,-0.29600775
ㅊ,0.0,0.0,0.0,-0.145563,0.06113586,-0.022698076,-0.30281466,0.14780691,-0.06812665,-0.43608615,0.1582011,-0.10615879,-0.5308021,0.11201644,-0.15628368,-0.25970152,0.24607678,-0.19034645,-0.36294723,0.51591647,-0.24831778,-0.42432398,0.65242165,-0.27231863,-0.47846577,0.7527555,-0.28838074,-0.15528606,0.2437481,-0.2117626,-0.19278194,0.60137373,-0.27434948,-0.21410543,0.78269243,-0.30776608,-0.23534602,0.9123195,-0.33509013,-0.051900703,0.23817542,-0.22228608,-0.045956183,0.5810323,-0.29410404,-0.03194661,0.75751495,-0.335644,-0.016704708,0.87429297,-0.36112186,0.03581821,0.23341344,-0.22616313,0.01857373,0.474786,-0.28653455,0.018888455,0.5031087,-0.3020428,0.02555471,0.49360707,-0.30998155
ㅊ,0.0,0.0,0.0,-0.14047505,0.07384673,-0.021910086,-0.29144895,0.18113838,-0.065863945,-0.42136538,0.2162869,-0.102575146,-0.52159286,0.18455075,-0.1510104,-0.24807829,0.25981066,-0.18441714,-0.32946527,0.5362562,-0.2393708,-0.3770845,0.67938054,-0.26109874,-0.4219543,0.7886688,-0.27594617,-0.14215818,0.24990988,-0.20605455,-0.1637779,0.6074326,-0.2656254,-0.17916703,0.7917536,-0.2967688,-0.19703032,0.92578006,-0.32266128,-0.03693255,0.23738192,-0.21728069,-0.016019119,0.58241546,-0.28590482,0.006285745,0.7573731,-0.32410982,0.024498021,0.8707561,-0.34746736,0.05288032,0.2258488,-0.22216946,0.048506048,0.47649986,-0.28119713,0.050524883,0.5031541,-0.29513922,0.05371693,0.48751202,-0.30201975
ㅈ,0.0,0.0,0.0,-0.15558118,0.09266813,-0.015502863,-0.28483906,0.2837799,-0.046698257,-0.37884513,0.43512923,-0.06864078,-0.48248118,0.4972306,-0.091088004,-0.21017464,0.38111195,-0.14458644,-0.25012928,0.6649776,-0.17861776,-0.27498335,0.8186196,-0.18505873,-0.28929946,0.93874156,-0.18726979,-0.094090365,0.39094836,-0.14814337,-0.08866332,0.6956856,-0.16669719,-0.080188036,0.85844487,-0.15814129,-0.06508089,0.9715153,-0.15794902,0.01752422,0.38427097,-0.1402604,-0.0036947196,0.5878471,-0.14285603,-0.029788705,0.52649945,-0.101037845,-0.038455244,0.44066957,-0.07508174,0.1113411,0.36965284,-0.13237743,0.06862798,0.5142526,-0.12439834,0.050311632,0.4609196,-0.08133043,0.055191707,0.3941432,-0.050231174
ㅈ,0.0,0.0,0.0,-0.14413102,0.09671669,0.016617814,-0.26095992,0.28498334,0.002029537,-0.3411621,0.428573,-0.014486571,-0.4395534,0.4671256,-0.031291083,-0.29590136,0.36028656,-0.09574539,-0.3080275,0.6400764,-0.13690533,-0.32102475,0.79145294,-0.14963827,-0.33123246,0.9045729,-0.1544748,-0.20909415,0.35242498,-0.12130996,-0.16354354,0.6747076,-0.16365437,-0.12807225,0.8528283,-0.16740516,-0.10689173,0.9794283,-0.17115594,-0.11020709,0.34379277,-0.13720144,-0.018363155,0.5796197,-0.16543105,0.016291885,0.52326393,-0.136017,0.017414799,0.4447775,-0.11292005,-0.016382543,0.33148625,-0.15121756,0.057404783,0.50785637,-0.1581269,0.08014652,0.46634468,-0.12900895,0.07350916,0.4038248,-0.10591201
ㅈ,0.0,0.0,0.0,-0.16365252,0.08160868,0.01377933,-0.30126515,0.26108703,-0.0046147783,-0.39796266,0.39912882,-0.022490392,-0.49743986,0.45636556,-0.04343013,-0.26174483,0.37146756,-0.10924786,-0.30107108,0.6495402,-0.14053252,-0.32869175,0.79982936,-0.14962807,-0.35129997,0.9150052,-0.15412587,-0.15958032,0.39255214,-0.1275389,-0.14113137,0.7002037,-0.14582993,-0.12981926,0.86736536,-0.13783385,-0.122456565,0.98287016,-0.1377339,-0.049272485,0.39332825,-0.13313617,-0.033838205,0.5827717,-0.12484023,-0.035252113,0.5121283,-0.07451489,-0.038799644,0.42690724,-0.04582895,0.050420083,0.37444797,-0.1381337,0.045121055,0.51429397,-0.11454527,0.040389568,0.45192435,-0.061471283,0.04168465,0.3817612,-0.025988678
ㅊ,0.0,0.0,0.0,-0.15208653,0.10009247,-0.0489196,-0.31659004,0.20960201,-0.11566549,-0.4432355,0.26287264,-0.1701502,-0.56736684,0.248299,-0.2385281,-0.2795213,0.19920386,-0.248404,-0.31978118,0.49595997,-0.32858273,-0.35010555,0.67479455,-0.36858842,-0.38245907,0.8162725,-0.39938778,-0.16369712,0.15645066,-0.26648188,-0.16010325,0.52857083,-0.35821036,-0.17815353,0.7277344,-0.40407464,-0.20058013,0.87282085,-0.44491723,-0.04368622,0.12862997,-0.27351215,-0.007105468,0.50713426,-0.37059703,0.007580516,0.6952496,-0.40507892,0.01801491,0.813148,-0.42616978,0.060474925,0.12637766,-0.2753534,0.057854597,0.38831845,-0.35720605,0.032332495,0.4325676,-0.37662303,0.008979254,0.43228662,-0.38867494
ㅊ,0.0,0.0,0.0,-0.15273827,0.09246875,-0.045564774,-0.3135963,0.20668483,-0.11248718,-0.44069827,0.26677653,-0.16709721,-0.5655883,0.2517942,-0.23569478,-0.27599555,0.20169316,-0.2501011,-0.3163483,0.49583462,-0.33352375,-0.34848833,0.6714853,-0.37490007,-0.3804197,0.8118606,-0.40505284,-0.1612074,0.16132236,-0.26903033,-0.15822645,0.53589356,-0.3601587,-0.17295748,0.73518836,-0.40136752,-0.18953694,0.87882406,-0.43788585,-0.041608755,0.13583669,-0.27690354,-0.0051876334,0.50875026,-0.37490007,0.007259192,0.69073224,-0.406393,0.015627746,0.8055008,-0.4241496,0.06200322,0.1342583,-0.27874625,0.06407452,0.3888318,-0.35714343,0.043843657,0.4112137,-0.36953956,0.025475835,0.3885453,-0.37557012
ㅊ,0.0,0.0,0.0,-0.15255286,0.10061303,-0.046956517,-0.30808282,0.21289738,-0.1161397,-0.42712104,0.27331772,-0.17355311,-0.5484305,0.2566307,-0.24556597,-0.27694717,0.19424815,-0.25819692,-0.3200242,0.46542424,-0.3474338,-0.35542744,0.6356831,-0.39205223,-0.38984114,0.77574676,-0.42387563,-0.16437596,0.15331806,-0.2790298,-0.1584734,0.5211511,-0.37564838,-0.16807795,0.724488,-0.4176422,-0.18057528,0.8724811,-0.4540587,-0.043711275,0.1257325,-0.28870806,-0.0019499076,0.49160105,-0.3900838,0.010743838,0.6739285,-0.41895452,0.01967197,0.78673404,-0.4347022,0.062342413,0.120040275,-0.29297304,0.07180221,0.37751886,-0.37203956,0.050211824,0.41505012,-0.38450646,0.030296518,0.4051375,-0.39073992
ㅈ,0.0,0.0,0.0,-0.13208492,0.11197336,-0.060132515,-0.2504655,0.29125547,-0.12739833,-0.34944934,0.40943456,-0.17287257,-0.46367535,0.4574638,-0.22040996,-0.1445198,0.2965561,-0.2551389,-0.19060491,0.59273744,-0.32064247,-0.2160619,0.7504079,-0.34746283,-0.23058176,0.8798566,-0.36379576,-0.019172516,0.28695163,-0.24018137,-0.024858413,0.62565374,-0.2924467,-0.012557151,0.80951715,-0.2996676,0.007064954,0.95037884,-0.31101462,0.08566879,0.27728674,-0.21095408,0.045958973,0.56749904,-0.24465145,0.0018054154,0.52361906,-0.20631209,-0.014547455,0.43111125,-0.17914785,0.1603917,0.27853978,-0.18310215,0.10055085,0.48707715,-0.20665592,0.06650064,0.44782233,-0.17338836,0.06950896,0.3736646,-0.14639609
ㅊ,0.0,0.0,0.0,-0.15413606,0.08168577,-0.038305037,-0.31547835,0.20433305,-0.09738715,-0.44481006,0.26994637,-0.14650542,-0.5682284,0.24781878,-0.20973028,-0.29070112,0.21328911,-0.22655626,-0.32829255,0.5058591,-0.30337787,-0.35973647,0.67988485,-0.3409389,-0.3902754,0.8186938,-0.36779246,-0.17725587,0.17930774,-0.24950077,-0.1730399,0.5572496,-0.33074132,-0.18034668,0.75664973,-0.36541304,-0.18995681,0.8985349,-0.3956658,-0.057585265,0.1516993,-0.26258764,-0.018099649,0.52239734,-0.35283604,-0.00045431394,0.6983928,-0.37900978,0.008582667,0.8086172,-0.39294645,0.048191655,0.14157623,-0.27006584,0.055981547,0.3949022,-0.34382823,0.042426072,0.4129555,-0.35249612,0.025855418,0.38512695,-0.35487553
ㅈ,0.0,0.0,0.0,-0.14672345,0.09717538,-0.009713848,-0.27978128,0.27800217,-0.045253895,-0.38172346,0.4113941,-0.07353942,-0.4969207,0.45057634,-0.102368444,-0.2800715,0.31397453,-0.17439376,-0.31287485,0.59160393,-0.23403676,-0.33998013,0.74384284,-0.26390553,-0.36700705,0.867042,-0.2862126,-0.18478283,0.29578647,-0.1949049,-0.16564202,0.6170597,-0.2563438,-0.1403389,0.8121465,-0.27373576,-0.122691706,0.94743913,-0.2954757,-0.07885621,0.28300938,-0.20208852,-0.030746616,0.60060173,-0.24537933,0.021645663,0.57778335,-0.21229684,0.05212323,0.5005662,-0.19273089,0.018422538,0.2745481,-0.20851597,0.06647498,0.49961,-0.23876284,0.09721936,0.45741004,-0.21418725,0.11345138,0.38228086,-0.19641724
ㅈ,0.0,0.0,0.0,-0.13962738,0.09584679,-0.0357383,-0.25659332,0.28201595,-0.09262337,-0.3487806,0.41588873,-0.13077693,-0.45526993,0.47205514,-0.17100218,-0.18712516,0.29989716,-0.23686455,-0.22287776,0.59604394,-0.30764717,-0.2500826,0.75706816,-0.3454555,-0.27097443,0.88799924,-0.37152418,-0.068511195,0.2944804,-0.23289381,-0.059222966,0.6306973,-0.27898887,-0.042727057,0.8102486,-0.27881622,-0.026537815,0.9418453,-0.2881388,0.04135806,0.28209728,-0.21390335,0.029326543,0.5506995,-0.22564292,-0.0066398517,0.503386,-0.16677248,-0.023096813,0.4150282,-0.1331939,0.12921298,0.26813775,-0.1966393,0.093060985,0.4651722,-0.20181851,0.06286962,0.42506555,-0.15494661,0.059545923,0.3588041,-0.1221449
ㅊ,0.0,0.0,0.0,-0.16024263,0.07234308,-0.03596302,-0.33042002,0.19317141,-0.0954923,-0.46436936,0.25015977,-0.14665505,-0.5884111,0.21892436,-0.21306154,-0.30971554,0.21838404,-0.22287357,-0.3370785,0.5302399,-0.2994425,-0.35938638,0.7091079,-0.33781457,-0.38175333,0.8459563,-0.36549854,-0.19543932,0.18696848,-0.24547628,-0.18319982,0.5662621,-0.32817778,-0.18678567,0.7616325,-0.3651481,-0.1968178,0.89598453,-0.3980885,-0.07507928,0.16351809,-0.25861743,-0.0392638,0.5351815,-0.34710097,-0.02424605,0.71064097,-0.375661,-0.019213684,0.8151091,-0.39318252,0.03213834,0.15791322,-0.26615167,0.03814518,0.4216509,-0.33904108,0.021180686,0.46678868,-0.35463518,-0.003924523,0.46526873,-0.36339593
ㅈ,0.0,0.0,0.0,-0.15508783,0.09230449,0.0012288876,-0.27990687,0.29444015,-0.030631103,-0.3694775,0.43997172,-0.053846832,-0.47636625,0.50106716,-0.08031798,-0.2333559,0.3544124,-0.17089973,-0.26376584,0.6372858,-0.21709354,-0.28818887,0.79306346,-0.23800433,-0.30796146,0.9162755,-0.25321218,-0.12704319,0.35998848,-0.18068977,-0.10424746,0.6787519,-0.20872924,-0.08638232,0.85015124,-0.20131542,-0.0742274,0.97559786,-0.20663817,-0.018170364,0.35190696,-0.17403634,-0.0033269636,0.572888,-0.16358095,-0.017959088,0.5086205,-0.09951789,-0.027713224,0.4195824,-0.0669636,0.07758986,0.327775,-0.16785815,0.069394864,0.49844968,-0.1479929,0.055243205,0.44033927,-0.09167635,0.05248145,0.36747965,-0.056270577
ㅊ,0.0,0.0,0.0,-0.15571085,0.07861968,-0.032603446,-0.32416,0.20339993,-0.0883274,-0.4579071,0.2644319,-0.135895,-0.5817689,0.23760957,-0.1980512,-0.3056652,0.2301386,-0.21290502,-0.33165202,0.53930974,-0.28363755,-0.35230556,0.71876234,-0.31882697,-0.3729715,0.8583774,-0.34570533,-0.19313909,0.1973251,-0.23677725,-0.17740552,0.5750885,-0.31458303,-0.18002282,0.7708347,-0.34941876,-0.18716589,0.90547675,-0.38089475,-0.07389123,0.17190942,-0.25092375,-0.03476477,0.54391557,-0.3333271,-0.01684435,0.720203,-0.35826033,-0.00967355,0.82605904,-0.37417513,0.03402344,0.16276108,-0.25976533,0.041071437,0.42268807,-0.32890633,0.026808525,0.45996177,-0.34075403,0.0055863615,0.45022857,-0.3469431
ㅋ,0.0,0.0,0.0,-0.15688401,0.07262089,-0.005724932,-0.3499841,0.19385585,-0.048784796,-0.49293405,0.24167237,-0.09192033,-0.6153738,0.19061318,-0.13496618,-0.34381327,0.20585006,-0.15666845,-0.3458626,0.5450105,-0.20895125,-0.2878681,0.5158794,-0.21325584,-0.25926912,0.42414925,-0.21110351,-0.23976292,0.19620018,-0.18796638,-0.24308892,0.5925433,-0.23782785,-0.24933143,0.7869205,-0.24464342,-0.25201923,0.9312656,-0.26311725,-0.11689924,0.19993214,-0.21074481,-0.13210358,0.5331324,-0.24213243,-0.1229335,0.47460145,-0.19854848,-0.11457184,0.38485372,-0.17594941,-0.011036548,0.21652831,-0.23208839,-0.049862348,0.49901086,-0.2498448,-0.042811804,0.45370933,-0.20841317,-0.032448567,0.370895,-0.18088175
ㅋ,0.0,0.0,0.0,-0.14677946,0.10685809,-0.008674925,-0.30854958,0.26238516,-0.05293249,-0.43828905,0.34264365,-0.09588931,-0.560994,0.321763,-0.13974911,-0.2873423,0.26331943,-0.15763704,-0.26233926,0.5699301,-0.20639884,-0.22120641,0.55232936,-0.21138681,-0.2047323,0.47435185,-0.20897882,-0.17825058,0.23506135,-0.18472692,-0.13684523,0.62222636,-0.22789876,-0.124821864,0.8205452,-0.23288673,-0.10818566,0.96220505,-0.24991462,-0.055782534,0.21909647,-0.20261486,-0.04626068,0.5517991,-0.23168273,-0.058499947,0.4998164,-0.19091891,-0.06106809,0.41495278,-0.168559,0.04870798,0.2211618,-0.21912679,0.027305424,0.5027823,-0.23753071,0.012681659,0.46271735,-0.19711088,0.008905204,0.38770455,-0.168645
ㅋ,0.0,0.0,0.0,-0.16082694,0.060966823,-0.0056987465,-0.35308573,0.17277814,-0.04613676,-0.4985492,0.21771802,-0.085968,-0.6155288,0.16554302,-0.12520948,-0.33833358,0.1875672,-0.15270121,-0.3638291,0.5204577,-0.2046905,-0.30635956,0.49576178,-0.21231197,-0.2780313,0.40390825,-0.21013443,-0.23130861,0.19273363,-0.17955782,-0.26060352,0.58769023,-0.22265542,-0.28217974,0.78179955,-0.22755492,-0.29894093,0.92248386,-0.24424957,-0.11186662,0.21290815,-0.19725053,-0.15645249,0.5404662,-0.22628467,-0.15119912,0.48269197,-0.18355003,-0.1397772,0.3947357,-0.15923391,-0.008919278,0.24546121,-0.2137637,-0.07643813,0.5133656,-0.22737347,-0.07415343,0.46568978,-0.1831871,-0.060309194,0.38395616,-0.15251976
ㅋ,0.0,0.0,0.0,-0.16644078,0.045293573,-0.0055208644,-0.36522675,0.13914019,-0.047399115,-0.5139894,0.17170824,-0.08838465,-0.63047206,0.10463634,-0.12855138,-0.3551518,0.15920304,-0.15648158,-0.39373577,0.4920927,-0.20524572,-0.33707672,0.4721147,-0.20742919,-0.30393004,0.38250086,-0.20233443,-0.24874295,0.1759746,-0.18368396,-0.29389226,0.5680035,-0.22435106,-0.32404613,0.7634392,-0.22635259,-0.34636444,0.90634835,-0.24200077,-0.12932862,0.20706865,-0.20142463,-0.1889087,0.53203344,-0.22689845,-0.18013829,0.4725855,-0.18168244,-0.16448992,0.38578063,-0.15757331,-0.026859982,0.2494531,-0.2176187,-0.1045409,0.51053286,-0.23053756,-0.098611355,0.45942637,-0.18623134,-0.08153562,0.38000667,-0.15611766
ㅋ,0.0,0.0,0.0,-0.17781676,0.033788074,-0.00068774953,-0.36778924,0.11969404,-0.03411486,-0.52107215,0.14622176,-0.06851884,-0.63397145,0.08684949,-0.10292281,-0.3397121,0.23527119,-0.11930566,-0.35428336,0.56819385,-0.1459037,-0.31314406,0.52835315,-0.14436178,-0.2929404,0.42848033,-0.13896509,-0.23840074,0.28420067,-0.13896509,-0.2563193,0.6404673,-0.15303506,-0.2630923,0.82123286,-0.1529387,-0.26662537,0.9489476,-0.16855058,-0.1246137,0.32704023,-0.14908391,-0.18022476,0.5786842,-0.15274595,-0.17983969,0.51523703,-0.11641458,-0.16664408,0.43203878,-0.10099542,-0.020430868,0.36977074,-0.15804629,-0.101623625,0.5655614,-0.14995123,-0.099681236,0.51489216,-0.10417563,-0.08221817,0.4503449,-0.07622842
ㅋ,0.0,0.0,0.0,-0.20539087,0.03170451,-0.002442003,-0.39890987,0.12922105,-0.02956468,-0.5697066,0.17063977,-0.055251874,-0.69920194,0.12263891,-0.077546425,-0.37363032,0.3303791,-0.089232214,-0.38178116,0.6506222,-0.08379321,-0.3363844,0.5882285,-0.06386813,-0.3138153,0.48332107,-0.046958737,-0.26676413,0.3970406,-0.093971156,-0.28071553,0.70731354,-0.07415377,-0.28258774,0.8534334,-0.06704537,-0.28317302,0.9558407,-0.07862346,-0.14876863,0.43876317,-0.08750896,-0.19507724,0.61579466,-0.05463259,-0.19246823,0.5518011,-0.028299168,-0.17787945,0.4712656,-0.02625281,-0.045360535,0.47053853,-0.080562115,-0.11562143,0.59879583,-0.040900435,-0.11066283,0.5468274,0.0034412807,-0.096923254,0.48621115,0.026939075
ㅋ,0.0,0.0,0.0,-0.15375504,0.08670757,-0.014934314,-0.32637283,0.23916359,-0.061871435,-0.4607468,0.31162268,-0.10420019,-0.58603865,0.30460128,-0.14857711,-0.2885865,0.25185403,-0.16957082,-0.2565936,0.57758456,-0.21573986,-0.23185928,0.57419693,-0.22461525,-0.22439303,0.509121,-0.22615138,-0.17189649,0.2410341,-0.18911372,-0.12919815,0.6278804,-0.22598068,-0.114331186,0.8239502,-0.2293943,-0.096389085,0.96430343,-0.24663302,-0.04984023,0.23850052,-0.19901317,-0.060311344,0.5602537,-0.22171368,-0.07897327,0.50704986,-0.17955561,-0.08125222,0.42103288,-0.15804988,0.052059986,0.25072357,-0.20805924,0.012655861,0.52664965,-0.22222573,-0.0134682655,0.498613,-0.1812624,-0.02512021,0.43362677,-0.15403889
ㅋ,0.0,0.0,0.0,-0.15224728,0.14519195,-0.0196341,-0.32175708,0.3254686,-0.07945126,-0.4539757,0.4239971,-0.13251548,-0.59258205,0.44018552,-0.19066541,-0.3189176,0.25313455,-0.21974036,-0.25776199,0.59415627,-0.28307196,-0.20034245,0.6433976,-0.2920919,-0.16003339,0.63441545,-0.2932434,-0.20281135,0.21396382,-0.24603255,-0.132961,0.61507803,-0.30207145,-0.09453082,0.8106889,-0.2999604,-0.050704032,0.9489635,-0.3112833,-0.07881329,0.1836168,-0.26100188,-0.045398626,0.544184,-0.30245528,-0.047396794,0.5384136,-0.25505254,-0.04358791,0.47724703,-0.22876032,0.031636834,0.17253125,-0.27462777,0.034381717,0.50372964,-0.30993992,0.013848492,0.54509765,-0.27712265,-0.0060550706,0.52083665,-0.2531334
ㅋ,0.0,0.0,0.0,-0.16018093,0.13858578,-0.018561041,-0.32945466,0.3144196,-0.074199125,-0.45867124,0.413925,-0.124581955,-0.5941969,0.42297575,-0.17925577,-0.33902356,0.2484598,-0.19526255,-0.28025594,0.56820774,-0.25417915,-0.23062293,0.61322355,-0.26690742,-0.20169413,0.6096505,-0.27307874,-0.22369586,0.2152313,-0.22235839,-0.16484621,0.60451996,-0.27539298,-0.1430345,0.800934,-0.27867144,-0.11316059,0.94839215,-0.2962211,-0.09780708,0.1916121,-0.23971516,-0.07730469,0.5468268,-0.2788643,-0.07787365,0.50723076,-0.23431528,-0.07056763,0.42394146,-0.21117294,0.015497443,0.18269923,-0.25610766,0.007426492,0.50709546,-0.2904355,-0.0100543015,0.51840425,-0.25861475,-0.023794921,0.47070614,-0.23643665
ㅋ,0.0,0.0,0.0,-0.15545796,0.08035125,-0.008989415,-0.34833845,0.20089096,-0.05205567,-0.49021652,0.24694878,-0.09478565,-0.61118823,0.19008452,-0.1367534,-0.34763625,0.203904,-0.15953074,-0.34987214,0.53483564,-0.21199045,-0.29128215,0.51823556,-0.21396329,-0.2586281,0.4344479,-0.20983824,-0.24512884,0.1915538,-0.19028917,-0.2610387,0.5801399,-0.24319722,-0.27925652,0.77402097,-0.2528821,-0.29137504,0.9168361,-0.2729692,-0.12389225,0.1967086,-0.21199045,-0.14680703,0.5367917,-0.24839835,-0.13294469,0.48838812,-0.20625126,-0.12072031,0.40325096,-0.18266682,-0.017752018,0.21589255,-0.23279497,-0.0638172,0.5066803,-0.25593102,-0.05826199,0.4717278,-0.21772963,-0.046998754,0.39184758,-0.19082722
ㅊ,0.0,0.0,0.0,-0.1693334,0.06350324,0.0004219664,-0.32270846,0.22365871,-0.02169146,-0.4372675,0.3372331,-0.036373593,-0.55260444,0.36323962,-0.0566078,-0.3115094,0.2954036,-0.15022801,-0.36140648,0.58318394,-0.19790177,-0.39505008,0.74571085,-0.21675412,-0.42680004,0.86721206,-0.22761151,-0.20907861,0.32070565,-0.16503353,-0.22113812,0.6441237,-0.19938233,-0.2174087,0.8320323,-0.20313306,-0.22053263,0.95179343,-0.21320082,-0.095233366,0.3418812,-0.16848816,-0.077273846,0.61362475,-0.18891975,-0.060029957,0.72119755,-0.18625477,-0.047705367,0.7731208,-0.19158474,0.0056114327,0.35091752,-0.16779724,0.000598708,0.49684736,-0.1670076,-0.0014327612,0.4806261,-0.15072152,-1.7025894e-05,0.45002508,-0.14608246
ㄴ,0.0,0.0,0.0,-0.06020167,-0.262357,0.020330235,-0.16554958,-0.52727795,-0.008107042,-0.21371643,-0.7531092,-0.04299883,-0.20638125,-0.9260629,-0.08138292,-0.37426218,-0.44973844,-0.0707813,-0.6246625,-0.45541078,-0.11044382,-0.7790884,-0.4503094,-0.12846656,-0.8887522,-0.4375306,-0.13669842,-0.42381635,-0.2928871,-0.09248344,-0.6035282,-0.19746487,-0.12983854,-0.5144784,-0.15974334,-0.105392456,-0.39775014,-0.15817638,-0.07876369,-0.43903375,-0.11453308,-0.106826805,-0.5621972,-0.04642781,-0.12821713,-0.48633417,-0.012875366,-0.085873015,-0.3892083,-0.01744152,-0.053195093,-0.43956637,0.054676227,-0.11649299,-0.5275686,0.08931486,-0.11038147,-0.4534404,0.11333125,-0.06127103,-0.3755674,0.10406337,-0.022855762
ㅊ,0.0,0.0,0.0,-0.17109877,0.061409034,0.010312043,-0.32186255,0.20970593,-0.004438196,-0.4274588,0.3236142,-0.014243092,-0.5349616,0.3429945,-0.02618055,-0.36344373,0.24071305,-0.12834755,-0.41328138,0.5213437,-0.18041156,-0.4453493,0.68223375,-0.20178622,-0.47245294,0.80104,-0.21355207,-0.26383668,0.24158663,-0.15433054,-0.29557362,0.58098197,-0.20943402,-0.29791227,0.7819868,-0.22512187,-0.2992555,0.9236429,-0.23943701,-0.15327258,0.25877252,-0.17080276,-0.14182355,0.57743216,-0.21610138,-0.1088793,0.71852714,-0.22571017,-0.08640174,0.80800617,-0.23257358,-0.053985823,0.2778811,-0.18198031,-0.04140221,0.48274934,-0.1971779,-0.014126669,0.5051954,-0.19070669,0.0030042503,0.50851345,-0.19002035
ㄷ,0.0,0.0,0.0,-0.15331422,-0.19160558,0.028831754,-0.34203416,-0.23138674,0.015925959,-0.46668887,-0.15010273,-0.0023546289,-0.52901566,-0.04276575,-0.021311985,-0.44374844,-0.28045973,-0.07856965,-0.69242364,-0.30797666,-0.10047802,-0.82504374,-0.33420378,-0.102807365,-0.9294271,-0.35497358,-0.1007928,-0.43815506,-0.11122332,-0.107403085,-0.68967885,-0.034493815,-0.11898682,-0.83937544,0.0049617626,-0.116846345,-0.9490468,0.039717272,-0.11779067,-0.40500522,0.04580546,-0.12364551,-0.5246464,0.074228525,-0.117412955,-0.4727918,0.038060986,-0.084991075,-0.40936404,0.01573603,-0.06106813,-0.36309627,0.17278203,-0.1385029,-0.46407348,0.16489507,-0.10922879,-0.4206375,0.13317175,-0.057164915,-0.3649401,0.1220241,-0.017975362
ㄷ,0.0,0.0,0.0,-0.15538794,-0.18692599,0.025285382,-0.34220532,-0.22614089,0.0009335112,-0.46789175,-0.15218323,-0.027680466,-0.54124904,-0.05708491,-0.0573648,-0.43147135,-0.27850077,-0.111703776,-0.675869,-0.30427015,-0.151324,-0.81062883,-0.33428115,-0.16613534,-0.91890484,-0.35443753,-0.17317072,-0.41897747,-0.112631366,-0.14552294,-0.6792676,-0.023902677,-0.17687352,-0.8331093,0.025700502,-0.18181062,-0.9462325,0.074743435,-0.18736488,-0.38208193,0.047395594,-0.16477762,-0.51868135,0.09662107,-0.17107244,-0.46135688,0.05507348,-0.12861335,-0.39439043,0.028725712,-0.097633034,-0.33644748,0.17870104,-0.18304491,-0.45017225,0.18444963,-0.16304964,-0.40345556,0.14844234,-0.10429812,-0.3457564,0.13179739,-0.059771635
ㄷ,0.0,0.0,0.0,-0.15403624,-0.1801675,0.019823978,-0.33138436,-0.21990882,-0.011206185,-0.4494321,-0.13841541,-0.049103245,-0.5164886,-0.032312073,-0.08750924,-0.41677418,-0.30069214,-0.10507148,-0.6571407,-0.33019271,-0.14925054,-0.79078233,-0.36574247,-0.16748121,-0.9006302,-0.39687142,-0.17708272,-0.4072261,-0.14552997,-0.14293055,-0.66441756,-0.06019226,-0.18133654,-0.8224601,-0.011646992,-0.19227496,-0.94337785,0.028996537,-0.20126876,-0.37666863,0.011418607,-0.16833198,-0.5161947,0.08557547,-0.18449655,-0.44691405,0.062572025,-0.14451055,-0.37455854,0.03639344,-0.113214515,-0.33864912,0.15174176,-0.19373341,-0.45589218,0.17652263,-0.17854118,-0.39868653,0.15339476,-0.12008141,-0.33705574,0.13619165,-0.075598516
ㄷ,0.0,0.0,0.0,-0.15578298,-0.18899843,0.028486738,-0.3417737,-0.2261343,0.0078044096,-0.46899816,-0.1436125,-0.018217564,-0.53721404,-0.038462505,-0.04500178,-0.4361379,-0.2838179,-0.09650628,-0.68552995,-0.30554426,-0.12809072,-0.8197208,-0.33135659,-0.1367217,-0.9264151,-0.3499662,-0.13884819,-0.42468977,-0.11858065,-0.13046737,-0.68294585,-0.035342842,-0.15273282,-0.8375438,0.005644884,-0.15485929,-0.95146704,0.045547925,-0.158737,-0.38963294,0.039671723,-0.15035617,-0.5197845,0.0864572,-0.15023108,-0.4624717,0.047512542,-0.11151671,-0.39607474,0.020946385,-0.08330963,-0.34549007,0.1715736,-0.1691192,-0.45411614,0.17805761,-0.14197534,-0.4068867,0.14336297,-0.0839976,-0.3497738,0.12890902,-0.04062374
ㄴ,0.0,0.0,0.0,-0.072701514,-0.26901627,0.025852796,-0.1960149,-0.5136019,-0.0016037071,-0.26896068,-0.73423976,-0.035428535,-0.2877555,-0.90661234,-0.07376493,-0.41343483,-0.4072633,-0.07363851,-0.66176075,-0.40522197,-0.11023663,-0.8122571,-0.39080438,-0.12705028,-0.91797596,-0.3730864,-0.13463539,-0.45292,-0.24336973,-0.09329657,-0.61115354,-0.1356462,-0.11257538,-0.5258395,-0.11270185,-0.08002264,-0.42002815,-0.1286148,-0.05451772,-0.4524904,-0.06134762,-0.10442139,-0.5571506,0.012488226,-0.10985739,-0.48583737,0.031145446,-0.06282973,-0.39633247,0.015506953,-0.03315301,-0.43770745,0.10703792,-0.11048948,-0.51041746,0.1390402,-0.09209559,-0.437792,0.14790672,-0.03811493,-0.36390814,0.1317552,0.00085157575
ㄷ,0.0,0.0,0.0,-0.14391877,-0.20471534,0.014503141,-0.3350128,-0.25743768,0.0018725339,-0.4680073,-0.18668029,-0.010315298,-0.54206365,-0.09328001,-0.022216853,-0.4269302,-0.25227857,-0.09619123,-0.67588675,-0.2993598,-0.122269295,-0.8108738,-0.34120312,-0.12837656,-0.9173636,-0.37644622,-0.12935375,-0.434791,-0.08536153,-0.108589,-0.6807514,-0.027544003,-0.11909352,-0.831616,0.0068080085,-0.11726132,-0.94110054,0.041751735,-0.11817742,-0.41591543,0.06817655,-0.10840577,-0.5192069,0.035789944,-0.09686302,-0.46972272,-0.015166114,-0.06797561,-0.39977401,-0.03440558,-0.048004817,-0.3868159,0.18282367,-0.108466856,-0.45528573,0.12676467,-0.08513705,-0.41075543,0.08947203,-0.044248845,-0.3551024,0.08860879,-0.011788677
ㅊ,0.0,0.0,0.0,-0.15656285,0.07127955,-0.036704708,-0.30444738,0.23469874,-0.08203042,-0.41782063,0.3467075,-0.10748764,-0.53864515,0.38382795,-0.13668588,-0.26116964,0.26948646,-0.2246456,-0.315836,0.56280816,-0.2828596,-0.3442583,0.732603,-0.3042108,-0.37269104,0.859229,-0.31607258,-0.13494459,0.27911428,-0.22336817,-0.15949142,0.61723375,-0.2782974,-0.16572283,0.81299543,-0.28596193,-0.17330065,0.9395654,-0.29526883,-0.015701741,0.28738463,-0.20895153,-0.012895373,0.5781396,-0.24763922,-0.03195593,0.71268463,-0.24672675,-0.046942662,0.7840735,-0.24946411,0.07819063,0.29567555,-0.1910676,0.041267667,0.4787791,-0.2076741,0.011040711,0.4709162,-0.19015516,-0.0015532908,0.43512607,-0.1812132
ㄷ,0.0,0.0,0.0,-0.14951114,-0.19588578,0.0049689445,-0.33957064,-0.22828107,-0.012589667,-0.4694574,-0.131329,-0.028752562,-0.536068,-0.022719167,-0.04347791,-0.4253162,-0.22992498,-0.101071075,-0.6801651,-0.2658522,-0.13496374,-0.8245591,-0.29358125,-0.14482118,-0.9373423,-0.3162701,-0.14615986,-0.43049216,-0.062886335,-0.11409267,-0.6805547,-0.02536176,-0.136059,-0.83725154,-0.0011895271,-0.14068349,-0.9520948,0.02861003,-0.144091,-0.4132322,0.085765906,-0.11628322,-0.5306638,0.0482165,-0.12072516,-0.49201635,-0.010989008,-0.09930646,-0.42633983,-0.039214943,-0.08026087,-0.3875238,0.1970678,-0.118838854,-0.46448842,0.13250221,-0.10380926,-0.43086386,0.085569456,-0.06736097,-0.38125136,0.07465394,-0.036967117
ㄷ,0.0,0.0,0.0,-0.1512856,-0.1922751,0.0028566062,-0.34888756,-0.20914793,-0.031225024,-0.4991236,-0.11649918,-0.0554635,-0.6001185,-0.015023865,-0.079403475,-0.39826527,-0.24946493,-0.17205894,-0.6580185,-0.2902625,-0.20847633,-0.7993655,-0.3215879,-0.21910305,-0.9089805,-0.3513859,-0.22423731,-0.38882402,-0.07778891,-0.18113343,-0.6534719,-0.018527543,-0.1966556,-0.80527246,0.015510153,-0.18901391,-0.9138686,0.037503347,-0.19140196,-0.3689333,0.07752092,-0.17277533,-0.52527755,0.048709337,-0.15020847,-0.47688523,-0.0071136095,-0.09570177,-0.40855187,-0.03862071,-0.06740364,-0.34576198,0.19535537,-0.16525304,-0.45125183,0.12258629,-0.1263282,-0.41493714,0.07401833,-0.06591112,-0.36478108,0.06859623,-0.026613144
ㄷ,0.0,0.0,0.0,-0.14763242,-0.20051204,0.0022393016,-0.3435311,-0.22557385,-0.02133389,-0.4812747,-0.12762137,-0.03861144,-0.55663836,-0.016227152,-0.05416426,-0.41996422,-0.22562428,-0.13701178,-0.67670435,-0.26388606,-0.1712643,-0.81974596,-0.29572198,-0.1827625,-0.92750174,-0.32305342,-0.18808798,-0.41059977,-0.05359812,-0.14463691,-0.6694822,0.0118002435,-0.16811745,-0.82664114,0.044823885,-0.17295876,-0.9336877,0.07896199,-0.17937356,-0.38521218,0.09598645,-0.13676973,-0.5169657,0.08204374,-0.12242724,-0.47851253,0.013208305,-0.07976289,-0.41630605,-0.024335708,-0.053498574,-0.3572161,0.20282243,-0.13047598,-0.44004437,0.14716887,-0.095678814,-0.41001078,0.09416984,-0.041849088,-0.3656379,0.0819028,-0.0031826275
ㄷ,0.0,0.0,0.0,-0.14724806,-0.19585177,0.0057287454,-0.33254138,-0.22627294,-0.02358964,-0.45901063,-0.13779657,-0.050264042,-0.5281246,-0.039590634,-0.07680227,-0.4036408,-0.2641704,-0.12999977,-0.66004163,-0.3046347,-0.1667962,-0.8009773,-0.3406917,-0.18023176,-0.90994114,-0.3707906,-0.18579964,-0.39541903,-0.08865212,-0.1469455,-0.65857995,-0.023074308,-0.17103264,-0.8207762,0.014347479,-0.17296928,-0.93859386,0.048766658,-0.17660053,-0.37109113,0.067800574,-0.14985049,-0.52163756,0.050869886,-0.14549302,-0.47546774,0.000489892,-0.10373389,-0.41067818,-0.019967366,-0.07498665,-0.34243578,0.18539934,-0.15336066,-0.45742726,0.12066837,-0.12552124,-0.42068917,0.07842242,-0.06784523,-0.36841592,0.079512484,-0.025390126
ㄷ,0.0,0.0,0.0,-0.15475072,-0.17384651,0.003148535,-0.3394781,-0.1996398,-0.029234571,-0.46507904,-0.1190602,-0.05791774,-0.53654194,-0.018450178,-0.08785329,-0.40990245,-0.21802256,-0.1506569,-0.6621748,-0.25019935,-0.20258597,-0.804736,-0.28093427,-0.2292225,-0.92073107,-0.3048822,-0.24351826,-0.39917222,-0.04941878,-0.16421954,-0.66303766,0.023145597,-0.19342199,-0.81945586,0.0737009,-0.19720976,-0.9348154,0.12071595,-0.20380782,-0.37231678,0.10596415,-0.16311987,-0.52568024,0.095058165,-0.16226457,-0.4740397,0.040684428,-0.1183998,-0.4020433,0.018895106,-0.08815876,-0.34274673,0.2260782,-0.16263111,-0.46564305,0.17322846,-0.1411264,-0.42284173,0.12534347,-0.08485975,-0.36562207,0.1238102,-0.0425223
ㅊ,0.0,0.0,0.0,-0.17322887,0.068252586,-0.00379527,-0.32139122,0.2419181,-0.02320721,-0.43006352,0.37279627,-0.035277333,-0.54567444,0.40932134,-0.05133716,-0.30624256,0.33619735,-0.12898491,-0.3438728,0.61936706,-0.16474076,-0.36841688,0.77669704,-0.17554833,-0.39188087,0.896673,-0.18211366,-0.20117345,0.36445838,-0.14120655,-0.19940226,0.67277324,-0.16524579,-0.18857147,0.8516412,-0.16625583,-0.18272302,0.9675296,-0.17463928,-0.08444951,0.38001725,-0.1440347,-0.058576852,0.6408395,-0.1598925,-0.037678234,0.734804,-0.16070056,-0.021547623,0.7742319,-0.16908398,0.019051984,0.38392088,-0.14332765,0.01718196,0.5096554,-0.14292362,0.014329866,0.4766229,-0.13029799,0.016248237,0.4333001,-0.12777284
ㄷ,0.0,0.0,0.0,-0.15468515,-0.17497398,0.00063606974,-0.34195396,-0.19613545,-0.034191668,-0.46456605,-0.106221125,-0.06533977,-0.5364999,-0.008464662,-0.09691372,-0.40563947,-0.22998069,-0.15111873,-0.6644103,-0.26285273,-0.19893591,-0.8081193,-0.29269475,-0.21864684,-0.9214824,-0.31480274,-0.22752891,-0.3917044,-0.058615763,-0.1674228,-0.65712136,0.021018093,-0.20161273,-0.81918466,0.069009505,-0.20672294,-0.9369074,0.112134494,-0.21195486,-0.36404198,0.09800244,-0.16912621,-0.5205301,0.0982837,-0.17119466,-0.47078502,0.04357874,-0.12629758,-0.40367368,0.018307308,-0.09454112,-0.33333597,0.21797138,-0.1719247,-0.4556999,0.17008033,-0.14795524,-0.41633818,0.1244536,-0.08839666,-0.36244234,0.12031386,-0.04392545
ㄴ,0.0,0.0,0.0,-0.055510856,-0.26553726,0.018551474,-0.15650219,-0.52504957,-0.010973273,-0.21285582,-0.7441787,-0.04552942,-0.21016635,-0.91735256,-0.08315688,-0.36136147,-0.46552354,-0.072847135,-0.605952,-0.48735923,-0.10970292,-0.7585136,-0.48969814,-0.12569228,-0.86426204,-0.4850119,-0.13347088,-0.4155175,-0.31097075,-0.09266407,-0.58025306,-0.22948803,-0.11982745,-0.49363518,-0.18566844,-0.09198499,-0.38699302,-0.18004315,-0.067784876,-0.43634397,-0.13227074,-0.10513453,-0.55198175,-0.06980453,-0.120568275,-0.48124197,-0.037775945,-0.07673644,-0.38913664,-0.041739367,-0.047072798,-0.4428129,0.04020697,-0.11278967,-0.51574534,0.06323191,-0.102232985,-0.44515428,0.08912017,-0.0510547,-0.37208188,0.083083056,-0.012948792
ㄷ,0.0,0.0,0.0,-0.14872508,-0.17369103,-0.00261813,-0.33489344,-0.19874299,-0.04123088,-0.45780322,-0.10236538,-0.07680224,-0.5265388,0.0074670613,-0.112132825,-0.40253544,-0.24674197,-0.14878757,-0.65240896,-0.28049085,-0.2022349,-0.7941723,-0.31337684,-0.22968084,-0.90737206,-0.34130526,-0.2453298,-0.3865627,-0.07492832,-0.16708486,-0.6544671,-0.0022364086,-0.2078926,-0.8216771,0.05156326,-0.22137481,-0.94898146,0.10178355,-0.23401438,-0.3593392,0.08416938,-0.1715388,-0.52831244,0.1017233,-0.18201159,-0.47744015,0.057291716,-0.13843518,-0.4084978,0.034852184,-0.10641493,-0.3332663,0.2133891,-0.17719652,-0.47514197,0.17320043,-0.16106601,-0.43386054,0.13403408,-0.10214155,-0.37776875,0.13125357,-0.057541944
ㅊ,0.0,0.0,0.0,-0.16549991,0.058424678,-0.0029820676,-0.3151053,0.22377147,-0.028799644,-0.42582434,0.34030148,-0.044607066,-0.54193866,0.36759403,-0.06595073,-0.3062841,0.28346717,-0.17104216,-0.3525943,0.5758823,-0.21698326,-0.38113812,0.741385,-0.22980402,-0.40592518,0.8582232,-0.23582591,-0.19687559,0.2989425,-0.186194,-0.21243322,0.6364026,-0.23077528,-0.21014313,0.82726294,-0.23582591,-0.21269107,0.94601756,-0.24456733,-0.08200101,0.31362063,-0.1880394,-0.05855911,0.60019743,-0.22183959,-0.042068098,0.6973715,-0.21912003,-0.035214677,0.73609984,-0.22067408,0.017714286,0.32058963,-0.18425144,0.01779099,0.49212077,-0.19066182,0.016910808,0.45812914,-0.17026515,0.014879273,0.40192023,-0.16103809
ㄷ,0.0,0.0,0.0,-0.14705192,-0.18060055,0.012820928,-0.33134815,-0.2106227,-0.02141118,-0.45690307,-0.12092118,-0.058259133,-0.5270366,-0.008309654,-0.095408626,-0.40960604,-0.28999466,-0.12725104,-0.6598815,-0.30607533,-0.16958699,-0.800534,-0.33386168,-0.18611127,-0.9133488,-0.35755932,-0.19479558,-0.39584193,-0.1295485,-0.15752546,-0.65801704,-0.03249193,-0.19383064,-0.82109356,0.025176827,-0.20082633,-0.94304055,0.075288385,-0.20806324,-0.36655772,0.028424976,-0.17344667,-0.5211607,0.09196193,-0.18261343,-0.46131,0.061258703,-0.13557349,-0.38924882,0.03549557,-0.10156,-0.33108202,0.16508861,-0.18997097,-0.4650394,0.17752254,-0.16958699,-0.41395095,0.15144032,-0.106746465,-0.35094047,0.14078748,-0.060128674
ㄴ,0.0,0.0,0.0,-0.061377,-0.27401763,0.01661135,-0.18650112,-0.5324097,-0.009620181,-0.2652228,-0.7522164,-0.04226002,-0.27734685,-0.9321488,-0.07948172,-0.39437214,-0.45392066,-0.063390106,-0.64484483,-0.4315915,-0.09629761,-0.79834944,-0.41264156,-0.112987526,-0.9095062,-0.39701715,-0.12319044,-0.4398296,-0.29205883,-0.08395336,-0.6049628,-0.21004821,-0.11191686,-0.5197361,-0.17680463,-0.09081827,-0.41482437,-0.17735967,-0.07167208,-0.45129687,-0.10665973,-0.097431265,-0.5722013,-0.05190397,-0.11349138,-0.49960804,-0.022169959,-0.07305767,-0.40625542,-0.027925223,-0.045314588,-0.44946396,0.06950495,-0.106878385,-0.5402447,0.086537406,-0.10001348,-0.46878228,0.10474306,-0.052620374,-0.3920196,0.09767145,-0.016563823
ㅊ,0.0,0.0,0.0,-0.1514771,0.076993085,-0.048286814,-0.29118973,0.24430631,-0.09684035,-0.4045559,0.35567117,-0.12545386,-0.52379763,0.4041285,-0.15701814,-0.22728682,0.29253873,-0.21370864,-0.28068492,0.5819268,-0.2725452,-0.3065301,0.74639463,-0.29579365,-0.32975549,0.8787152,-0.3084909,-0.1019078,0.29827946,-0.2097743,-0.1174565,0.6307489,-0.26020563,-0.12277932,0.82115436,-0.27093565,-0.13039868,0.9506107,-0.2816657,0.015674824,0.2956825,-0.19546753,0.015573862,0.5707696,-0.23642063,-0.0011793008,0.6991742,-0.23910314,-0.014543303,0.7773236,-0.24303748,0.108531214,0.29131448,-0.17892537,0.07065152,0.4646155,-0.19975957,0.04098201,0.4571658,-0.18214439,0.027386878,0.42781273,-0.17177197
ㅊ,0.0,0.0,0.0,-0.15834418,0.09189621,0.029723568,-0.28771248,0.24891919,0.022837281,-0.37740076,0.36860734,0.0146753015,-0.47477186,0.39067936,0.00472363,-0.3234831,0.3264601,-0.08456893,-0.3536049,0.5963702,-0.12425175,-0.37178606,0.7503053,-0.13891609,-0.38636628,0.8638539,-0.14565374,-0.23744717,0.3313558,-0.114244364,-0.2163227,0.65075904,-0.15506662,-0.19319063,0.8380236,-0.16398413,-0.17660718,0.9690469,-0.1725053,-0.13342585,0.3378545,-0.13416009,-0.059772536,0.61337686,-0.16101164,-0.014575222,0.708598,-0.15873273,0.010313661,0.7535657,-0.15794006,-0.035220582,0.33593494,-0.14892349,0.025083948,0.5160339,-0.15169781,0.05047527,0.55410033,-0.14020415,0.060560845,0.5719023,-0.13445733
ㅊ,0.0,0.0,0.0,-0.17497574,0.06836657,-0.005983748,-0.28898898,0.21754378,-0.044551603,-0.3449215,0.36827004,-0.07328821,-0.40097708,0.4548371,-0.10403615,-0.3223054,0.2587926,-0.19752839,-0.37578383,0.5106488,-0.27946126,-0.39990067,0.67598903,-0.32828802,-0.42703825,0.80058277,-0.35806498,-0.2190524,0.22085041,-0.22138694,-0.22863224,0.55761546,-0.30350474,-0.23019737,0.7635443,-0.3332817,-0.23503526,0.9040693,-0.3569553,-0.10423686,0.21387127,-0.23322374,-0.07694485,0.5271587,-0.29499707,-0.0548879,0.66991764,-0.3036897,-0.045198414,0.73769104,-0.30942315,-0.0069803614,0.22046964,-0.24136156,0.02332078,0.4459441,-0.27298802,0.042106047,0.4654904,-0.26392546,0.051504277,0.44685254,-0.2585619
ㅊ,0.0,0.0,0.0,-0.133625,0.092175074,-0.060893524,-0.25598177,0.24615131,-0.13248797,-0.3584239,0.3543634,-0.17610948,-0.4749527,0.400343,-0.22216342,-0.17910564,0.24942808,-0.2894606,-0.2208944,0.5413802,-0.37394685,-0.24636059,0.7166075,-0.41091976,-0.2652251,0.8549558,-0.43037918,-0.05040406,0.236305,-0.2766498,-0.04290537,0.5958682,-0.34637934,-0.040649623,0.79331446,-0.35610908,-0.039666045,0.93034196,-0.36454147,0.06456358,0.22623935,-0.2494066,0.07199203,0.5260571,-0.2977308,0.04905667,0.67264444,-0.29205513,0.036332726,0.75845236,-0.28913623,0.15151046,0.2235097,-0.21908236,0.1147355,0.41364604,-0.24389312,0.07678133,0.4440548,-0.22248775,0.056791253,0.4507009,-0.20821752
ㅊ,0.0,0.0,0.0,-0.16137998,0.06695906,-0.003602163,-0.30642444,0.24610342,-0.025188945,-0.40653238,0.38323328,-0.037637994,-0.52063435,0.41464582,-0.055057,-0.29283464,0.31793302,-0.15218848,-0.32635787,0.5980391,-0.19059715,-0.35276696,0.753148,-0.19899303,-0.38113317,0.86650246,-0.20439726,-0.18778539,0.32895863,-0.16830467,-0.19601984,0.6498656,-0.20748538,-0.1906141,0.83351487,-0.21424067,-0.19065385,0.9555579,-0.22485615,-0.07525755,0.3335721,-0.17245437,-0.044054292,0.6146798,-0.20497628,-0.02123094,0.7235807,-0.20845044,-0.009297514,0.7819024,-0.21578476,0.023935556,0.33100128,-0.1712963,0.0263997,0.48697636,-0.1800782,0.025810936,0.45238838,-0.16579556,0.024738686,0.40495303,-0.1622249
ㄹ,0.0,0.0,0.0,-0.15188009,-0.21050897,0.0028147,-0.34890652,-0.23454182,-0.020178562,-0.48388976,-0.11618076,-0.03257477,-0.5700486,-0.016234763,-0.05085843,-0.39028233,-0.3159456,-0.1504127,-0.6435003,-0.292354,-0.17952456,-0.7905106,-0.29267767,-0.18402149,-0.90643454,-0.30375502,-0.18899181,-0.38127458,-0.12940875,-0.17490925,-0.6677554,-0.09329877,-0.21230495,-0.83653104,-0.07861087,-0.23490806,-0.9625209,-0.08580934,-0.2572745,-0.36631593,0.03947712,-0.18532325,-0.6305659,0.10504505,-0.22650586,-0.77895796,0.1310545,-0.26319152,-0.8828423,0.14113863,-0.29396015,-0.3514975,0.17034987,-0.18733504,-0.48192292,0.10338619,-0.21041152,-0.4516249,0.017984696,-0.21017483,-0.40722093,-0.03699359,-0.21550016
ㄹ,0.0,0.0,0.0,-0.13594146,-0.21101597,0.004978701,-0.31252536,-0.257953,-0.02307878,-0.4435131,-0.16397196,-0.040332727,-0.5270806,-0.08076856,-0.06296322,-0.35594204,-0.34274077,-0.16836074,-0.60136205,-0.35691482,-0.20410831,-0.7437246,-0.37969118,-0.21102716,-0.857265,-0.40927655,-0.21667758,-0.34814593,-0.17320774,-0.19407591,-0.63353324,-0.17084366,-0.25369355,-0.8058765,-0.1747955,-0.2832141,-0.9324121,-0.19293925,-0.30558515,-0.33825347,-0.008412378,-0.20237857,-0.59833425,0.044668637,-0.25692236,-0.7485567,0.063125245,-0.28897983,-0.85217893,0.07092551,-0.3115815,-0.32709986,0.12763801,-0.20145604,-0.4607837,0.07346984,-0.22255863,-0.4217754,0.003498969,-0.2113731,-0.36817354,-0.036751475,-0.2073371
ㄹ,0.0,0.0,0.0,-0.09196789,-0.24615291,-0.011752528,-0.2710456,-0.3255197,-0.047234453,-0.42711496,-0.23060875,-0.07019081,-0.52216333,-0.15091012,-0.09814018,-0.2864753,-0.46394554,-0.16287713,-0.5405563,-0.49989945,-0.18927692,-0.6782171,-0.53562355,-0.19363865,-0.7843499,-0.58428663,-0.20006643,-0.28773057,-0.28368667,-0.18239003,-0.5734203,-0.34569928,-0.22887667,-0.7452184,-0.37332717,-0.25435823,-0.8701101,-0.40665358,-0.27846238,-0.3004118,-0.10815816,-0.18789957,-0.5838504,-0.116562255,-0.24035484,-0.7394042,-0.124760166,-0.2727233,-0.8484046,-0.134796,-0.29751617,-0.31740075,0.03638323,-0.1857187,-0.46636337,-0.0566493,-0.20982288,-0.40871468,-0.087599754,-0.19777077,-0.3465242,-0.08375101,-0.19490123
ㄹ,0.0,0.0,0.0,-0.16138612,-0.21451093,0.005679376,-0.36225325,-0.24229474,-0.015424752,-0.5042325,-0.12704435,-0.026101323,-0.5963767,-0.023850864,-0.04065321,-0.40924487,-0.33873603,-0.14492877,-0.67635417,-0.30350253,-0.1745617,-0.8225384,-0.2941447,-0.17966653,-0.93599457,-0.29809463,-0.18377532,-0.38851193,-0.1469719,-0.16970588,-0.68140274,-0.10325843,-0.20743185,-0.8459334,-0.08789886,-0.22834922,-0.96384805,-0.09769313,-0.247897,-0.36886403,0.035133325,-0.18041359,-0.6285432,0.10783003,-0.22249734,-0.77457666,0.14076567,-0.255741,-0.8742767,0.15173765,-0.28238577,-0.34968337,0.18206592,-0.18240573,-0.48297688,0.12398583,-0.20332308,-0.44922787,0.050278276,-0.19709766,-0.39889574,0.002271738,-0.1961016
ㄹ,0.0,0.0,0.0,-0.08882597,-0.25059998,-0.0035899768,-0.26378638,-0.33719715,-0.03505485,-0.4215492,-0.25559032,-0.055297587,-0.51878774,-0.18742217,-0.08040088,-0.28138143,-0.4684164,-0.15759775,-0.53363824,-0.5089265,-0.18355879,-0.6709316,-0.54386723,-0.18756159,-0.7763222,-0.5918326,-0.19316551,-0.2825987,-0.29129353,-0.17921288,-0.56752336,-0.3575548,-0.22781833,-0.73842955,-0.3891718,-0.2522926,-0.86276555,-0.42446545,-0.27470827,-0.29470164,-0.11846025,-0.18607482,-0.5790918,-0.12840514,-0.23696758,-0.7356746,-0.13999057,-0.26555902,-0.84687346,-0.15216403,-0.28751725,-0.3114889,0.023883702,-0.18447371,-0.46521398,-0.064483754,-0.20311533,-0.40986398,-0.09787599,-0.18744722,-0.3502143,-0.09687833,-0.18218638
ㅁ,0.0,0.0,0.0,-0.13574538,-0.0879349,-0.058615744,-0.25198564,-0.3053077,-0.08016603,-0.23108482,-0.4778521,-0.10453703,-0.122561336,-0.53247434,-0.119374014,-0.18001397,-0.5697482,-0.014055439,-0.22899717,-0.7732068,-0.07317065,-0.2733016,-0.86930263,-0.105383255,-0.3169446,-0.90712553,-0.12016382,-0.060729418,-0.58026844,-0.032100983,-0.021214712,-0.8640659,-0.118922696,-0.06423233,-0.95189965,-0.15514074,-0.11378386,-0.98051995,-0.1601052,0.04112452,-0.5245468,-0.06070307,-0.016242955,-0.6363027,-0.17725517,-0.06102064,-0.4356605,-0.16845453,-0.07541982,-0.30626214,-0.12512828,0.120719135,-0.43277434,-0.09398755,0.034941692,-0.47854385,-0.17477293,0.0034745873,-0.32872543,-0.1581871,0.010219166,-0.24537733,-0.12388717
ㄷ,0.0,0.0,0.0,-0.15694769,-0.2069144,0.045264054,-0.35173914,-0.29872665,0.04087735,-0.51964027,-0.31667516,0.03245362,-0.6401516,-0.30497575,0.02646164,-0.43177378,-0.31202835,-0.07413048,-0.69448364,-0.3122957,-0.09956063,-0.83343005,-0.32489687,-0.10019638,-0.93718153,-0.32904103,-0.095046766,-0.4461676,-0.14815034,-0.10254867,-0.73541677,-0.07991191,-0.1176796,-0.8956836,-0.03907585,-0.10871548,-0.9947963,-0.0026865222,-0.10184935,-0.43264148,0.027996607,-0.114755146,-0.61754966,0.100009635,-0.09104153,-0.56891114,0.0575332,-0.031836968,-0.4956163,0.012893929,0.0063281157,-0.39745456,0.18372935,-0.124863625,-0.5091205,0.19044511,-0.081187345,-0.47388583,0.1503799,-0.016833184,-0.41981566,0.121912405,0.0317225
ㅁ,0.0,0.0,0.0,-0.1318065,-0.08586999,-0.06309222,-0.24926099,-0.30670157,-0.08912435,-0.22380191,-0.48245353,-0.11765739,-0.11350206,-0.5301772,-0.13607314,-0.17780003,-0.5822318,-0.01870117,-0.22449283,-0.7801477,-0.085372984,-0.26821727,-0.8737965,-0.12174978,-0.30936715,-0.90155685,-0.13698256,-0.053084463,-0.5944639,-0.035923302,-0.009961307,-0.8773907,-0.12709263,-0.054133933,-0.96140313,-0.16278733,-0.105042264,-0.980712,-0.16483353,0.052314382,-0.5393769,-0.06491105,-0.0055045015,-0.6342888,-0.18268089,-0.053623818,-0.43663296,-0.17279096,-0.06992561,-0.30620244,-0.1267516,0.13220653,-0.44764414,-0.099412166,0.042523112,-0.47924078,-0.17722438,0.011383232,-0.32935974,-0.15869495,0.018282084,-0.2434675,-0.12220448
ㅁ,0.0,0.0,0.0,-0.13432345,-0.07712867,-0.0626855,-0.26337868,-0.27629796,-0.09284981,-0.2475232,-0.44538584,-0.12468035,-0.14818783,-0.5131473,-0.14697322,-0.19976579,-0.5685818,-0.02661759,-0.2553843,-0.76168585,-0.09560769,-0.3062663,-0.84672683,-0.13180487,-0.35334492,-0.87285745,-0.14398551,-0.07713568,-0.5957798,-0.04162793,-0.05402362,-0.88341516,-0.12697858,-0.108416796,-0.95884746,-0.15524685,-0.16528608,-0.9747957,-0.14984602,0.027681313,-0.55815876,-0.06837363,-0.0541448,-0.6264762,-0.18156162,-0.08705085,-0.42967498,-0.17535639,-0.09044304,-0.29962355,-0.13077067,0.10648169,-0.4821001,-0.100319065,0.0027546312,-0.48008588,-0.16995555,-0.0151371015,-0.33343545,-0.15191442,0.00095743587,-0.2536562,-0.11560232
ㅁ,0.0,0.0,0.0,-0.13951837,-0.08744031,-0.0631415,-0.26263806,-0.30078202,-0.08745712,-0.241591,-0.4742546,-0.112518236,-0.13289283,-0.5313739,-0.12765816,-0.19580586,-0.5678966,-0.02668241,-0.24995025,-0.7672277,-0.092905186,-0.29657146,-0.8560876,-0.12754346,-0.3421254,-0.8863955,-0.1418805,-0.07336261,-0.5872026,-0.041951355,-0.04352156,-0.8746323,-0.13385177,-0.08794999,-0.95359164,-0.16986638,-0.13749596,-0.97538537,-0.17238972,0.032765307,-0.5389595,-0.06784405,-0.028001854,-0.62738955,-0.18947947,-0.07081298,-0.4288265,-0.18397404,-0.084479526,-0.30213854,-0.14016005,0.11549923,-0.45373622,-0.09829592,0.02931865,-0.4857173,-0.17858331,2.227159e-05,-0.3380232,-0.16183765,0.0072766514,-0.2601373,-0.12628181
ㄷ,0.0,0.0,0.0,-0.16958329,-0.17932971,0.036648557,-0.35784715,-0.22016014,0.02892851,-0.49502796,-0.14301929,0.014265177,-0.58514583,-0.05389171,-0.0006775542,-0.45183614,-0.25232002,-0.06401326,-0.7109209,-0.19343448,-0.086681984,-0.84922284,-0.17512494,-0.08699902,-0.95359486,-0.16508684,-0.08224335,-0.4524091,-0.0930749,-0.096193336,-0.72954047,0.056796826,-0.106529005,-0.88164395,0.13685547,-0.098349236,-0.97814345,0.18577209,-0.09340334,-0.4269197,0.071595356,-0.11610377,-0.61224806,0.19512151,-0.10589491,-0.5790462,0.17465039,-0.063284054,-0.5188446,0.13405988,-0.034020793,-0.38430408,0.21628171,-0.13417533,-0.51125133,0.26214623,-0.10380243,-0.4735644,0.2349417,-0.046924524,-0.41252208,0.2082175,-0.0035408677
ㅁ,0.0,0.0,0.0,-0.13681287,-0.09296806,-0.06127468,-0.24676463,-0.31457803,-0.08311362,-0.21309696,-0.48565838,-0.107611686,-0.102182224,-0.5466138,-0.12198239,-0.18297045,-0.57979935,-0.010807521,-0.23306143,-0.7780795,-0.073778324,-0.27360493,-0.8750038,-0.1073288,-0.31116864,-0.9019503,-0.12085084,-0.06008208,-0.5880183,-0.027299872,-0.015650367,-0.8717227,-0.11915351,-0.052610684,-0.95985883,-0.1579657,-0.096586406,-0.9820646,-0.16192612,0.044863522,-0.5265899,-0.055220887,0.0013711334,-0.6299902,-0.17652313,-0.04805872,-0.43367904,-0.1702996,-0.068205096,-0.31032854,-0.12560335,0.1281325,-0.4308958,-0.08747009,0.05619979,-0.48251554,-0.16973382,0.020014726,-0.3363199,-0.1524211,0.020631086,-0.25828302,-0.11575885
ㄷ,0.0,0.0,0.0,-0.15427674,-0.21172926,0.036743578,-0.33836097,-0.26544884,0.027361156,-0.47203577,-0.1699129,0.0078079086,-0.54573077,-0.046406265,-0.012435684,-0.42316654,-0.33273268,-0.046097867,-0.6714368,-0.3440646,-0.07399409,-0.8084697,-0.35199398,-0.083972715,-0.91734433,-0.35614508,-0.0870479,-0.4490982,-0.17711152,-0.08434928,-0.7211378,-0.1318915,-0.09627342,-0.87567556,-0.1031418,-0.09922309,-0.99125606,-0.08256943,-0.102925844,-0.44247884,-0.011525074,-0.112465166,-0.6274986,0.051050883,-0.111837566,-0.5687007,0.053997993,-0.080521,-0.49372056,0.04430813,-0.05504097,-0.4148265,0.1422088,-0.1389493,-0.5490135,0.14320934,-0.12093757,-0.5196406,0.12011223,-0.07593961,-0.47362986,0.10130245,-0.038660962
ㅂ,0.0,0.0,0.0,-0.13498022,-0.051627047,-0.051791824,-0.24322087,-0.20780218,-0.06802854,-0.2573518,-0.35216832,-0.08221121,-0.1810413,-0.3535969,-0.097127475,-0.16802745,-0.5026975,-0.022827376,-0.17396197,-0.68955,-0.05174291,-0.16614668,-0.80462,-0.085047744,-0.15727146,-0.90651417,-0.113462,-0.09189543,-0.52680314,-0.029661959,-0.100950845,-0.7384035,-0.054432735,-0.10255821,-0.873867,-0.08690618,-0.09791482,-0.9886833,-0.11365763,-0.019799229,-0.5067374,-0.044211425,-0.02378452,-0.7079329,-0.06930009,-0.028724799,-0.83140326,-0.09698075,-0.027045859,-0.93938315,-0.11893945,0.056456827,-0.45067137,-0.06572997,0.0565133,-0.611111,-0.08856897,0.053005666,-0.7120869,-0.10338742,0.05135178,-0.8080737,-0.116689794
ㅋ,0.0,0.0,0.0,-0.1655471,0.06387126,-0.036888856,-0.32488033,0.2693393,-0.0850914,-0.43140697,0.40326768,-0.12063307,-0.55089957,0.45359555,-0.14572667,-0.30455616,0.29155615,-0.1883402,-0.26312828,0.61225605,-0.24089989,-0.22682852,0.58120036,-0.24783483,-0.20529789,0.4863768,-0.24363737,-0.17631128,0.27184662,-0.19509263,-0.16146116,0.6390457,-0.2394399,-0.16503116,0.8240704,-0.24308987,-0.16462027,0.95308125,-0.2540398,-0.0471275,0.26639786,-0.19199017,-0.039061792,0.6249949,-0.21097004,-0.037618913,0.6154298,-0.16817403,-0.03542874,0.54166245,-0.14444919,0.06800557,0.2742008,-0.19016518,0.05397589,0.55220056,-0.19089517,0.043064464,0.56591386,-0.1485554,0.036451854,0.53159034,-0.121363066
ㅂ,0.0,0.0,0.0,-0.13155724,-0.056095637,-0.05332842,-0.23445551,-0.2098558,-0.07175075,-0.24240279,-0.3526306,-0.08784604,-0.1664986,-0.35786197,-0.105007894,-0.15442325,-0.50033593,-0.02988843,-0.15794119,-0.68536067,-0.06132759,-0.14922367,-0.8008932,-0.095845215,-0.13929251,-0.90471774,-0.124690704,-0.079492666,-0.52178156,-0.036675606,-0.08486209,-0.7346114,-0.06346071,-0.084308594,-0.871739,-0.096669376,-0.077492505,-0.9892745,-0.12381806,-0.008496189,-0.49984798,-0.05075899,-0.009216335,-0.7012996,-0.07708353,-0.01227526,-0.8251538,-0.104329176,-0.00892741,-0.93452936,-0.12575726,0.066540495,-0.4422683,-0.071799226,0.06861389,-0.6039193,-0.09569977,0.06445059,-0.70463496,-0.11004979,0.061964855,-0.8007481,-0.122751504
ㅋ,0.0,0.0,0.0,-0.16899373,0.050666455,-0.05838213,-0.3300687,0.2464572,-0.11764827,-0.4419488,0.3858806,-0.15668692,-0.5640234,0.43160823,-0.18483722,-0.24708745,0.26398298,-0.23423305,-0.25932875,0.58366436,-0.2926582,-0.24717371,0.52979785,-0.2983237,-0.2294559,0.43051437,-0.28894025,-0.11103287,0.26081032,-0.2255578,-0.14381231,0.6287917,-0.26804882,-0.16691221,0.8124238,-0.2662784,-0.16715467,0.94768447,-0.27194384,0.011236538,0.2623062,-0.20502047,-0.038844034,0.55379957,-0.2255578,-0.06903874,0.49051046,-0.17386039,-0.06794773,0.39414918,-0.14066425,0.109670155,0.26903394,-0.18643065,0.04262248,0.49083358,-0.18501428,0.02154737,0.4336764,-0.12720877,0.034613375,0.35348558,-0.087196365
ㅂ,0.0,0.0,0.0,-0.12569366,-0.06968269,-0.061120976,-0.21713413,-0.23114431,-0.08294281,-0.19940005,-0.37027228,-0.10065813,-0.1177175,-0.36228803,-0.119567215,-0.1092646,-0.5082305,-0.038081504,-0.097057566,-0.6901114,-0.07138727,-0.07728704,-0.8045191,-0.10657916,-0.058068346,-0.9072233,-0.13608877,-0.027251653,-0.5211222,-0.041710515,-0.011010047,-0.7340663,-0.07057551,0.0024347375,-0.8731637,-0.10600616,0.016814683,-0.9906977,-0.13503829,0.044982787,-0.49091998,-0.052907944,0.06478559,-0.68992525,-0.08184457,0.07062332,-0.8174143,-0.11250019,0.07841636,-0.92691773,-0.13627978,0.11726013,-0.4227161,-0.07153052,0.13478525,-0.58143866,-0.097793125,0.13871008,-0.6835988,-0.1146012,0.14139226,-0.7807276,-0.12911725
ㅂ,0.0,0.0,0.0,-0.120832056,-0.064163476,-0.014823073,-0.20388438,-0.24773434,-0.011647661,-0.23311675,-0.37537238,-0.013989375,-0.17816809,-0.37382156,-0.019003829,-0.138355,-0.517429,0.017090432,-0.15477043,-0.69308597,-0.00028755458,-0.15910907,-0.79708594,-0.025943145,-0.1591743,-0.891,-0.050267544,-0.08394644,-0.53244424,-0.0065596453,-0.09942945,-0.73883396,-0.023895677,-0.10773521,-0.8720986,-0.051248364,-0.10599051,-0.99153954,-0.07493523,-0.027181007,-0.50484467,-0.036511507,-0.041301556,-0.7107848,-0.05845741,-0.051699284,-0.8335575,-0.08464536,-0.05200532,-0.94798756,-0.105831124,0.033320904,-0.44362217,-0.07032536,0.022713352,-0.6077229,-0.0936199,0.011565547,-0.7120417,-0.109460175,0.0035831493,-0.81666565,-0.12417251
ㅋ,0.0,0.0,0.0,-0.16053905,0.07180755,-0.03192595,-0.3093425,0.28407034,-0.07679487,-0.40757772,0.43594164,-0.111358866,-0.52302885,0.50031507,-0.13476874,-0.31079584,0.30506355,-0.17479502,-0.26290604,0.6214428,-0.22767378,-0.22531062,0.57410055,-0.23538527,-0.20829526,0.46837553,-0.23208037,-0.18879735,0.2857001,-0.18654585,-0.15726738,0.6560546,-0.23208037,-0.14615573,0.8331134,-0.23189677,-0.13830256,0.9609226,-0.23979186,-0.06500253,0.27198046,-0.18929997,-0.034890287,0.60469824,-0.20949672,-0.022016231,0.5447031,-0.157995,-0.019604998,0.44914433,-0.12880151,0.0512615,0.26823065,-0.19444096,0.0579737,0.5198041,-0.19517538,0.06406138,0.47525656,-0.14514254,0.06588061,0.40115517,-0.1122769
ㅂ,0.0,0.0,0.0,-0.13240777,-0.06918413,-0.060424503,-0.22778834,-0.2320378,-0.0806626,-0.21769497,-0.3790551,-0.09693055,-0.13474816,-0.37897673,-0.11368265,-0.11910398,-0.5155985,-0.03130198,-0.11067766,-0.69728875,-0.062458,-0.09587233,-0.81050366,-0.09683371,-0.08194848,-0.9119461,-0.12559311,-0.038596697,-0.5297065,-0.0340133,-0.028617378,-0.7411465,-0.060569752,-0.020449914,-0.8776903,-0.09412239,-0.010770085,-0.99252987,-0.12152613,0.032770433,-0.5004591,-0.04488281,0.046044163,-0.6986719,-0.07199605,0.04876291,-0.8221373,-0.10080387,0.053854834,-0.9284961,-0.123075455,0.10505327,-0.43434763,-0.063281074,0.11729429,-0.59291077,-0.08763458,0.118592754,-0.6924668,-0.10293419,0.11975842,-0.78618246,-0.11629715
ㅂ,0.0,0.0,0.0,-0.11793587,-0.07548457,-0.07552111,-0.1956083,-0.22878483,-0.10773996,-0.1749001,-0.36629647,-0.13355245,-0.08969392,-0.3715438,-0.16067427,-0.06538323,-0.4988889,-0.063222766,-0.038358197,-0.679206,-0.105308354,-0.012026123,-0.79347026,-0.14496231,0.011408987,-0.9006941,-0.17685382,0.018845892,-0.5013907,-0.062006973,0.05186823,-0.71334857,-0.099603415,0.07480113,-0.85533917,-0.13981852,0.093363985,-0.9806807,-0.17189708,0.08928195,-0.46146747,-0.06850685,0.124239996,-0.6573538,-0.10502779,0.1390949,-0.7891734,-0.13860272,0.1498817,-0.90442854,-0.16366702,0.15510182,-0.38584003,-0.08319004,0.18378882,-0.5405158,-0.11578298,0.19460063,-0.64618576,-0.13579701,0.20048496,-0.747115,-0.15178955
ㅋ,0.0,0.0,0.0,-0.15867661,0.07784042,-0.0683287,-0.29657957,0.2763906,-0.13217174,-0.39710525,0.42233124,-0.17499758,-0.5068516,0.4899108,-0.20771058,-0.18673411,0.29449135,-0.24992087,-0.22053948,0.6157342,-0.30022147,-0.20706221,0.5537234,-0.2896689,-0.1861559,0.4593948,-0.2678602,-0.052421954,0.29583615,-0.23461962,-0.101603724,0.6544078,-0.269619,-0.12957692,0.8286523,-0.26539794,-0.14016524,0.9522121,-0.27137774,0.06321389,0.29306808,-0.20753469,-0.0022055996,0.582486,-0.23075035,-0.02707645,0.5188822,-0.19188172,-0.02085419,0.41484135,-0.16734698,0.1492956,0.3018145,-0.18150502,0.072631374,0.520312,-0.19188172,0.053083073,0.46823135,-0.14993523,0.07316813,0.38563344,-0.12003629
ㅋ,0.0,0.0,0.0,-0.17179963,0.07249123,-0.0464312,-0.32409745,0.27563542,-0.094480924,-0.4309933,0.42049396,-0.12622105,-0.54207975,0.47972953,-0.14787465,-0.24176314,0.32055947,-0.19358782,-0.25626174,0.6228151,-0.24041142,-0.23434755,0.5619491,-0.2433726,-0.21625589,0.4619868,-0.2337488,-0.1142646,0.32495442,-0.18896098,-0.14778438,0.67068326,-0.21376084,-0.16595542,0.83829063,-0.21265037,-0.16994095,0.96035844,-0.22097869,0.005271604,0.3203983,-0.17359988,-0.027996726,0.5767537,-0.1811879,-0.05180284,0.5145758,-0.13686278,-0.051073994,0.42200932,-0.110952474,0.10665214,0.3153136,-0.15916413,0.048098084,0.50812155,-0.14898509,0.033987164,0.45555043,-0.0931854,0.049754664,0.3833843,-0.05566174
ㅋ,0.0,0.0,0.0,-0.15668148,0.049746387,-0.030181779,-0.31349984,0.24271074,-0.07336017,-0.41691038,0.38993916,-0.10612233,-0.53366053,0.43386227,-0.12739994,-0.32157204,0.25233638,-0.16906483,-0.29625544,0.57551444,-0.22435097,-0.2492674,0.52845204,-0.23467818,-0.22477809,0.4324077,-0.23360987,-0.20245607,0.251903,-0.18268606,-0.1967249,0.63154835,-0.2337879,-0.19919819,0.81215996,-0.23841734,-0.20088372,0.9479275,-0.24714206,-0.079958506,0.25348324,-0.18713742,-0.0685475,0.56751704,-0.21348962,-0.04758213,0.49417505,-0.16292192,-0.03971688,0.39344805,-0.13176227,0.034247775,0.26548672,-0.19319132,0.034833115,0.48558432,-0.19995743,0.048632372,0.4264717,-0.14938973,0.05070556,0.35077634,-0.1141348
ㅋ,0.0,0.0,0.0,-0.16286078,0.054099586,-0.06918879,-0.31740025,0.24341579,-0.14365847,-0.42251232,0.37709382,-0.19119784,-0.5474453,0.41140053,-0.22514217,-0.22748318,0.23104246,-0.3082711,-0.25419563,0.5695938,-0.36750048,-0.25580832,0.50385857,-0.35364565,-0.24909121,0.38813472,-0.33130473,-0.08956843,0.22273265,-0.2954554,-0.1314458,0.61173266,-0.3553775,-0.16292898,0.7919418,-0.3460255,-0.17022827,0.92284775,-0.34550595,0.03129092,0.22888643,-0.26532117,-0.028221156,0.5488111,-0.29355034,-0.06400925,0.48537618,-0.22843269,-0.063881725,0.3825278,-0.18686819,0.12745427,0.23966828,-0.23709194,0.05890682,0.48502582,-0.24298026,0.030634671,0.43555388,-0.18184583,0.0393327,0.34870937,-0.13976179
ㅋ,0.0,0.0,0.0,-0.16680995,0.052246913,-0.025677154,-0.3366512,0.25048614,-0.07426015,-0.45210582,0.39875197,-0.11349572,-0.5811563,0.42653677,-0.14208232,-0.35063624,0.22609168,-0.19300808,-0.3340338,0.5694907,-0.25292635,-0.28451326,0.52570724,-0.26201347,-0.2634539,0.4336081,-0.26277074,-0.22386952,0.2109784,-0.21260221,-0.23715794,0.6171105,-0.2722365,-0.24280381,0.79204535,-0.2686395,-0.24760036,0.9292723,-0.27412966,-0.095702775,0.20946935,-0.22150002,-0.09591921,0.555634,-0.24781485,-0.07362133,0.48028615,-0.18344769,-0.06162734,0.37699258,-0.14624725,0.023102434,0.22446871,-0.23285894,0.0045793746,0.48660037,-0.23039785,0.015625903,0.43805832,-0.16991165,0.024279326,0.35892418,-0.13166997
ㅋ,0.0,0.0,0.0,-0.17888567,0.050087232,-0.0357929,-0.3357168,0.25468218,-0.08247456,-0.4340768,0.41889492,-0.1123654,-0.55298173,0.4757255,-0.13697067,-0.30244774,0.25051773,-0.21525186,-0.29004627,0.5778848,-0.2748513,-0.26090455,0.59780127,-0.28232405,-0.24281852,0.53991544,-0.2733932,-0.15715571,0.2382473,-0.21999067,-0.16260675,0.6160378,-0.27321097,-0.16916564,0.816723,-0.27029482,-0.17742711,0.94659925,-0.26920122,-0.02515702,0.23271236,-0.21361153,-0.04952071,0.58854234,-0.24787667,-0.08687113,0.68954057,-0.2254585,-0.122046575,0.7327393,-0.21087761,0.0851779,0.23192732,-0.20431618,0.041818906,0.47237808,-0.20413393,0.016947981,0.4630922,-0.16075577,0.0035811008,0.41251078,-0.13223188
ㅅ,0.0,0.0,0.0,-0.11398779,0.11317929,-0.02754298,-0.15947065,0.30559435,-0.07663431,-0.11915646,0.46289894,-0.11421784,-0.06780796,0.570389,-0.15111177,-0.1667101,0.32901824,-0.19481556,-0.18724152,0.6195303,-0.25291485,-0.20212847,0.77977395,-0.2779131,-0.21360295,0.9061404,-0.29360163,-0.055620216,0.30635536,-0.20171161,-0.008943391,0.63678586,-0.25360447,0.020532066,0.82186604,-0.26256934,0.044743598,0.9611931,-0.27222383,0.043228958,0.28401786,-0.19567755,0.05721631,0.55548614,-0.22446862,0.026502673,0.49978653,-0.18016143,0.006105748,0.41444793,-0.14774993,0.121057585,0.2668144,-0.19067793,0.108134754,0.4754619,-0.20171161,0.081770025,0.43207878,-0.15749063,0.07267416,0.36463198,-0.12266552
ㅅ,0.0,0.0,0.0,-0.13684934,0.088058084,-0.029239565,-0.21392785,0.28693762,-0.069308184,-0.21695879,0.47480842,-0.09600576,-0.20959757,0.61381626,-0.12060852,-0.20764269,0.31500113,-0.18175885,-0.25472364,0.59969676,-0.22980553,-0.29552466,0.7478809,-0.24460284,-0.33419767,0.8621208,-0.25137755,-0.09606513,0.32115188,-0.18149143,-0.095912315,0.64874524,-0.21857384,-0.1001435,0.8333544,-0.2171476,-0.101651296,0.97027,-0.21964353,0.005435736,0.326222,-0.16972488,-0.01965874,0.56635547,-0.18862265,-0.047055934,0.5107917,-0.14672667,-0.056859784,0.42593518,-0.11650805,0.087479874,0.3298949,-0.15929547,0.040438674,0.51888186,-0.1622371,0.017857138,0.467818,-0.119271405,0.018976107,0.39384392,-0.08597746
ㅋ,0.0,0.0,0.0,-0.17456959,0.04938758,-0.0560865,-0.33082867,0.25194266,-0.120402224,-0.4381651,0.38818482,-0.1639215,-0.5626253,0.4272423,-0.19737095,-0.27324948,0.2115829,-0.26146775,-0.25509274,0.5760443,-0.32959253,-0.2232538,0.60324556,-0.34045044,-0.1864125,0.5706111,-0.33589712,-0.12010076,0.19336593,-0.2572647,-0.14381102,0.5897848,-0.32223713,-0.17412218,0.7846749,-0.32416353,-0.17771061,0.92687315,-0.33064327,0.01180398,0.19780333,-0.23887625,-0.030654367,0.55816126,-0.26339415,-0.08631421,0.51546186,-0.20437604,-0.10916809,0.42844075,-0.168037,0.11420524,0.21534656,-0.22293961,0.050890192,0.48603633,-0.21645987,0.007496995,0.45050907,-0.15525268,0.0015280084,0.36847022,-0.1143603
ㅅ,0.0,0.0,0.0,-0.12473671,0.13038206,-0.039817203,-0.16385081,0.32662305,-0.086821295,-0.11679323,0.48496252,-0.11784357,-0.054647584,0.5823895,-0.14830957,-0.1295347,0.35085067,-0.20128278,-0.11813756,0.6570193,-0.25399923,-0.11110008,0.8240667,-0.27162847,-0.10263367,0.95469403,-0.27933052,-0.012757689,0.32454193,-0.19477881,0.04559589,0.6366467,-0.23842394,0.07626543,0.8190966,-0.24082014,0.102293305,0.94911504,-0.24304518,0.083953395,0.30002576,-0.1762938,0.086504154,0.5307761,-0.2024809,0.0399144,0.49598905,-0.16876288,0.012246739,0.41768238,-0.1405219,0.15247902,0.28269184,-0.15900691,0.12304925,0.4674184,-0.16901961,0.080686875,0.43762076,-0.13316216,0.06630627,0.37248886,-0.10226825
ㅅ,0.0,0.0,0.0,-0.118539855,0.13575374,-0.03877519,-0.15006608,0.32834056,-0.09011193,-0.09888773,0.48048508,-0.12832206,-0.040822107,0.5783065,-0.16583906,-0.1310415,0.336216,-0.195818,-0.13579066,0.6357561,-0.25109705,-0.138392,0.80267286,-0.27258486,-0.13719845,0.93801284,-0.2843685,-0.012706487,0.31814703,-0.19425839,0.042433277,0.6336485,-0.24295251,0.07636651,0.82236993,-0.2500573,0.10751582,0.960554,-0.256469,0.085789815,0.29951605,-0.18143503,0.08316267,0.5497698,-0.212627,0.03631089,0.50985324,-0.17883572,0.010423686,0.42512614,-0.15058967,0.15695919,0.2896797,-0.16991135,0.12382624,0.4916656,-0.18403438,0.083646886,0.45979646,-0.14816363,0.072831236,0.39075848,-0.11757819
ㅅ,0.0,0.0,0.0,-0.11197771,0.12825982,-0.047290396,-0.12790698,0.32776225,-0.10558368,-0.054864056,0.4745745,-0.1506394,0.018033382,0.54911983,-0.19473813,-0.12525669,0.31399545,-0.20765676,-0.13194245,0.5997682,-0.27256885,-0.13891596,0.7641838,-0.29952252,-0.14339012,0.89501023,-0.31579047,-0.011677028,0.27720267,-0.2114845,0.04336541,0.6008608,-0.27655607,0.07340891,0.79543614,-0.29282397,0.099964,0.947263,-0.3044667,0.08921098,0.24418943,-0.20510493,0.10151085,0.5283788,-0.25614145,0.059007086,0.4834754,-0.22504108,0.03047769,0.39399347,-0.19394068,0.16846327,0.22652633,-0.20047975,0.1472335,0.45356235,-0.2307827,0.111804575,0.42216346,-0.19872536,0.10224838,0.3488202,-0.1687414
ㅅ,0.0,0.0,0.0,-0.12962134,0.08434201,-0.043459117,-0.2082383,0.26563832,-0.09663851,-0.19776097,0.43066478,-0.13720404,-0.17068973,0.5425274,-0.17533898,-0.19868271,0.25794685,-0.19578937,-0.24625383,0.5577227,-0.25730816,-0.26724753,0.732082,-0.28546935,-0.28019193,0.87571275,-0.30206433,-0.076715335,0.256589,-0.19746563,-0.06295085,0.5933728,-0.25613475,-0.049121317,0.80076724,-0.2685391,-0.03518213,0.9597149,-0.27876428,0.02497619,0.26524854,-0.18975481,-0.0076156245,0.5515219,-0.23333761,-0.044358537,0.5011624,-0.20517643,-0.05995041,0.40693885,-0.17885913,0.09778839,0.29139262,-0.1838879,0.03514159,0.5105212,-0.2093671,0.0040460043,0.469708,-0.18070303,0.0005931187,0.3946803,-0.15472096
ㅅ,0.0,0.0,0.0,-0.11343322,0.12842214,-0.050672185,-0.13087043,0.32889456,-0.11032711,-0.060649272,0.47746664,-0.15492664,0.011090119,0.553529,-0.19831204,-0.12037869,0.31814256,-0.21692891,-0.13124238,0.61168444,-0.27925494,-0.13741927,0.77223825,-0.3025665,-0.1396271,0.90110326,-0.3171362,-0.0050048186,0.28180814,-0.21644326,0.058470696,0.5997147,-0.28152132,0.10013026,0.79351765,-0.2977099,0.13590369,0.94096863,-0.31001323,0.0923706,0.24849498,-0.20527312,0.0993006,0.5227532,-0.25432453,0.056973025,0.48034143,-0.22405188,0.028386379,0.3938447,-0.1953981,0.1665799,0.23240012,-0.19588374,0.14227664,0.45111224,-0.22631827,0.10602833,0.42014495,-0.19685507,0.09351423,0.34848472,-0.16982013
ㄹ,0.0,0.0,0.0,-0.15244228,-0.20470247,0.037837528,-0.33375713,-0.25312,0.03476541,-0.47770435,-0.17218114,0.028590757,-0.5672318,-0.07724536,0.019009395,-0.40888494,-0.30457625,-0.06503283,-0.6524057,-0.30797312,-0.101046585,-0.79266125,-0.31491137,-0.114551745,-0.89970577,-0.31916267,-0.11954013,-0.41280302,-0.15015502,-0.10396661,-0.6925697,-0.123469375,-0.14332625,-0.85507476,-0.1098504,-0.16413148,-0.9788682,-0.10340708,-0.17641996,-0.40315366,0.0069460715,-0.13225445,-0.65603894,0.052333828,-0.16108978,-0.8010283,0.07809757,-0.17605495,-0.9065778,0.09103448,-0.1846934,-0.37742493,0.14612956,-0.15378968,-0.5655489,0.16191305,-0.15999477,-0.6515985,0.17104478,-0.14758462,-0.7200925,0.18105242,-0.13748619
ㄹ,0.0,0.0,0.0,-0.15724434,-0.19173436,0.027199648,-0.34986642,-0.22123842,0.020455068,-0.49688706,-0.13917588,0.012135763,-0.5879904,-0.03691869,0.00078724587,-0.41761953,-0.26323447,-0.07208235,-0.66387683,-0.21507303,-0.11207443,-0.8117686,-0.19014446,-0.12823765,-0.92288506,-0.16981986,-0.13441771,-0.41375393,-0.1116699,-0.105953805,-0.69719,-0.03056278,-0.14226162,-0.86047566,0.021783914,-0.15913795,-0.98380595,0.060035393,-0.1688834,-0.39788023,0.0400169,-0.13097115,-0.649012,0.112732336,-0.15735522,-0.7970066,0.16401424,-0.17197344,-0.904186,0.19936286,-0.18136236,-0.3657252,0.17124853,-0.15081863,-0.5504591,0.22817868,-0.15664214,-0.63701403,0.26182613,-0.14677782,-0.7016339,0.2889518,-0.13893391
ㄹ,0.0,0.0,0.0,-0.14448543,-0.19933373,0.06309077,-0.32541186,-0.24521278,0.07777595,-0.46246576,-0.15655334,0.08502788,-0.55248475,-0.050397515,0.08774735,-0.39470634,-0.33422473,-0.026969183,-0.6329314,-0.36304948,-0.046806246,-0.771328,-0.38751888,-0.04870988,-0.8773939,-0.40678895,-0.0481962,-0.40955946,-0.1865723,-0.076508954,-0.69151026,-0.18602555,-0.109323956,-0.849106,-0.18719807,-0.12449258,-0.9713732,-0.19816172,-0.13101932,-0.4081658,-0.03682842,-0.114158586,-0.66566426,-0.023276089,-0.13694175,-0.79978603,-0.023366395,-0.14951175,-0.90252435,-0.036174286,-0.15652198,-0.3820849,0.10309254,-0.14286415,-0.54587036,0.07938155,-0.13246971,-0.56203616,0.045651786,-0.10624189,-0.56417,0.02718331,-0.088897675
ㄹ,0.0,0.0,0.0,-0.14773883,-0.21049385,0.035589863,-0.32906944,-0.26681516,0.031599153,-0.47892863,-0.198113,0.02670684,-0.57480264,-0.107647724,0.01906537,-0.39133757,-0.31616408,-0.080288514,-0.6271886,-0.3296344,-0.12214663,-0.76576865,-0.35109103,-0.13917364,-0.87323725,-0.37100625,-0.14662297,-0.39239234,-0.17098215,-0.117830746,-0.67641866,-0.1382623,-0.1671973,-0.8438578,-0.12145936,-0.19250135,-0.9716411,-0.11421785,-0.20704527,-0.38709763,-0.017674923,-0.14343041,-0.6411856,0.040519144,-0.17984933,-0.7887448,0.07515589,-0.19734934,-0.89665264,0.09544497,-0.20586284,-0.36913317,0.12157104,-0.16187635,-0.560424,0.15811825,-0.17050812,-0.64415973,0.18059905,-0.15856555,-0.7095899,0.20161231,-0.14827839
ㅇ,0.0,0.0,0.0,-0.12498702,-0.08297067,-0.028416174,-0.2289982,-0.22774203,-0.04804912,-0.3145261,-0.3340292,-0.07449399,-0.36982512,-0.43447843,-0.09896827,-0.16050753,-0.46506438,-0.0044406285,-0.24631499,-0.594913,-0.07444533,-0.30506346,-0.56332415,-0.13419566,-0.3407909,-0.49790522,-0.1639735,-0.103442155,-0.5080904,-0.026518567,-0.16979374,-0.71037555,-0.06510326,-0.2259391,-0.8419252,-0.1057802,-0.27142385,-0.9528102,-0.13594729,-0.035389498,-0.49873313,-0.060918797,-0.07712371,-0.7116492,-0.10042797,-0.11452897,-0.8478304,-0.13487685,-0.14981624,-0.9625139,-0.1581347,0.039073776,-0.44996393,-0.09950348,0.03433123,-0.61431575,-0.13322252,0.03055958,-0.7342751,-0.14665176,0.022913627,-0.84315217,-0.15511799
ㅌ,0.0,0.0,0.0,-0.089675784,-0.22357558,0.00084917166,-0.23267323,-0.32130566,-0.03096799,-0.37824932,-0.2861663,-0.05117998,-0.49038342,-0.20216109,-0.07878273,-0.25034118,-0.4068048,-0.15608099,-0.44612283,-0.56783885,-0.20259771,-0.5718942,-0.6448167,-0.22315407,-0.67751485,-0.6971634,-0.2343859,-0.2530553,-0.24245413,-0.16879626,-0.53513604,-0.25009418,-0.2203991,-0.68893427,-0.2471428,-0.24477005,-0.8027996,-0.25239733,-0.2642668,-0.27226004,-0.08540386,-0.16688898,-0.5367025,-0.10351121,-0.21722029,-0.68955857,-0.14292297,-0.24477005,-0.79587525,-0.16820104,-0.26257142,-0.29253,0.030709209,-0.15544522,-0.44905546,-0.050997097,-0.18172348,-0.46154204,-0.10718819,-0.1740943,-0.45147783,-0.14091122,-0.16699494
ㅇ,0.0,0.0,0.0,-0.13143368,-0.088556714,-0.018074576,-0.23764786,-0.22675154,-0.037989438,-0.32849604,-0.3194058,-0.06756942,-0.39365688,-0.42208892,-0.094985,-0.16763878,-0.47650814,0.0048318687,-0.2567426,-0.60527706,-0.06916161,-0.3215345,-0.55825335,-0.1331479,-0.364094,-0.4866234,-0.1666835,-0.12591825,-0.5110821,-0.025799206,-0.204181,-0.7135455,-0.07005722,-0.28000286,-0.83074635,-0.112946935,-0.34685647,-0.92675245,-0.14429325,-0.06954001,-0.49622273,-0.0690621,-0.12554012,-0.7076464,-0.11324548,-0.1810585,-0.8389798,-0.14707959,-0.23495843,-0.9503387,-0.16937031,-0.008564394,-0.44268757,-0.11613133,-0.034996662,-0.6121731,-0.15135862,-0.056031197,-0.7370738,-0.16409616,-0.07763098,-0.84942156,-0.17265423
ㅌ,0.0,0.0,0.0,-0.13036911,-0.18839926,0.003625168,-0.28182328,-0.25670594,-0.03305237,-0.4181174,-0.19646926,-0.061231803,-0.51744485,-0.09694774,-0.09771557,-0.31307706,-0.34366852,-0.16154832,-0.5433849,-0.45493042,-0.21679993,-0.6782316,-0.5136936,-0.2427095,-0.7915269,-0.5545237,-0.25688225,-0.2873417,-0.19424133,-0.18125732,-0.5783151,-0.14623965,-0.23872341,-0.73492014,-0.11204764,-0.26618314,-0.85386246,-0.0941608,-0.2885495,-0.2816466,-0.038218297,-0.18668284,-0.55338573,0.0021497698,-0.23761617,-0.71055305,0.005609731,-0.26263994,-0.81857854,0.010034911,-0.2803559,-0.28440058,0.089898385,-0.18358254,-0.45635414,0.053555217,-0.2121495,-0.49152792,0.005987535,-0.20727761,-0.5037015,-0.027959887,-0.20318079
ㅇ,0.0,0.0,0.0,-0.12615049,-0.083636254,-0.02323761,-0.23370679,-0.21838348,-0.04417045,-0.3229824,-0.31177288,-0.07314307,-0.38754278,-0.40659162,-0.10049793,-0.16950662,-0.4593278,-0.005724126,-0.26601762,-0.5838911,-0.07971217,-0.3270097,-0.5430678,-0.14206947,-0.36181104,-0.47177416,-0.17256181,-0.12171046,-0.50017375,-0.031399947,-0.20143655,-0.7023278,-0.07221163,-0.26463267,-0.8309313,-0.11393024,-0.31442586,-0.93827677,-0.14412844,-0.059856523,-0.49124482,-0.068731,-0.11023199,-0.7056217,-0.10922403,-0.15129887,-0.84223354,-0.14304993,-0.18948972,-0.95612323,-0.16520835,0.010067239,-0.44226858,-0.10981231,-0.002703227,-0.6117533,-0.14295189,-0.010915677,-0.73527884,-0.15432525,-0.021256827,-0.84447575,-0.16069824
ㅌ,0.0,0.0,0.0,-0.12531774,-0.20050062,0.0037679349,-0.28012523,-0.27837363,-0.033480134,-0.42227715,-0.22171795,-0.06276396,-0.5259464,-0.12504923,-0.10069028,-0.31445682,-0.36228803,-0.16233455,-0.54786634,-0.45680994,-0.21838497,-0.68358886,-0.5075273,-0.24478795,-0.79906774,-0.5421154,-0.2600032,-0.28726885,-0.20912312,-0.1850456,-0.5774122,-0.16381398,-0.24255039,-0.7330518,-0.13367403,-0.26917714,-0.85135925,-0.120759636,-0.29200006,-0.28080764,-0.049305942,-0.19410764,-0.557621,-0.022745073,-0.24724923,-0.7170631,-0.026409496,-0.2736522,-0.82665336,-0.027634162,-0.29267132,-0.28252605,0.081747696,-0.19455513,-0.46181896,0.032659173,-0.22588071,-0.50194186,-0.018700104,-0.22330754,-0.517575,-0.054223392,-0.22151752
ㅌ,0.0,0.0,0.0,-0.11124788,-0.21098566,0.0073579657,-0.26997274,-0.28983736,-0.022634467,-0.4235691,-0.22438027,-0.04549673,-0.5327646,-0.12486702,-0.075503446,-0.30365765,-0.40130547,-0.13157317,-0.537042,-0.50496775,-0.17569733,-0.67296964,-0.55348915,-0.19535887,-0.7859176,-0.58293015,-0.20621845,-0.29316694,-0.24242082,-0.15249212,-0.5872307,-0.22914235,-0.20187463,-0.7422561,-0.21099252,-0.22519414,-0.86121076,-0.20595407,-0.24371259,-0.3003073,-0.08235314,-0.16083686,-0.5701196,-0.08486877,-0.2098764,-0.72095144,-0.103798606,-0.23593941,-0.82807744,-0.11401924,-0.25331473,-0.31025928,0.045248985,-0.16060823,-0.4703212,-0.024992596,-0.18609965,-0.48012558,-0.07220822,-0.17798355,-0.46952647,-0.09842975,-0.1713535
ㅌ,0.0,0.0,0.0,-0.10828781,-0.20270194,0.011106588,-0.26792124,-0.283455,-0.020681228,-0.4272239,-0.21045914,-0.04690121,-0.54287773,-0.11910444,-0.08045028,-0.29153454,-0.4216816,-0.13192439,-0.5194716,-0.529661,-0.17987597,-0.65606064,-0.57402533,-0.2011247,-0.7697018,-0.60164154,-0.21351027,-0.28012347,-0.2670365,-0.15874092,-0.5740505,-0.26322478,-0.215442,-0.7280681,-0.25340942,-0.24066772,-0.84700733,-0.25873488,-0.25975746,-0.28590304,-0.11012269,-0.17305821,-0.5600547,-0.1286716,-0.22805484,-0.7112332,-0.15292855,-0.2518034,-0.82125014,-0.17181952,-0.26612067,-0.29499224,0.023549426,-0.1783988,-0.46500394,-0.046778847,-0.20601074,-0.48020962,-0.087083645,-0.19532958,-0.47285697,-0.10863562,-0.18635288
ㅌ,0.0,0.0,0.0,-0.103140384,-0.20491551,0.0214969,-0.26092508,-0.29000536,-0.007910887,-0.42183152,-0.22187503,-0.03351999,-0.5415848,-0.13899733,-0.06749473,-0.28527382,-0.44266438,-0.13123293,-0.5114597,-0.54232496,-0.18233734,-0.6491042,-0.5815354,-0.20669442,-0.7632879,-0.6070294,-0.22114936,-0.2751383,-0.28929645,-0.1627606,-0.57152784,-0.2931195,-0.22001114,-0.72520024,-0.28318468,-0.24493735,-0.8445564,-0.28762326,-0.26451412,-0.28266045,-0.1332436,-0.18063004,-0.55782175,-0.15386729,-0.2340108,-0.70396096,-0.17482775,-0.25404283,-0.80994123,-0.19402646,-0.26610756,-0.29429036,0.004472061,-0.18871115,-0.4596515,-0.059582263,-0.21204388,-0.47457388,-0.09579762,-0.19770278,-0.4675488,-0.119854204,-0.18700387
ㅇ,0.0,0.0,0.0,-0.1237842,-0.09334286,-0.01882196,-0.22268805,-0.23362787,-0.037179768,-0.30502945,-0.3248347,-0.06494214,-0.3678869,-0.4131924,-0.09138714,-0.16068994,-0.46667984,0.004363155,-0.25093102,-0.5955822,-0.07050437,-0.31521547,-0.556337,-0.13573861,-0.35785684,-0.48646167,-0.16833134,-0.109347425,-0.50263935,-0.023164406,-0.1733947,-0.70674473,-0.063673556,-0.22710498,-0.8396274,-0.10587822,-0.26916495,-0.9533971,-0.13632411,-0.047052275,-0.48691103,-0.0628441,-0.088186674,-0.70077145,-0.10304831,-0.12373775,-0.84134847,-0.13593379,-0.15756065,-0.9605899,-0.15671897,0.022804702,-0.4320551,-0.10617097,0.02099296,-0.60132974,-0.13866611,0.018396609,-0.7265049,-0.14930265,0.012714878,-0.8389923,-0.15476729
ㅇ,0.0,0.0,0.0,-0.12001806,-0.085903905,-0.026140708,-0.21435435,-0.22395965,-0.047774676,-0.2919648,-0.32094598,-0.077233694,-0.35467774,-0.4079061,-0.105336055,-0.15335342,-0.4654341,-0.0069596427,-0.24631038,-0.5919929,-0.082175836,-0.30918643,-0.55678374,-0.14603601,-0.34785226,-0.48793012,-0.17791763,-0.09901557,-0.5031193,-0.03176118,-0.15974398,-0.71119505,-0.073212154,-0.21169665,-0.84468573,-0.11473579,-0.2516084,-0.9569394,-0.14477624,-0.03421598,-0.4863253,-0.06875453,-0.06986344,-0.70220405,-0.111150324,-0.10344041,-0.8417108,-0.14535767,-0.13526377,-0.96000165,-0.16706432,0.038199034,-0.42901665,-0.10969675,0.04404986,-0.59737813,-0.14584221,0.04500322,-0.7219761,-0.15911813,0.04099989,-0.8362088,-0.16619217
ㅌ,0.0,0.0,0.0,-0.101150975,-0.20378314,0.01811589,-0.26628032,-0.28519768,-0.008113231,-0.43038294,-0.20650908,-0.029550152,-0.5481567,-0.12142199,-0.05836023,-0.28644153,-0.44713128,-0.11910883,-0.5101458,-0.55113995,-0.162907,-0.645651,-0.5955259,-0.18224645,-0.7568916,-0.6242703,-0.19339506,-0.2829776,-0.29126436,-0.1475492,-0.5764135,-0.29958838,-0.19908313,-0.72769326,-0.29342866,-0.22160788,-0.8450052,-0.30085427,-0.23867212,-0.29298627,-0.13510697,-0.16336203,-0.5612458,-0.1592794,-0.21739872,-0.7062112,-0.1864245,-0.24117488,-0.81310534,-0.20797044,-0.25482625,-0.3031059,-0.0010858831,-0.16916387,-0.45764306,-0.0777844,-0.19430517,-0.45503592,-0.111822374,-0.18019874,-0.4324988,-0.12547615,-0.16893634
ㅇ,0.0,0.0,0.0,-0.12409255,-0.09494216,-0.021534922,-0.22453393,-0.23812017,-0.03973752,-0.30442458,-0.3315723,-0.06716909,-0.36762556,-0.41606176,-0.09289835,-0.15276593,-0.4730683,0.005203563,-0.2440184,-0.5998084,-0.06809321,-0.31103328,-0.5615456,-0.13258657,-0.35697293,-0.49612674,-0.16536827,-0.10169099,-0.507227,-0.02160788,-0.16273937,-0.7099884,-0.06327809,-0.21683933,-0.8412693,-0.10690595,-0.26278672,-0.95487285,-0.13842307,-0.04054811,-0.49084127,-0.060797576,-0.077797815,-0.70186996,-0.10223675,-0.11387323,-0.84124434,-0.13725577,-0.15009883,-0.9593692,-0.15923995,0.026993245,-0.4354804,-0.104084976,0.02751276,-0.6056582,-0.13657485,0.026489832,-0.73309803,-0.14853968,0.020442488,-0.8472973,-0.15544622
ㅌ,0.0,0.0,0.0,-0.07850874,-0.24719131,0.002588169,-0.2181674,-0.35080612,-0.02397408,-0.36140582,-0.33510745,-0.03790925,-0.46541566,-0.27936321,-0.057557303,-0.26248842,-0.41507983,-0.15238054,-0.4596526,-0.56281704,-0.19829717,-0.58608377,-0.63804656,-0.21954697,-0.69051766,-0.6861269,-0.22894385,-0.2990061,-0.25183502,-0.15547724,-0.5739387,-0.27807617,-0.20459737,-0.71728194,-0.29372144,-0.22104193,-0.82624495,-0.31112725,-0.2312931,-0.3303684,-0.102031626,-0.14266329,-0.57542074,-0.14783457,-0.17779487,-0.71929437,-0.1973379,-0.1931716,-0.8227827,-0.22629946,-0.20288885,-0.35032424,0.008339417,-0.12184061,-0.46761444,-0.110925004,-0.12717976,-0.47122952,-0.18348688,-0.109453805,-0.4568266,-0.24033453,-0.09615932
ㅌ,0.0,0.0,0.0,-0.12701777,-0.21870989,0.001977657,-0.29052296,-0.28604248,-0.032739736,-0.4405029,-0.23296095,-0.054261953,-0.54726267,-0.14224364,-0.08295825,-0.35147184,-0.33542934,-0.19051243,-0.58553946,-0.39165163,-0.2584953,-0.73388124,-0.40606144,-0.29493505,-0.858203,-0.40513408,-0.31520465,-0.33568338,-0.16528024,-0.19757263,-0.62202185,-0.07058077,-0.25872308,-0.7802357,-0.017893847,-0.2814979,-0.8984069,0.019661222,-0.30199525,-0.32947686,0.00019507625,-0.18869044,-0.59811306,0.060071416,-0.23344299,-0.75761354,0.07643356,-0.25120735,-0.86093247,0.09096775,-0.26464453,-0.32918954,0.12501685,-0.17126769,-0.5071584,0.09201779,-0.19130954,-0.5832813,0.05126772,-0.18766557,-0.63608366,0.008958299,-0.18504646
ㅌ,0.0,0.0,0.0,-0.11991362,-0.22215247,0.019486297,-0.28675193,-0.29342785,-0.005649418,-0.4408785,-0.24989207,-0.024306897,-0.55448294,-0.16553779,-0.051618144,-0.35791996,-0.37536055,-0.16339193,-0.5962847,-0.44613796,-0.22384559,-0.74614096,-0.44282418,-0.2522874,-0.8682376,-0.4178476,-0.26751977,-0.33228904,-0.22317189,-0.18528853,-0.63850677,-0.13815813,-0.24895528,-0.8050246,-0.08409066,-0.27442196,-0.9318321,-0.044378255,-0.29584256,-0.31990972,-0.06271644,-0.19111969,-0.6032257,-0.0005695303,-0.23991103,-0.75812423,0.019810067,-0.2575235,-0.8596463,0.0365255,-0.2689478,-0.3142761,0.0712184,-0.18743059,-0.50696945,0.051441744,-0.20861316,-0.5798224,0.017660707,-0.20337702,-0.6227085,-0.017918615,-0.19921191
ㅈ,0.0,0.0,0.0,-0.13892157,0.075771175,-0.043906763,-0.26861635,0.20205146,-0.11014221,-0.40295506,0.2712165,-0.16539031,-0.51257175,0.27733248,-0.22170599,-0.173231,0.3469102,-0.19483817,-0.22980148,0.6245769,-0.25480145,-0.2658669,0.78360957,-0.2820252,-0.28710717,0.9102362,-0.29839498,-0.06134444,0.360879,-0.18772085,-0.042484555,0.65196174,-0.24448137,-0.025952546,0.83230495,-0.25693667,-0.007282615,0.96426773,-0.26458776,0.03396982,0.35039616,-0.16797033,0.0024508648,0.5321034,-0.18825464,-0.023622578,0.4715922,-0.14270388,-0.032954324,0.3895889,-0.108273916,0.10780252,0.33531892,-0.1508888,0.065808825,0.46685383,-0.14928739,0.043865412,0.41215596,-0.09964418,0.045096613,0.34496835,-0.059831735
ㅈ,0.0,0.0,0.0,-0.14205585,0.074126,-0.04761534,-0.27132118,0.20120072,-0.11461211,-0.4041731,0.27697203,-0.17080583,-0.5140851,0.28891873,-0.22797759,-0.17415375,0.34065184,-0.19294545,-0.22564235,0.6214902,-0.25571877,-0.25666252,0.7832602,-0.2841713,-0.27297568,0.9138152,-0.3007093,-0.06107039,0.35185894,-0.18689927,-0.043577895,0.64404863,-0.24362648,-0.029060496,0.8210974,-0.254474,-0.012224831,0.95409626,-0.26123148,0.034287244,0.34052393,-0.17018344,-0.00060484227,0.5299117,-0.19845812,-0.026585842,0.4670938,-0.15729089,-0.03388655,0.38390812,-0.12341461,0.107758634,0.32405713,-0.15604609,0.06291848,0.46603534,-0.16289248,0.04154806,0.40696168,-0.1176352,0.044624005,0.33473125,-0.07944659
ㅈ,0.0,0.0,0.0,-0.13970727,0.07666661,-0.04400736,-0.2677977,0.2071655,-0.10978096,-0.40547717,0.2782004,-0.1645811,-0.5148602,0.282512,-0.22063282,-0.17242126,0.34894487,-0.19291982,-0.21706668,0.6288272,-0.25460353,-0.24626273,0.79011804,-0.28356802,-0.26171914,0.91703635,-0.30091098,-0.0596055,0.36256936,-0.18433776,-0.03760836,0.65288323,-0.23726058,-0.018825324,0.8320465,-0.24798818,0.00063938106,0.9609615,-0.25603387,0.034721915,0.35115865,-0.16404472,0.005964116,0.5364962,-0.18013613,-0.02520596,0.47689033,-0.13499081,-0.038566425,0.39311218,-0.10209284,0.10658062,0.33383876,-0.14652297,0.063882895,0.46186796,-0.14348349,0.03824489,0.407534,-0.09681844,0.0355177,0.340043,-0.05989762
ㅍ,0.0,0.0,0.0,-0.19035196,-0.04234153,-0.05663434,-0.35601905,-0.24518774,-0.09116631,-0.41241783,-0.45857266,-0.13642189,-0.29759327,-0.49783438,-0.17118342,-0.25025374,-0.61443967,0.014126689,-0.27498016,-0.88390404,-0.069063224,-0.31350756,-0.8214357,-0.13720895,-0.30049965,-0.6802274,-0.17406926,-0.15180269,-0.6503679,-0.005492258,-0.16814987,-0.98141396,-0.09247807,-0.21719255,-0.9168908,-0.14652239,-0.20637375,-0.76068753,-0.16252582,-0.053408567,-0.6416897,-0.041975465,-0.06942136,-0.9376791,-0.095954224,-0.112041876,-0.88698965,-0.11012118,-0.10432853,-0.75705725,-0.103627995,0.054028463,-0.6039464,-0.0896578,0.0270614,-0.834343,-0.113072634,-0.0076181786,-0.8321464,-0.11490909,-0.009962575,-0.7449332,-0.10880942
ㅈ,0.0,0.0,0.0,-0.14039792,0.077443846,-0.042514592,-0.27042875,0.20482711,-0.10723877,-0.40089852,0.2759755,-0.1616124,-0.5085422,0.28852275,-0.21714103,-0.17682187,0.33908707,-0.19030958,-0.2274534,0.6204157,-0.25303474,-0.25750726,0.78195494,-0.28182074,-0.2720307,0.91123694,-0.29799068,-0.06333918,0.34821165,-0.18675575,-0.045710213,0.6501345,-0.24361707,-0.03037948,0.83045834,-0.2555224,-0.011218094,0.96487975,-0.26245236,0.034078334,0.33754078,-0.17182966,0.004604001,0.54203093,-0.2007934,-0.022904372,0.4762296,-0.15823625,-0.032195337,0.389807,-0.12305332,0.10980838,0.32351917,-0.1585028,0.064487405,0.47456476,-0.16516623,0.043945417,0.41514713,-0.116656415,0.04760065,0.3434961,-0.07583177
ㅈ,0.0,0.0,0.0,-0.14244993,0.07617656,-0.0466865,-0.27002764,0.2037083,-0.113806665,-0.40031493,0.27692363,-0.17000438,-0.5100794,0.29031405,-0.2274353,-0.17581715,0.33927077,-0.19449179,-0.2261023,0.620019,-0.25650308,-0.25741997,0.78274786,-0.28380916,-0.27446333,0.913886,-0.2991358,-0.060807314,0.3500619,-0.18920676,-0.04399259,0.64788353,-0.24681379,-0.029541528,0.82685226,-0.25791243,-0.012139185,0.961693,-0.26390216,0.036519248,0.33876783,-0.17282307,0.00452793,0.53960043,-0.20330022,-0.022883167,0.4744362,-0.1615483,-0.031534895,0.38951463,-0.12605037,0.11127852,0.3239102,-0.15837727,0.06523916,0.47520778,-0.16612868,0.043651633,0.4162205,-0.11838704,0.046099894,0.34347263,-0.077824265
ㅈ,0.0,0.0,0.0,-0.14579122,0.06506928,-0.04240816,-0.28174362,0.18306895,-0.105042435,-0.42104825,0.24213468,-0.15683703,-0.52928954,0.23407172,-0.2093573,-0.20203,0.3344382,-0.18649876,-0.25672305,0.61436117,-0.24255666,-0.29132503,0.77738696,-0.2684993,-0.31044313,0.90703106,-0.28446403,-0.08530693,0.35709655,-0.17842567,-0.076042205,0.64869386,-0.2282247,-0.06494903,0.82741135,-0.23783982,-0.049905162,0.9580665,-0.2452779,0.0144863995,0.35631764,-0.15801625,-0.022962341,0.54670954,-0.17543228,-0.049235426,0.48491618,-0.13071297,-0.058167644,0.39675122,-0.09760433,0.09118023,0.35218644,-0.14014666,0.03758478,0.49614424,-0.1395117,0.018222863,0.44083968,-0.09216181,0.02087065,0.3695288,-0.054064218
ㅍ,0.0,0.0,0.0,-0.19168955,-0.03998642,-0.053474866,-0.35624138,-0.22754018,-0.084652625,-0.39825422,-0.43817842,-0.12747271,-0.29050177,-0.5132271,-0.15917668,-0.2617768,-0.60136515,0.018155051,-0.28917816,-0.874365,-0.06406477,-0.32974023,-0.785368,-0.12773581,-0.3125333,-0.6374252,-0.15865047,-0.17003798,-0.64437157,-0.0012899381,-0.1934479,-0.97766495,-0.08215314,-0.24191277,-0.8831243,-0.12438124,-0.22592674,-0.7280465,-0.12997219,-0.07384239,-0.6489764,-0.038313527,-0.09313309,-0.94847465,-0.093861245,-0.13850097,-0.87745357,-0.10931857,-0.12270378,-0.7431419,-0.10142547,0.033354584,-0.6224612,-0.08563926,0.006558739,-0.8564206,-0.108200386,-0.035386723,-0.83946383,-0.10780572,-0.034638725,-0.7397111,-0.09905753
ㅈ,0.0,0.0,0.0,-0.15123063,0.048590846,-0.043169238,-0.2924402,0.158573,-0.103787385,-0.4360994,0.2011395,-0.15283298,-0.54752195,0.1719656,-0.20334809,-0.22921872,0.3134433,-0.18185623,-0.2975777,0.59965765,-0.24082115,-0.33734807,0.76300293,-0.2658032,-0.35925713,0.8910079,-0.27755943,-0.110314645,0.35856897,-0.17368194,-0.12159914,0.6637162,-0.2163902,-0.12975073,0.83270705,-0.21914558,-0.1339022,0.94945776,-0.21896188,-0.0075031496,0.37752697,-0.15568018,-0.05508861,0.5590467,-0.17404933,-0.08328604,0.49787956,-0.1375866,-0.09537858,0.41121224,-0.10736936,0.07149121,0.38303483,-0.13942352,0.011883613,0.50037456,-0.14025012,-0.009996949,0.44139177,-0.09891956,-0.0119236605,0.3691793,-0.063283436
ㅁ,0.0,0.0,0.0,-0.13112536,-0.093519986,-0.055140737,-0.19982816,-0.29164276,-0.08522581,-0.10856904,-0.40926468,-0.12223899,0.021936687,-0.44030052,-0.1502045,-0.17336008,-0.6544298,-0.012907754,-0.19044583,-0.9098742,-0.11717736,-0.22282071,-0.95876724,-0.17639843,-0.23016429,-0.8571512,-0.19259566,-0.031072687,-0.6472446,-0.03726685,0.051121935,-0.97732943,-0.14159973,-0.0035562085,-0.9489211,-0.1809539,-0.048194546,-0.8203235,-0.17234914,0.077545084,-0.5625545,-0.07801299,0.08602447,-0.6144488,-0.19398761,0.006291377,-0.47537446,-0.21309525,-0.03148137,-0.39848843,-0.18677479,0.1579927,-0.4416211,-0.12344112,0.10344054,-0.3920947,-0.19980846,0.043301973,-0.28991792,-0.20411086,0.021415977,-0.25709566,-0.18323165
ㅍ,0.0,0.0,0.0,-0.1884281,-0.038307697,-0.04729638,-0.35396752,-0.22352976,-0.07419619,-0.3930467,-0.43665454,-0.11466143,-0.27343,-0.49421284,-0.14390466,-0.26470855,-0.60115075,0.02214805,-0.29485777,-0.87809336,-0.057066128,-0.3323931,-0.76300436,-0.114133336,-0.3078982,-0.6189552,-0.1419243,-0.17547074,-0.64318585,-0.00014163692,-0.20597455,-0.9751831,-0.08119344,-0.2502284,-0.8501904,-0.11578363,-0.224565,-0.70191276,-0.11459542,-0.0805576,-0.6483879,-0.03963901,-0.10711808,-0.9433019,-0.09670623,-0.15229006,-0.84607303,-0.10515573,-0.13125856,-0.7129291,-0.09063313,0.025350902,-0.6235728,-0.08918088,-0.0058623794,-0.86037207,-0.10938048,-0.052244358,-0.82618195,-0.10475966,-0.04592242,-0.72183126,-0.09267949
ㅍ,0.0,0.0,0.0,-0.19174886,-0.06535762,-0.04940739,-0.33608785,-0.26081905,-0.08023035,-0.36546612,-0.46750382,-0.12401075,-0.26133153,-0.50156736,-0.15692787,-0.21715173,-0.62366545,0.021204045,-0.23135944,-0.8959727,-0.061612237,-0.27306524,-0.79948425,-0.124599725,-0.260085,-0.6494746,-0.1549646,-0.12489324,-0.6542889,-0.000203009,-0.13255271,-0.98757446,-0.08441861,-0.18186316,-0.88563365,-0.12695561,-0.16917412,-0.73034054,-0.13114387,-0.029698675,-0.6490338,-0.03874041,-0.033210017,-0.9491552,-0.09737603,-0.08128191,-0.8793196,-0.11223127,-0.07057885,-0.74582344,-0.10176062,0.07421294,-0.6115834,-0.0872326,0.06548008,-0.8482946,-0.10987538,0.02262957,-0.84186924,-0.109351836,0.019411705,-0.74975467,-0.09940472
ㅁ,0.0,0.0,0.0,-0.13021195,-0.07970043,-0.055536196,-0.2203741,-0.28997046,-0.09169586,-0.17022853,-0.42966792,-0.13464318,-0.04534129,-0.45347738,-0.16463225,-0.17182237,-0.6435776,-0.02486836,-0.18140908,-0.89407194,-0.12026569,-0.22155643,-0.9609376,-0.16586637,-0.24265006,-0.87305886,-0.17327107,-0.03019314,-0.6482285,-0.04797722,0.058127616,-0.95844954,-0.14562683,-0.019749904,-0.95502144,-0.16870485,-0.08040503,-0.84209454,-0.14883554,0.076005094,-0.57783663,-0.08675939,0.028080333,-0.6186688,-0.1932638,-0.04727527,-0.47650793,-0.18635274,-0.057310376,-0.3833336,-0.14229472,0.14550133,-0.46925578,-0.1326686,0.023528578,-0.40773013,-0.20313674,-0.026856054,-0.3013087,-0.20029828,-0.012604217,-0.26599544,-0.17302427
ㅍ,0.0,0.0,0.0,-0.18827057,-0.05471389,-0.057514463,-0.34906918,-0.2552246,-0.09116287,-0.36831263,-0.47355464,-0.13407111,-0.23466453,-0.49589592,-0.166937,-0.23655851,-0.62476933,0.004647053,-0.24698354,-0.89735496,-0.07427345,-0.27807072,-0.8132475,-0.13328859,-0.2655255,-0.6710578,-0.16250272,-0.13569151,-0.65839756,-0.01127236,-0.14721602,-0.9849484,-0.090575986,-0.1814074,-0.89098555,-0.12741968,-0.16755427,-0.7365641,-0.12950641,-0.03394271,-0.65128416,-0.043950766,-0.046537418,-0.934039,-0.1016617,-0.07812947,-0.8624678,-0.11444287,-0.06666737,-0.72738826,-0.10329195,0.07425579,-0.6119049,-0.08679379,0.05782933,-0.8394028,-0.11339951,0.026286758,-0.8245468,-0.11405162,0.02517079,-0.72808677,-0.105117835
ㅍ,0.0,0.0,0.0,-0.18844576,-0.062392924,-0.052233525,-0.3411971,-0.2796064,-0.080698125,-0.33744466,-0.49014306,-0.11957019,-0.20523165,-0.48504126,-0.15023448,-0.23885928,-0.6336838,0.008188085,-0.24611151,-0.8977162,-0.06434821,-0.2810067,-0.82162446,-0.120423794,-0.27149385,-0.6821744,-0.1498405,-0.13912329,-0.6678339,-0.009553042,-0.14484912,-0.98587763,-0.0840469,-0.18175699,-0.89626765,-0.12094909,-0.17156315,-0.74079823,-0.12554546,-0.037495445,-0.65677595,-0.043139294,-0.044140875,-0.9390417,-0.09632573,-0.076349705,-0.86683744,-0.1118877,-0.06562094,-0.7278319,-0.1054528,0.07183462,-0.6125119,-0.08667339,0.061159514,-0.8381078,-0.11123108,0.029038928,-0.820551,-0.11405456,0.028371572,-0.7221159,-0.10880157
ㅍ,0.0,0.0,0.0,-0.18037182,-0.056071166,-0.053677697,-0.33119667,-0.24608408,-0.089191236,-0.3471107,-0.4452623,-0.13630302,-0.22297388,-0.45637786,-0.1747243,-0.21986124,-0.62306726,-0.0017581488,-0.22802608,-0.90057325,-0.085205354,-0.2684653,-0.7973879,-0.1432293,-0.25276205,-0.6535228,-0.17197992,-0.122516684,-0.65353376,-0.02379994,-0.12814489,-0.98559576,-0.110362135,-0.1773218,-0.86546624,-0.14440548,-0.16434518,-0.7114033,-0.14309862,-0.024091804,-0.6416885,-0.062270205,-0.027693605,-0.93754363,-0.12519483,-0.074783675,-0.8395012,-0.13264385,-0.064221956,-0.70189095,-0.1174191,0.08201756,-0.595642,-0.11055816,0.07008311,-0.82911724,-0.13617234,0.026798317,-0.7901191,-0.13120633,0.02603795,-0.68542063,-0.11905265
ㅁ,0.0,0.0,0.0,-0.12766735,-0.08036467,-0.10168798,-0.1673454,-0.26492298,-0.15231097,-0.015628463,-0.36605695,-0.19946665,0.13978662,-0.42517486,-0.23489642,-0.1302413,-0.6657366,-0.05286169,-0.15003684,-0.91457075,-0.17916702,-0.13677317,-0.9584971,-0.25015268,-0.116474666,-0.87320536,-0.2728479,0.018669777,-0.668458,-0.057148576,0.10006363,-0.95673853,-0.18055394,0.09521792,-0.95626956,-0.22594441,0.07638207,-0.871535,-0.2203967,0.123310424,-0.58465517,-0.0835318,0.18155341,-0.6021175,-0.21661416,0.10685906,-0.44501165,-0.23855287,0.04003005,-0.36311245,-0.21094036,0.19853218,-0.45500395,-0.11845724,0.18861082,-0.37498432,-0.21106642,0.12711999,-0.25427386,-0.22077493,0.0735632,-0.2173771,-0.20022316
ㅍ,0.0,0.0,0.0,-0.18090707,-0.048699003,-0.05397636,-0.3348074,-0.23793119,-0.090037555,-0.3575996,-0.43127817,-0.13809736,-0.23332344,-0.45482978,-0.17719908,-0.23264456,-0.61831445,-0.0018298263,-0.24294777,-0.89663905,-0.08552582,-0.28901383,-0.79173636,-0.14385146,-0.27404597,-0.64648664,-0.17353737,-0.13989113,-0.6506151,-0.024323123,-0.1504442,-0.98228276,-0.1117462,-0.20490079,-0.8538127,-0.14685929,-0.19059998,-0.69959277,-0.14685929,-0.043755934,-0.6412367,-0.063392155,-0.048768263,-0.941352,-0.12737381,-0.10081124,-0.83588594,-0.13757427,-0.08866762,-0.6936127,-0.1248891,0.06292339,-0.59933203,-0.11220391,0.04957028,-0.833496,-0.13953589,0.0012768223,-0.7910481,-0.13718195,0.00040114566,-0.6826696,-0.12730843
ㅍ,0.0,0.0,0.0,-0.17979859,-0.058425426,-0.051037785,-0.3264424,-0.25400895,-0.085398905,-0.34386584,-0.45330182,-0.1317329,-0.22627605,-0.46617442,-0.16937113,-0.21360074,-0.6294735,-0.0010332653,-0.21480905,-0.90922856,-0.08390635,-0.26065156,-0.81117517,-0.1417265,-0.24923888,-0.6652834,-0.17040943,-0.11762813,-0.65437466,-0.024269203,-0.11829647,-0.986918,-0.1095393,-0.17271227,-0.87105894,-0.14406265,-0.16095473,-0.71670884,-0.14380309,-0.020747246,-0.6389911,-0.06356224,-0.020139853,-0.9382372,-0.12504885,-0.07336044,-0.84508723,-0.13380949,-0.0642003,-0.70642793,-0.12031163,0.08274175,-0.5915669,-0.112394616,0.07420169,-0.8270686,-0.13770309,0.026726877,-0.793066,-0.13367969,0.024532398,-0.68882245,-0.12271269
ㅍ,0.0,0.0,0.0,-0.18252453,-0.05860094,-0.052800775,-0.33128226,-0.25379232,-0.08865384,-0.3479935,-0.44959515,-0.13624063,-0.22791418,-0.45877352,-0.17509231,-0.21853733,-0.6284153,-0.002857054,-0.22225714,-0.9072645,-0.086567834,-0.26816702,-0.80271536,-0.14536686,-0.25565925,-0.65599805,-0.17548345,-0.12278958,-0.65229684,-0.0258132,-0.124052584,-0.9859356,-0.111990914,-0.1790121,-0.8633916,-0.14836548,-0.16739404,-0.71005833,-0.14992997,-0.026410524,-0.63678664,-0.06489304,-0.02119832,-0.93875694,-0.12685364,-0.07653936,-0.84076536,-0.13754438,-0.06951534,-0.700223,-0.12613659,0.07836978,-0.5885394,-0.1136206,0.06983393,-0.8227045,-0.138457,0.02087508,-0.7860006,-0.1358495,0.01746156,-0.6820964,-0.12646252
ㅁ,0.0,0.0,0.0,-0.13867328,-0.084769204,-0.08364095,-0.20963518,-0.26963916,-0.13433743,-0.079354964,-0.3336147,-0.18570496,0.06493455,-0.36000457,-0.22328502,-0.12045455,-0.6475847,-0.056248996,-0.11550325,-0.90532655,-0.18692511,-0.14852731,-0.95533305,-0.2554965,-0.15796219,-0.8642849,-0.27526262,0.04116601,-0.64082533,-0.07339184,0.14524241,-0.9206269,-0.20327486,0.093824215,-0.907394,-0.24817573,0.04825755,-0.8128817,-0.23865868,0.14893855,-0.546973,-0.10987377,0.11200434,-0.5070684,-0.24085492,0.016872056,-0.36997795,-0.2525682,-0.019717619,-0.32900387,-0.21791643,0.2085182,-0.41512942,-0.1545916,0.10160184,-0.2768641,-0.2387807,0.035031993,-0.18501864,-0.2442713,0.028258812,-0.20014316,-0.22145481
ㅊ,0.0,0.0,0.0,-0.14191917,0.06970253,-0.04347658,-0.255286,0.18422416,-0.09729574,-0.37436014,0.2458422,-0.13373782,-0.48486218,0.2453052,-0.17468107,-0.18416321,0.3556301,-0.18610708,-0.20826717,0.6053031,-0.23665859,-0.22770035,0.7586068,-0.26124182,-0.24378024,0.8858595,-0.27647653,-0.06967284,0.37670928,-0.17511389,-0.061426148,0.65459824,-0.22592504,-0.0538525,0.8316277,-0.24600714,-0.05566813,0.96361995,-0.26141497,0.026225613,0.36512893,-0.15278119,0.061934575,0.6039906,-0.20203428,0.083760016,0.75669867,-0.2254057,0.10189642,0.8521112,-0.23960164,0.09213628,0.3479167,-0.12542799,0.0624314,0.45244545,-0.15304087,0.02665816,0.40121454,-0.14654882,0.010373133,0.3382171,-0.14187454
ㅊ,0.0,0.0,0.0,-0.14810003,0.06507191,-0.04078777,-0.2672529,0.18114321,-0.09281649,-0.38938826,0.24395986,-0.12741517,-0.50075936,0.24360415,-0.1664585,-0.1925034,0.3489264,-0.18580586,-0.2156246,0.6059866,-0.23670162,-0.2344981,0.763063,-0.26075512,-0.24917942,0.89197016,-0.27452487,-0.07615636,0.37277207,-0.17412771,-0.06689204,0.6562423,-0.22171177,-0.05738403,0.8339819,-0.23809601,-0.059163023,0.9662693,-0.25064567,0.021729454,0.36460498,-0.15103288,0.055356495,0.60389584,-0.195741,0.080183044,0.7584024,-0.21700567,0.09832938,0.853829,-0.23007819,0.08786585,0.34764552,-0.12270904,0.058218807,0.4582067,-0.14571673,0.022285948,0.41424835,-0.13752459,0.0044603706,0.3558249,-0.13159837
ㅎ,0.0,0.0,0.0,-0.11142845,-0.29362324,-0.03534084,-0.17828855,-0.5747211,-0.08234713,-0.2075556,-0.7867545,-0.12384383,-0.18651786,-0.9689658,-0.16222288,-0.08962675,-0.6151966,-0.14899985,-0.3895741,-0.54831076,-0.22511296,-0.3539893,-0.44899064,-0.24209864,-0.26655996,-0.45054498,-0.24661385,-0.058462333,-0.44503096,-0.17007072,-0.3986824,-0.37909317,-0.24403372,-0.341455,-0.32014537,-0.23113321,-0.25205043,-0.32262105,-0.22554298,-0.053972553,-0.270572,-0.19243163,-0.37073153,-0.23099561,-0.26338455,-0.3158962,-0.18778847,-0.225758,-0.22692837,-0.19900793,-0.19877438,-0.06562963,-0.10216279,-0.21597509,-0.31923464,-0.10322742,-0.26660967,-0.2805787,-0.085148185,-0.24962397,-0.20097184,-0.09048354,-0.23263827
ㅊ,0.0,0.0,0.0,-0.14707206,0.05891902,-0.01848626,-0.25434396,0.16661958,-0.053007983,-0.36869267,0.2269922,-0.08014022,-0.4672692,0.24390258,-0.11356137,-0.20596677,0.38323274,-0.12119794,-0.23224732,0.6366916,-0.15902135,-0.25404793,0.78551,-0.17663035,-0.27443907,0.901367,-0.18615358,-0.099560566,0.41844404,-0.12452208,-0.09713307,0.6879338,-0.15111527,-0.094745114,0.8574168,-0.16027912,-0.09882534,0.9807583,-0.16836488,-0.003770247,0.40472543,-0.12065888,0.025555631,0.6115005,-0.14446697,0.05015028,0.7533879,-0.16423216,0.06781189,0.8461908,-0.18067321,0.06539152,0.36680886,-0.11293248,0.06066165,0.43308124,-0.12748685,0.048209377,0.41044247,-0.12524082,0.04299792,0.37367442,-0.12452208
ㅊ,0.0,0.0,0.0,-0.13470939,0.10862937,-0.030448494,-0.24817933,0.24697082,-0.074655764,-0.35619143,0.32473078,-0.101520844,-0.4678825,0.33472103,-0.13070114,-0.1759942,0.3812279,-0.17499578,-0.17240493,0.63616216,-0.21072853,-0.17967422,0.7861988,-0.22295979,-0.19373497,0.9144682,-0.23309425,-0.059929457,0.37248865,-0.1710643,-0.026214475,0.6463331,-0.22697861,-0.004892231,0.823038,-0.25476107,0.002675551,0.9608296,-0.27712676,0.035070088,0.34361824,-0.15306687,0.10784273,0.5844101,-0.21282531,0.14856713,0.74359924,-0.24480131,0.17576906,0.8482153,-0.2647208,0.09878647,0.32791212,-0.12711914,0.084335074,0.45683235,-0.16040562,0.045094896,0.41282183,-0.15830885,0.016947651,0.35673442,-0.15848356
ㅊ,0.0,0.0,0.0,-0.13834414,0.09578899,-0.03182709,-0.25484166,0.22442918,-0.076928124,-0.36376026,0.29050106,-0.10602841,-0.47574687,0.29401252,-0.13855742,-0.18621351,0.36766252,-0.17020726,-0.19128978,0.62285805,-0.2078354,-0.20163526,0.77288675,-0.22260535,-0.21647988,0.9007624,-0.23385863,-0.068985805,0.36917248,-0.16625103,-0.043943584,0.6439017,-0.21979204,-0.02749328,0.8225581,-0.24757355,-0.022930773,0.962466,-0.2704318,0.0263913,0.34638503,-0.14937112,0.08626128,0.5949219,-0.20765957,0.1199662,0.75770193,-0.24089192,0.14229693,0.86500466,-0.26199186,0.09020521,0.33386937,-0.124930404,0.065863445,0.46965778,-0.15921773,0.029038642,0.43873546,-0.160009,0.0033225594,0.39630735,-0.16255856
ㅎ,0.0,0.0,0.0,-0.09148172,-0.26493123,-0.027818184,-0.16488206,-0.5537717,-0.0858793,-0.1885439,-0.773133,-0.13874927,-0.16797847,-0.9665526,-0.19380218,-0.089451,-0.4964493,-0.21328898,-0.41952997,-0.5040306,-0.3098712,-0.37266856,-0.43313596,-0.33670554,-0.28035802,-0.41850245,-0.34309462,-0.07665381,-0.30322093,-0.24235947,-0.44726297,-0.3286351,-0.32435316,-0.3791575,-0.2846584,-0.30326912,-0.27605796,-0.26516324,-0.2930465,-0.086644985,-0.11621458,-0.2683419,-0.42737496,-0.16359398,-0.34437245,-0.361545,-0.1291518,-0.2917687,-0.2609534,-0.11084418,-0.25471178,-0.11779525,0.05601946,-0.29368544,-0.38214475,-0.0027885821,-0.35502094,-0.33063102,0.00092316605,-0.32861263,-0.23783334,0.013379729,-0.30475992
ㅎ,0.0,0.0,0.0,-0.10223411,-0.2728145,-0.016048856,-0.20607522,-0.5462588,-0.094567426,-0.22269626,-0.74968845,-0.1715791,-0.18697958,-0.94820935,-0.2567835,-0.11541125,-0.3682892,-0.27106225,-0.50869256,-0.34941694,-0.3747588,-0.46741006,-0.37118474,-0.4136158,-0.36640608,-0.37956488,-0.42695826,-0.10096391,-0.117761984,-0.31179184,-0.547798,-0.12918004,-0.40331635,-0.46472266,-0.17344652,-0.3958258,-0.32852465,-0.16408212,-0.39348507,-0.110911176,0.09294922,-0.34058347,-0.5194524,0.04718682,-0.40518898,-0.44095036,0.010206416,-0.34386054,-0.31718177,0.02052053,-0.3014924,-0.14035621,0.26855588,-0.3689069,-0.44317922,0.20252702,-0.41759512,-0.38938767,0.15330563,-0.37101358,-0.29018453,0.16656536,-0.33543372
ㅊ,0.0,0.0,0.0,-0.14277811,0.0850665,-0.035785142,-0.25775105,0.20749834,-0.083923,-0.36901984,0.27155712,-0.115046784,-0.47926772,0.27887392,-0.14998521,-0.18984307,0.3589649,-0.17876822,-0.20037666,0.6107725,-0.22801144,-0.21141545,0.764297,-0.2538468,-0.22343113,0.89252466,-0.27083918,-0.07098133,0.36744577,-0.1705321,-0.052943587,0.6403204,-0.22627753,-0.036804304,0.82111293,-0.25523394,-0.033219006,0.9598204,-0.2786418,0.025898164,0.35131335,-0.14989851,0.07368996,0.59745914,-0.20703104,0.10337529,0.7566327,-0.2394553,0.12479455,0.859795,-0.26008892,0.08948385,0.34157458,-0.12241593,0.06645175,0.46211928,-0.15752774,0.032426648,0.41763547,-0.15813462,0.010914611,0.36386293,-0.15926166
ㅎ,0.0,0.0,0.0,-0.18133594,-0.25458518,-0.03654759,-0.28472435,-0.5280976,-0.087573335,-0.3063517,-0.7543969,-0.13314283,-0.2799113,-0.9437095,-0.17624462,-0.18776971,-0.56465226,-0.16703202,-0.47841308,-0.42256647,-0.24193926,-0.43318304,-0.3388469,-0.25005513,-0.35077822,-0.36453435,-0.24654555,-0.1263326,-0.39103374,-0.18819907,-0.45663482,-0.2418905,-0.25729358,-0.38920087,-0.20544508,-0.23272666,-0.3022934,-0.23641463,-0.21781102,-0.092572205,-0.21441975,-0.20980482,-0.4089283,-0.099362224,-0.28186053,-0.34757298,-0.076357804,-0.237991,-0.2605074,-0.10940915,-0.2041018,-0.08154521,-0.04381873,-0.23162992,-0.3395686,0.017692475,-0.28361532,-0.29559633,0.02446862,-0.26124185,-0.21202494,0.0041969395,-0.23864906
ㅎ,0.0,0.0,0.0,-0.10284297,-0.27016672,-0.019344874,-0.18610373,-0.5453378,-0.11285709,-0.14881022,-0.7530199,-0.20604143,-0.049084887,-0.95039105,-0.30716056,-0.09703731,-0.38258755,-0.30007827,-0.5231964,-0.29471985,-0.41549304,-0.44774768,-0.3134969,-0.45693743,-0.3233494,-0.33621964,-0.4718889,-0.06463127,-0.12548307,-0.34519494,-0.5315193,-0.08711329,-0.44775674,-0.4265896,-0.1311381,-0.4349037,-0.28147525,-0.13195427,-0.42991987,-0.06262457,0.09447514,-0.37772092,-0.48757005,0.08934927,-0.44880593,-0.3925393,0.044855844,-0.37877017,-0.2574598,0.04199876,-0.33103037,-0.08393033,0.2797819,-0.4105092,-0.39918977,0.24244644,-0.4627082,-0.33117366,0.19474031,-0.4091977,-0.21813683,0.20642704,-0.37011403
ㅎ,0.0,0.0,0.0,-0.19057299,-0.25544238,-0.038385343,-0.33235008,-0.50409526,-0.08109884,-0.42164108,-0.69429487,-0.12015116,-0.46203017,-0.87321645,-0.15498762,-0.16677924,-0.58951575,-0.12447799,-0.45253387,-0.46116433,-0.2020279,-0.41824156,-0.3645071,-0.2231073,-0.33732894,-0.38662112,-0.22943112,-0.104755126,-0.41719252,-0.14622304,-0.43591976,-0.28064653,-0.2203337,-0.3808931,-0.23353226,-0.209794,-0.29154852,-0.26483598,-0.20402493,-0.07644699,-0.24090931,-0.17185113,-0.3970256,-0.13176484,-0.24562895,-0.34356156,-0.09851299,-0.20946117,-0.25472653,-0.13713384,-0.18128136,-0.06951261,-0.07076863,-0.19936527,-0.33164245,-0.0075070374,-0.25206375,-0.2928919,0.0067426865,-0.23453455,-0.20808794,-0.021824552,-0.215785
ㅎ,0.0,0.0,0.0,-0.1714091,-0.2649658,-0.030971894,-0.28787294,-0.52266115,-0.074400604,-0.34885886,-0.73278683,-0.11441232,-0.36081684,-0.9202398,-0.1515582,-0.17509086,-0.5811338,-0.13612668,-0.45361954,-0.4779324,-0.20259243,-0.42897317,-0.3852922,-0.2098673,-0.35708252,-0.39429232,-0.20733212,-0.12003424,-0.4131839,-0.15717967,-0.43725193,-0.2826139,-0.2235352,-0.3819339,-0.24247712,-0.20545828,-0.29472888,-0.27095848,-0.19476645,-0.090888634,-0.24111803,-0.17900425,-0.39859065,-0.14022197,-0.24756429,-0.34350368,-0.11599591,-0.21008773,-0.25666887,-0.15130706,-0.18153943,-0.082424216,-0.075997144,-0.20104928,-0.33648628,-0.023276215,-0.25065058,-0.29878157,-0.01861918,-0.23257367,-0.21802403,-0.04596123,-0.21328427
ㅌ,0.0,0.0,0.0,-0.13369119,-0.25234935,0.0586386,-0.33393097,-0.30994064,0.085936286,-0.45739147,-0.26225787,0.110200904,-0.5371444,-0.18445915,0.12715045,-0.4048428,-0.36084318,-0.012757661,-0.6111838,-0.43204293,-0.025380617,-0.7478232,-0.47764462,-0.033067383,-0.8575593,-0.51281863,-0.040114824,-0.43669042,-0.1998752,-0.046418868,-0.6767631,-0.15508708,-0.039668784,-0.8184695,-0.117010914,-0.04023377,-0.92284423,-0.09052089,-0.045853883,-0.43509254,-0.037252147,-0.07142689,-0.6461508,-0.0030988792,-0.07059427,-0.77408415,0.004846937,-0.09479942,-0.8689684,0.017489253,-0.12037242,-0.40876678,0.10036249,-0.08819803,-0.4683482,0.058522128,-0.08522441,-0.419247,-0.0024160822,-0.07975298,-0.37053815,-0.029656675,-0.08010981
ㅎ,0.0,0.0,0.0,-0.17509224,-0.26144478,-0.033816792,-0.28297082,-0.5305714,-0.08471019,-0.31909388,-0.7461395,-0.1312793,-0.30754504,-0.9350801,-0.17618527,-0.16947412,-0.5648653,-0.16376683,-0.46089834,-0.444753,-0.23617072,-0.42772463,-0.3579781,-0.24326697,-0.3510099,-0.37732464,-0.23971887,-0.109191455,-0.3886045,-0.18638611,-0.44385338,-0.25469998,-0.25546366,-0.38242435,-0.2165363,-0.23173559,-0.29278097,-0.24885824,-0.21765396,-0.07737413,-0.21046905,-0.20889454,-0.40014005,-0.10834171,-0.2794135,-0.3411323,-0.08467813,-0.23528369,-0.2503045,-0.11559201,-0.20235269,-0.06939862,-0.040551953,-0.23151381,-0.3307064,0.016721355,-0.28362688,-0.28696102,0.019972999,-0.2621164,-0.20035738,-0.0046244063,-0.24038413
ㅎ,0.0,0.0,0.0,-0.16363075,-0.2741085,-0.029807623,-0.26416817,-0.53921974,-0.08011696,-0.30445725,-0.7515168,-0.12754516,-0.28835362,-0.94154525,-0.17419764,-0.16648324,-0.5676101,-0.1582405,-0.45410493,-0.45426762,-0.23337208,-0.4253668,-0.3753985,-0.24556158,-0.35242978,-0.39460528,-0.24666971,-0.11149186,-0.39529207,-0.18505737,-0.44716725,-0.26894146,-0.25974572,-0.38871744,-0.23350736,-0.24268043,-0.29906458,-0.26065147,-0.2335937,-0.08178636,-0.22318386,-0.21198505,-0.40465084,-0.121531434,-0.2858977,-0.34542915,-0.10128809,-0.24378854,-0.25545618,-0.13624682,-0.21264996,-0.071973294,-0.056213535,-0.23913437,-0.3339791,0.0026400485,-0.29276812,-0.29361326,0.003432415,-0.27282166,-0.21094358,-0.026594086,-0.25287527
ㅌ,0.0,0.0,0.0,-0.1407951,-0.2503945,0.03546593,-0.3465835,-0.2972808,0.042723175,-0.4890301,-0.23308823,0.055130728,-0.58077997,-0.14675127,0.06139303,-0.41161457,-0.3148344,-0.08615148,-0.62136996,-0.37586257,-0.12337413,-0.76046276,-0.4195618,-0.14502881,-0.8747307,-0.4577568,-0.1590751,-0.4247471,-0.13558324,-0.1094449,-0.67505825,-0.09927775,-0.1384739,-0.8346563,-0.051973555,-0.15134965,-0.9556428,-0.02552481,-0.16129911,-0.4158588,0.030781725,-0.12044782,-0.6479568,0.056046873,-0.14994502,-0.7879656,0.07425209,-0.17323843,-0.8925431,0.092672214,-0.18927462,-0.39042512,0.1572901,-0.1219695,-0.507217,0.08126128,-0.13004611,-0.4837204,-0.011339698,-0.11576573,-0.4481454,-0.062485024,-0.10605039
ㅎ,0.0,0.0,0.0,-0.17497881,-0.26317197,-0.032142438,-0.2925304,-0.52639306,-0.083095014,-0.34486583,-0.73344123,-0.13048232,-0.33968505,-0.9238043,-0.1766344,-0.18091378,-0.5549929,-0.15844308,-0.472629,-0.42139858,-0.23603696,-0.42771095,-0.34004062,-0.25175786,-0.34524488,-0.3675693,-0.25512666,-0.12171374,-0.38035512,-0.18404569,-0.4584518,-0.24726775,-0.25827083,-0.392784,-0.21444596,-0.24187616,-0.29930162,-0.24432835,-0.23401572,-0.09097227,-0.20610653,-0.20998518,-0.41252595,-0.10408174,-0.28230134,-0.34854794,-0.083369985,-0.23963033,-0.25729644,-0.118745685,-0.20931141,-0.080085866,-0.03946173,-0.23648614,-0.339694,0.018383665,-0.2872422,-0.29510564,0.022296641,-0.26523295,-0.21026678,-0.004019888,-0.24479575
ㅎ,0.0,0.0,0.0,-0.15444492,-0.2728667,-0.021279471,-0.26150784,-0.5438053,-0.0630592,-0.32343853,-0.75128734,-0.103051566,-0.32899556,-0.9337491,-0.1409773,-0.14503051,-0.61394787,-0.14187098,-0.4417883,-0.5245095,-0.21370082,-0.41211516,-0.4272327,-0.22476016,-0.33487475,-0.43851668,-0.22520702,-0.09898733,-0.44453895,-0.17147426,-0.4370464,-0.3452022,-0.24263383,-0.38042295,-0.28702435,-0.22453673,-0.2915749,-0.30313632,-0.2144828,-0.08114675,-0.26721588,-0.20063071,-0.40264192,-0.19010781,-0.26832724,-0.34115615,-0.14676675,-0.22476016,-0.24966103,-0.17165667,-0.19426319,-0.08141471,-0.09266487,-0.229452,-0.34125605,-0.054969743,-0.27681726,-0.30017075,-0.033512957,-0.25447515,-0.21798861,-0.04908365,-0.23392043
ㅂ,0.0,0.0,0.0,-0.11352248,-0.050582245,-0.06827819,-0.20148078,-0.20346925,-0.096295476,-0.17074782,-0.34106708,-0.11837967,-0.081252575,-0.32937667,-0.14220612,-0.12829101,-0.49602497,-0.054293107,-0.12950997,-0.672803,-0.08932646,-0.11987541,-0.7829607,-0.12506615,-0.10786278,-0.8872405,-0.1562383,-0.049282946,-0.51173186,-0.05763634,-0.05123764,-0.72200084,-0.08894977,-0.048448306,-0.8628005,-0.12412439,-0.043805342,-0.9872053,-0.15331884,0.02071701,-0.4781356,-0.06851364,0.023664169,-0.68153334,-0.101051345,0.019584086,-0.81145865,-0.13231768,0.01695482,-0.92603534,-0.15652083,0.09396016,-0.40701476,-0.08697207,0.1001982,-0.55953115,-0.11762627,0.09223456,-0.6598467,-0.13542548,0.08158239,-0.7564705,-0.15077612
ㅌ,0.0,0.0,0.0,-0.11997451,-0.25020367,0.059151366,-0.31787264,-0.30054867,0.08535801,-0.4571615,-0.2751179,0.112792626,-0.55844575,-0.22887711,0.13597426,-0.405763,-0.35577467,-0.035162605,-0.6223611,-0.40286034,-0.05645737,-0.7623114,-0.44589987,-0.07272047,-0.8732755,-0.47987127,-0.08434124,-0.4265878,-0.1960692,-0.057565544,-0.6705565,-0.13786873,-0.05262372,-0.81139755,-0.09476158,-0.05466035,-0.91175526,-0.07081403,-0.06439424,-0.4276693,-0.03427208,-0.068467505,-0.6415647,0.009695608,-0.055049706,-0.76099247,0.017255826,-0.06762889,-0.84551924,0.033372138,-0.08889371,-0.4118242,0.09206865,-0.071582355,-0.46587768,0.06275937,-0.04606457,-0.41596124,-0.0012707679,-0.031358898,-0.373887,-0.028891826,-0.02896286
ㅂ,0.0,0.0,0.0,-0.11983925,-0.05386654,-0.05144747,-0.21058904,-0.21570237,-0.07219754,-0.20265642,-0.36041418,-0.09104394,-0.119455814,-0.36213169,-0.11212717,-0.14977382,-0.5025793,-0.037479244,-0.15338401,-0.6784693,-0.0707222,-0.14686598,-0.7854002,-0.105654664,-0.1381371,-0.8863168,-0.13620868,-0.080185145,-0.5153656,-0.04842538,-0.0832966,-0.7250375,-0.078574866,-0.08363055,-0.863031,-0.11298382,-0.07856503,-0.9867828,-0.14172934,-0.012928375,-0.48055756,-0.066391334,-0.0139565505,-0.6850093,-0.099086985,-0.019080028,-0.81208485,-0.13030729,-0.018452073,-0.92854905,-0.15467435,0.059041247,-0.4105468,-0.090520434,0.060042147,-0.567402,-0.12231184,0.05270933,-0.6674755,-0.14163415,0.0475459,-0.765676,-0.15838651
ㅌ,0.0,0.0,0.0,-0.1246711,-0.24445918,0.04684336,-0.33359376,-0.29897198,0.0719342,-0.47973976,-0.27285215,0.10101811,-0.5836597,-0.23256138,0.12658572,-0.41150546,-0.34005836,-0.04463983,-0.62278205,-0.3982001,-0.06091013,-0.7577002,-0.44995564,-0.06925388,-0.86466175,-0.49660143,-0.07580967,-0.42796573,-0.17226243,-0.06478401,-0.6719919,-0.12678555,-0.0715782,-0.8158844,-0.092288084,-0.07652485,-0.9179019,-0.071439035,-0.084451415,-0.422969,-0.0126736825,-0.07354495,-0.6385276,0.025350152,-0.078253195,-0.76194566,0.025690211,-0.09351033,-0.85084665,0.033837996,-0.11079381,-0.40196863,0.10879044,-0.07402173,-0.472168,0.06714991,-0.059926756,-0.4263379,-0.005011531,-0.043120075,-0.38086197,-0.041128572,-0.03686227
ㅂ,0.0,0.0,0.0,-0.10570319,-0.067553595,-0.07303994,-0.16912408,-0.22025858,-0.101944365,-0.08696518,-0.32109123,-0.12344585,0.011086744,-0.31746995,-0.14598468,-0.102277674,-0.48763537,-0.058705617,-0.09543052,-0.6670104,-0.09656899,-0.08061503,-0.7820724,-0.13174467,-0.061811943,-0.8879445,-0.16069622,-0.016911106,-0.5068996,-0.058799915,-0.011328042,-0.7184198,-0.09152367,-0.0033524055,-0.8614095,-0.12740664,0.0049776994,-0.9877028,-0.1562639,0.054395147,-0.47642753,-0.06709874,0.061039127,-0.6763373,-0.100058265,0.056102596,-0.80956,-0.13363077,0.052376986,-0.92735505,-0.15890443,0.1244903,-0.4075935,-0.0829891,0.13518731,-0.55822736,-0.112412184,0.1284932,-0.65929514,-0.12957565,0.117675,-0.7576572,-0.14400429
ㅌ,0.0,0.0,0.0,-0.13619299,-0.24307872,0.05752202,-0.33771086,-0.2935281,0.08126071,-0.4702934,-0.2149879,0.10278697,-0.5563605,-0.11741799,0.11893167,-0.40742478,-0.36379242,-0.014919857,-0.61358577,-0.42568323,-0.025533503,-0.7456023,-0.47374317,-0.031214043,-0.85235286,-0.52162784,-0.037402846,-0.4318479,-0.2052459,-0.05154441,-0.6802349,-0.17079474,-0.06153021,-0.83286387,-0.13330445,-0.07103764,-0.9459461,-0.10940055,-0.079588346,-0.4310499,-0.04220803,-0.078033686,-0.6636354,-0.004524767,-0.0975867,-0.7998572,0.008294175,-0.123776995,-0.9040043,0.021297183,-0.14470531,-0.41182378,0.10525932,-0.09453716,-0.5125858,0.073255755,-0.09579285,-0.46020034,0.019191498,-0.079588346,-0.40664804,-0.0044935797,-0.070977844
ㅋ,0.0,0.0,0.0,-0.13998325,0.05791149,-0.032563087,-0.27328023,0.17481183,-0.08957876,-0.39321768,0.22362499,-0.13926695,-0.497146,0.19778343,-0.17898285,-0.21105024,0.34179547,-0.15036659,-0.21461186,0.6073426,-0.19268395,-0.2006087,0.5149912,-0.20517102,-0.19311865,0.40817213,-0.20378357,-0.101942986,0.36158085,-0.14880571,-0.0987139,0.6560206,-0.19337767,-0.09479998,0.83120465,-0.211588,-0.08449663,0.9700135,-0.22789058,-0.0073486255,0.34729996,-0.13501789,-0.03101403,0.53344864,-0.14290902,-0.04917048,0.47092307,-0.09746991,-0.050249744,0.39261067,-0.06698929,0.07023291,0.33217743,-0.12227065,0.020584328,0.48072308,-0.09642932,0.009908354,0.42523003,-0.030178403,0.020750787,0.35505095,0.015878564
ㅋ,0.0,0.0,0.0,-0.1405444,0.060800582,-0.03019413,-0.27179053,0.17284602,-0.08816862,-0.3903613,0.22279322,-0.13963513,-0.49210212,0.19210954,-0.1812863,-0.20420888,0.33578864,-0.14808486,-0.206902,0.59907454,-0.19067489,-0.19369383,0.5131487,-0.2024533,-0.18585885,0.407847,-0.19989277,-0.09532617,0.35602844,-0.1479995,-0.09220729,0.6517314,-0.19425961,-0.09262196,0.83066064,-0.21286607,-0.08370961,0.9699217,-0.22857064,-0.0015897283,0.34388104,-0.1355383,-0.025543833,0.5340523,-0.14484152,-0.041502554,0.4763927,-0.10054449,-0.041385856,0.39873463,-0.06981822,0.075776376,0.32982513,-0.12384524,0.029836053,0.4880997,-0.09798396,0.020853596,0.4346801,-0.03134637,0.03264915,0.36320773,0.015575209
ㅌ,0.0,0.0,0.0,-0.14038683,-0.23351109,0.07509507,-0.33980054,-0.26230842,0.10595968,-0.4794828,-0.21290192,0.13889006,-0.57739615,-0.14138618,0.16805348,-0.43613636,-0.30119628,-0.04271302,-0.6587864,-0.33880845,-0.056170728,-0.8012473,-0.3692351,-0.06109205,-0.91526246,-0.39783317,-0.0634312,-0.44284198,-0.12968,-0.068048745,-0.69386065,-0.06831838,-0.08092926,-0.83873016,-0.018814914,-0.08190137,-0.9400002,0.011422036,-0.08354182,-0.43215814,0.035175927,-0.076433234,-0.6538101,0.0896142,-0.076797776,-0.78226393,0.107777625,-0.080382444,-0.87267494,0.1305339,-0.08688346,-0.40811566,0.15932435,-0.07297008,-0.49807227,0.1228044,-0.0384904,-0.44969073,0.04762965,-0.001752268,-0.39495546,0.01671874,0.018940283
ㅋ,0.0,0.0,0.0,-0.13385905,0.06832207,-0.030342145,-0.28833923,0.19669788,-0.084636375,-0.411824,0.22272035,-0.1334494,-0.50271314,0.1466943,-0.17557275,-0.22842613,0.2706991,-0.15597849,-0.25314748,0.53870356,-0.2199404,-0.22717276,0.46450847,-0.24549061,-0.20963393,0.36760074,-0.24859808,-0.120852135,0.2796915,-0.16823569,-0.13960262,0.61876065,-0.21286227,-0.15121469,0.80716246,-0.2261553,-0.15325184,0.9591674,-0.23772198,-0.02105751,0.2823066,-0.17272426,-0.04836786,0.5317638,-0.19231851,-0.061624903,0.47262853,-0.15235311,-0.0591753,0.3946182,-0.12231434,0.06700274,0.290759,-0.17833494,0.01652318,0.4823707,-0.15969016,0.011419254,0.42946148,-0.09417456,0.027838903,0.35722807,-0.048943747
ㅌ,0.0,0.0,0.0,-0.15879881,-0.22310658,0.032287605,-0.35235494,-0.25829825,0.025801186,-0.49304658,-0.15561327,0.02575813,-0.5839737,-0.055889282,0.02097942,-0.4046544,-0.29469895,-0.11801951,-0.61186093,-0.36799797,-0.16417071,-0.7500413,-0.41052374,-0.18862396,-0.86976516,-0.44864044,-0.20550014,-0.3985383,-0.11285389,-0.14901659,-0.65779376,-0.094086714,-0.20285964,-0.8270912,-0.049442142,-0.2299534,-0.95833594,-0.017712833,-0.24866645,-0.37665737,0.06007258,-0.16508915,-0.6231391,0.09261618,-0.2239836,-0.7704083,0.10861284,-0.2589988,-0.88028413,0.12253451,-0.27828586,-0.34907275,0.21210249,-0.16864808,-0.5027543,0.14496975,-0.19585662,-0.48415253,0.043597158,-0.18460582,-0.45324916,-0.016051335,-0.17576592
ㅌ,0.0,0.0,0.0,-0.10905882,-0.2543045,0.03969378,-0.2973039,-0.32877818,0.05467617,-0.43736047,-0.27395806,0.0717538,-0.5276142,-0.20090625,0.08357899,-0.36062202,-0.39574564,-0.05140606,-0.5631924,-0.47548512,-0.067565225,-0.69147116,-0.53750074,-0.077610895,-0.79659426,-0.5981338,-0.08759915,-0.3902379,-0.2331946,-0.08013666,-0.636058,-0.22652346,-0.09052675,-0.7904293,-0.21019319,-0.10166308,-0.90434873,-0.2036784,-0.115210384,-0.40135118,-0.06826415,-0.09862068,-0.6256458,-0.052599993,-0.11366049,-0.7531264,-0.05304242,-0.13845894,-0.84748065,-0.04673515,-0.16199447,-0.39837062,0.07124484,-0.1092978,-0.49130332,0.018365482,-0.10969962,-0.4380122,-0.03905321,-0.098046646,-0.38669023,-0.06279954,-0.095004246
ㅌ,0.0,0.0,0.0,-0.12643363,-0.25836024,0.11047955,-0.3014642,-0.2989951,0.15710254,-0.4249175,-0.23573186,0.19568293,-0.5051524,-0.13970912,0.2291838,-0.40454662,-0.36645702,0.023824831,-0.6167919,-0.426313,0.020665232,-0.7527833,-0.46975756,0.0151019115,-0.8615107,-0.5076381,0.010150863,-0.43077236,-0.19754258,-0.016992984,-0.6785826,-0.16223253,-0.012820497,-0.82169235,-0.12563126,-0.012676878,-0.92216045,-0.10710007,-0.017038338,-0.4341106,-0.02554868,-0.04199768,-0.65462494,0.018058551,-0.027545143,-0.77590084,0.03171324,-0.031717632,-0.8669454,0.050072543,-0.04214885,-0.41812944,0.11313905,-0.05327549,-0.49366054,0.074208274,-0.006304764,-0.43739733,0.008885219,0.031776745,-0.3872282,-0.0074785873,0.050522707
ㅋ,0.0,0.0,0.0,-0.14437819,0.064110026,-0.00845753,-0.2918994,0.18307084,-0.05457685,-0.41819963,0.22508195,-0.09739909,-0.51264375,0.17666341,-0.13156578,-0.23292734,0.35235128,-0.1357569,-0.22124171,0.6276607,-0.1660969,-0.19502302,0.5444137,-0.16901246,-0.1902793,0.4363156,-0.16391024,-0.12692596,0.36935705,-0.14851245,-0.09474857,0.68310475,-0.17083469,-0.079424255,0.8552123,-0.17411467,-0.066776365,0.9806125,-0.18422802,-0.028132554,0.35593942,-0.14741911,-0.026378369,0.5461211,-0.1334791,-0.038260255,0.47999492,-0.07872131,-0.04396871,0.39841342,-0.049201295,0.06363197,0.33417705,-0.14723691,0.040234055,0.4790813,-0.10942577,0.03742541,0.41829306,-0.037857957,0.042919893,0.34512624,0.008449282
ㅋ,0.0,0.0,0.0,-0.14578989,0.050869863,-0.018175907,-0.3003942,0.15942658,-0.06931557,-0.43269345,0.19447385,-0.1185035,-0.5258299,0.13948408,-0.16038094,-0.25159737,0.3273386,-0.124008946,-0.25841585,0.6003596,-0.16823295,-0.222824,0.5173959,-0.18772763,-0.21112753,0.41223255,-0.19133776,-0.14528571,0.34936196,-0.13790792,-0.13570744,0.66716105,-0.15839536,-0.12496569,0.84168595,-0.16615714,-0.12018344,0.9763864,-0.17951459,-0.04409341,0.34527105,-0.14323285,-0.054277185,0.54175,-0.13682488,-0.05567304,0.47351626,-0.09251062,-0.054590747,0.39224437,-0.067871526,0.049544115,0.33551136,-0.1504531,0.015101876,0.48567027,-0.1213916,0.019303566,0.42478704,-0.05591299,0.030236974,0.35164323,-0.012760722
ㅌ,0.0,0.0,0.0,-0.14567216,-0.23443441,0.09258648,-0.33306676,-0.26394567,0.12569635,-0.46027607,-0.21090296,0.15916744,-0.53866845,-0.13829373,0.18818374,-0.42596933,-0.3053299,-0.046896394,-0.6453391,-0.36509898,-0.062488146,-0.7869306,-0.40019473,-0.06989271,-0.8992024,-0.43112826,-0.0745883,-0.4382073,-0.12727945,-0.0745281,-0.6847355,-0.07201068,-0.0998722,-0.8295652,-0.028007029,-0.11239376,-0.9293393,-0.001405415,-0.12088193,-0.42627606,0.03650943,-0.07994608,-0.64842653,0.0670427,-0.08494266,-0.7798729,0.07664992,-0.091143236,-0.87849927,0.09306269,-0.09842741,-0.40305898,0.15736191,-0.070073314,-0.48238164,0.105876334,-0.032297954,-0.4346889,0.018675728,0.006500805,-0.3858853,-0.021823963,0.028398475
ㅅ,0.0,0.0,0.0,-0.1218749,0.12423257,-0.027778786,-0.15295444,0.33286828,-0.076613024,-0.10274508,0.4978658,-0.11444779,-0.043078035,0.60992646,-0.15082736,-0.1552508,0.32838455,-0.1910589,-0.17904055,0.61442393,-0.24498627,-0.19451483,0.7703858,-0.26193485,-0.20255402,0.8957642,-0.27117956,-0.048154056,0.30420646,-0.19893402,0.015237945,0.63971156,-0.25234777,0.062381476,0.823446,-0.2566277,0.10505912,0.95967656,-0.26073647,0.047724895,0.28923047,-0.19499645,0.06811606,0.5990639,-0.22632569,0.03045843,0.56082237,-0.18626536,0.00791619,0.48683402,-0.15562092,0.124759875,0.28516427,-0.19191489,0.11045218,0.52916235,-0.20321396,0.07691769,0.49936378,-0.164352,0.06496984,0.43700013,-0.13353637
ㅅ,0.0,0.0,0.0,-0.13808802,0.08741654,-0.018770434,-0.21178733,0.2821193,-0.06426796,-0.20699781,0.46877939,-0.10093395,-0.19731568,0.6038402,-0.13603681,-0.23785114,0.27665323,-0.18364453,-0.27786353,0.5715724,-0.23527165,-0.30241048,0.72154856,-0.2499202,-0.31833887,0.84007347,-0.25688717,-0.12636311,0.27220026,-0.19614938,-0.1063862,0.6290114,-0.24741922,-0.08225248,0.8254371,-0.24902697,-0.057459414,0.9656291,-0.253493,-0.026006402,0.28005695,-0.19632801,-0.037258957,0.6006334,-0.22062315,-0.06346747,0.55868953,-0.17533773,-0.08078763,0.4832741,-0.14604068,0.055819973,0.2958799,-0.1975785,0.020576485,0.5373015,-0.19990084,0.0012274384,0.5037423,-0.15622321,-0.003861982,0.4425143,-0.1249611
ㅅ,0.0,0.0,0.0,-0.1295191,0.10530456,-0.025290368,-0.18589132,0.3093428,-0.07173463,-0.16713284,0.4933439,-0.10655177,-0.14231987,0.62507236,-0.1388422,-0.18395446,0.2990061,-0.1923741,-0.20043549,0.5954157,-0.24393603,-0.21211354,0.7508992,-0.25729755,-0.21828528,0.8754198,-0.26380706,-0.07390609,0.28458,-0.19991137,-0.034288093,0.6427136,-0.2492464,-0.00016607609,0.83025634,-0.25095943,0.032821886,0.9662294,-0.25558454,0.024886942,0.28259328,-0.19442971,0.024706071,0.618761,-0.22183804,-0.009321952,0.57665026,-0.17952643,-0.026748374,0.4970854,-0.15014814,0.105048634,0.2933664,-0.18997587,0.08010785,0.54370207,-0.19939747,0.048993226,0.5166059,-0.16256753,0.038041994,0.45611015,-0.13464528
ㅌ,0.0,0.0,0.0,-0.07231464,-0.22497584,0.021630675,-0.2014173,-0.43848526,0.010822088,-0.26193088,-0.61673737,0.002364222,-0.25126612,-0.76528645,-0.013664752,-0.37719876,-0.38716626,-0.08099264,-0.5769111,-0.4624601,-0.10966018,-0.70817566,-0.5204179,-0.12480967,-0.80560285,-0.57641524,-0.13692927,-0.4012233,-0.23108391,-0.10837828,-0.6462058,-0.19158286,-0.12982064,-0.791775,-0.16307321,-0.12982064,-0.89739454,-0.16372398,-0.13156869,-0.39180747,-0.07813289,-0.12702383,-0.62285656,-0.059354138,-0.15930392,-0.7626063,-0.061050754,-0.17876521,-0.86201835,-0.07222448,-0.19542965,-0.3680573,0.062974095,-0.13739543,-0.46049154,0.028740926,-0.16116847,-0.40783903,-0.004001478,-0.15056382,-0.34679708,-0.021156026,-0.14450401
ㅌ,0.0,0.0,0.0,-0.036448266,-0.23000036,0.0059313863,-0.13133955,-0.44291896,-0.015272718,-0.16129221,-0.6300652,-0.031312026,-0.13016135,-0.7628711,-0.05478151,-0.2918002,-0.41470227,-0.10298169,-0.48697227,-0.53760093,-0.14081803,-0.610195,-0.62529653,-0.1605587,-0.69951963,-0.6935052,-0.1724031,-0.34044698,-0.26753515,-0.116251834,-0.59430957,-0.3118814,-0.1327024,-0.7309602,-0.3415597,-0.13116701,-0.821341,-0.38332653,-0.13204437,-0.36670423,-0.121005744,-0.120857984,-0.59017015,-0.18741465,-0.13357976,-0.7081909,-0.23711143,-0.14355978,-0.7826379,-0.272676,-0.15672024,-0.37652835,0.0053843856,-0.12041931,-0.45175168,-0.08755825,-0.12996064,-0.40101126,-0.11571589,-0.117129184,-0.3464826,-0.11137203,-0.10917807
ㅍ,0.0,0.0,0.0,-0.19143605,0.025097786,-0.09850331,-0.3718931,-0.12986217,-0.15112093,-0.35075912,-0.28417337,-0.20432684,-0.18992922,-0.28558642,-0.2572713,-0.322755,-0.5833737,-0.07137746,-0.34372002,-0.8677639,-0.17386743,-0.40444613,-0.8540861,-0.2665529,-0.4144573,-0.7146794,-0.31426826,-0.2003481,-0.6288956,-0.07405736,-0.2221686,-0.95956963,-0.17282163,-0.2779273,-0.9037962,-0.261716,-0.27458182,-0.7301579,-0.307209,-0.08454923,-0.6244464,-0.090202145,-0.09749585,-0.9389643,-0.16497801,-0.153468,-0.90918976,-0.23204094,-0.15477125,-0.7541389,-0.26367688,0.04559301,-0.58694094,-0.11621682,0.029571537,-0.84197867,-0.16994563,-0.02001887,-0.86568975,-0.2100788,-0.04343455,-0.7860014,-0.23243316
ㅌ,0.0,0.0,0.0,-0.059659354,-0.21880202,0.009108234,-0.15984064,-0.44615772,-0.009239683,-0.21077536,-0.6136225,-0.020171221,-0.19290599,-0.75262177,-0.036412753,-0.28788596,-0.412398,-0.12549059,-0.48030353,-0.53655475,-0.16352744,-0.60766006,-0.6176541,-0.17837375,-0.7016947,-0.6874583,-0.18715149,-0.31012332,-0.25878033,-0.14998156,-0.5827256,-0.28281286,-0.19701289,-0.74469733,-0.29188517,-0.20687431,-0.8582477,-0.3163448,-0.21045043,-0.31519905,-0.107811585,-0.16233543,-0.57401514,-0.1307582,-0.21337633,-0.7113852,-0.1553671,-0.22822267,-0.8082552,-0.18450813,-0.23450795,-0.31188306,0.027791677,-0.1656948,-0.45439336,-0.037015304,-0.18996903,-0.41423205,-0.067963384,-0.16775377,-0.35941127,-0.08131138,-0.15106522
ㅍ,0.0,0.0,0.0,-0.21581353,0.069032066,-0.0721866,-0.41948193,-0.06738291,-0.11950608,-0.48975044,-0.19443399,-0.17480151,-0.34598923,-0.22055177,-0.23633027,-0.39987868,-0.5034271,-0.09128865,-0.464743,-0.78698444,-0.18860863,-0.5739704,-0.7607323,-0.27801964,-0.6064187,-0.63635427,-0.33137137,-0.30252647,-0.5602386,-0.11246848,-0.38117832,-0.8983048,-0.21246943,-0.4806204,-0.823918,-0.3002719,-0.47585016,-0.64192057,-0.3498702,-0.18879636,-0.57141197,-0.14075293,-0.25489876,-0.90395886,-0.2093863,-0.3519406,-0.8368447,-0.2638104,-0.34997243,-0.6648576,-0.2911565,-0.059280135,-0.552632,-0.17788465,-0.12004896,-0.82672477,-0.2380729,-0.20069763,-0.8122435,-0.27828777,-0.21775617,-0.6868642,-0.30188048
ㅌ,0.0,0.0,0.0,-0.06421477,-0.21308336,0.014324072,-0.17208923,-0.42480317,-0.00046337722,-0.23217858,-0.58826387,-0.00941675,-0.21827607,-0.73078746,-0.02436984,-0.31650847,-0.39577487,-0.11293063,-0.5232834,-0.49878082,-0.14841634,-0.6560485,-0.5724333,-0.16002172,-0.751541,-0.6385337,-0.1657128,-0.33781588,-0.24209297,-0.13948911,-0.6103203,-0.23994468,-0.17787616,-0.76911104,-0.22948655,-0.17865728,-0.87739563,-0.23764867,-0.17586753,-0.33490068,-0.09196362,-0.15555811,-0.58939326,-0.088119246,-0.20276079,-0.7254365,-0.098007865,-0.21670955,-0.81977695,-0.119898096,-0.22251226,-0.31876677,0.047706082,-0.1624767,-0.458113,0.011563129,-0.18379045,-0.4181402,-0.013622616,-0.16057965,-0.35989523,-0.028791081,-0.14328319
ㅌ,0.0,0.0,0.0,-0.06723193,-0.2187097,0.009981093,-0.1763239,-0.43306682,-0.0077495915,-0.23654196,-0.59521645,-0.017574,-0.22383788,-0.7339871,-0.03313905,-0.30616927,-0.4037632,-0.13090189,-0.51157933,-0.50344825,-0.17138201,-0.64514655,-0.5754309,-0.18843208,-0.7432457,-0.6388079,-0.19877212,-0.3241665,-0.24547069,-0.15510197,-0.60179216,-0.24269062,-0.19943212,-0.76674783,-0.22769338,-0.20592213,-0.8812456,-0.23318084,-0.20823215,-0.322347,-0.09239611,-0.16731201,-0.5835263,-0.093654536,-0.21538216,-0.7269321,-0.10318085,-0.23034221,-0.8272588,-0.12263288,-0.23782226,-0.30980107,0.044573907,-0.17072201,-0.4544088,0.008019762,-0.1927221,-0.4188184,-0.02296023,-0.17193203,-0.36544675,-0.04334908,-0.15730198
ㅍ,0.0,0.0,0.0,-0.19926943,0.0037769217,-0.10026225,-0.37129268,-0.17425779,-0.14497261,-0.34455353,-0.33371723,-0.18949053,-0.18435729,-0.32221937,-0.2345216,-0.28977126,-0.60904455,-0.052665267,-0.29410347,-0.8786714,-0.1408672,-0.35640508,-0.90576744,-0.22926158,-0.38027614,-0.7889944,-0.2776283,-0.16783811,-0.6454969,-0.049586225,-0.17206812,-0.9599727,-0.13547887,-0.22713315,-0.9457446,-0.2287484,-0.23591797,-0.7844352,-0.28096396,-0.05566283,-0.6324629,-0.05988179,-0.053771373,-0.9242789,-0.12861516,-0.1071561,-0.9393666,-0.21014582,-0.11741133,-0.79480577,-0.25376567,0.07168978,-0.58424586,-0.07967111,0.06617169,-0.825958,-0.13393934,0.024308126,-0.8791607,-0.18538511,-0.0017638727,-0.81253016,-0.21681708
ㅍ,0.0,0.0,0.0,-0.1943554,0.027484844,-0.095002785,-0.3781948,-0.11117719,-0.15114342,-0.3905743,-0.26248005,-0.209827,-0.23927711,-0.2932839,-0.26890177,-0.32802832,-0.57085055,-0.07785415,-0.34971336,-0.868614,-0.18491906,-0.4232802,-0.8591101,-0.28116012,-0.4449807,-0.72100353,-0.3320192,-0.20766011,-0.61373955,-0.08483098,-0.23389469,-0.95348924,-0.19013537,-0.301556,-0.88626707,-0.28037766,-0.30451342,-0.70640135,-0.32654208,-0.09290361,-0.6107825,-0.10413135,-0.11324327,-0.93762106,-0.18191968,-0.17910662,-0.8942301,-0.24360265,-0.18422823,-0.72713894,-0.27098832,0.036893327,-0.5766569,-0.13366875,0.018927364,-0.83744305,-0.193526,-0.038167667,-0.85720724,-0.23421328,-0.064517125,-0.7653224,-0.25533935
ㅌ,0.0,0.0,0.0,-0.06585449,-0.21029286,0.007554222,-0.17786634,-0.4282661,-0.011754054,-0.24133553,-0.58869517,-0.023963697,-0.22699273,-0.73185086,-0.04185918,-0.30404186,-0.40234038,-0.12499279,-0.51350385,-0.51023954,-0.16189182,-0.6467291,-0.58035105,-0.17474554,-0.74269074,-0.6443792,-0.18216968,-0.31731707,-0.24592844,-0.15291639,-0.60513514,-0.24668154,-0.19635308,-0.77154166,-0.2374797,-0.2024475,-0.88767916,-0.25203863,-0.20344478,-0.3130795,-0.09260607,-0.1697592,-0.58575666,-0.09669072,-0.21962273,-0.7342615,-0.11397051,-0.23469263,-0.8401424,-0.14789248,-0.24222754,-0.30002698,0.051225714,-0.17806977,-0.4558957,0.012625144,-0.20311238,-0.4227617,-0.016012536,-0.18050754,-0.36797735,-0.039471388,-0.16388638
ㅍ,0.0,0.0,0.0,-0.20076808,0.070838064,-0.096999854,-0.40235367,-0.040882528,-0.16685978,-0.46273527,-0.14349768,-0.23944658,-0.3276883,-0.18127412,-0.31839603,-0.3922263,-0.47482118,-0.14309703,-0.45411155,-0.7768838,-0.2635989,-0.5566116,-0.7445653,-0.36851862,-0.5892692,-0.60893357,-0.42954865,-0.27126846,-0.53193575,-0.15919854,-0.34141484,-0.89174193,-0.2825572,-0.4312768,-0.7932539,-0.37968585,-0.4257007,-0.5995892,-0.4324054,-0.14544159,-0.5436748,-0.18335088,-0.19952907,-0.89202756,-0.27320787,-0.2934943,-0.816034,-0.33969164,-0.29322836,-0.63161844,-0.37215444,-0.008388458,-0.52601856,-0.21685246,-0.06125512,-0.80001664,-0.2900885,-0.13402212,-0.78538436,-0.33683494,-0.14514479,-0.65986764,-0.36462307
ㅇ,0.0,0.0,0.0,-0.13868932,-0.09129345,-0.0040056612,-0.2422931,-0.21913676,-0.016145233,-0.33311662,-0.30864784,-0.042554565,-0.35897732,-0.4271884,-0.065376215,-0.13218586,-0.4680538,0.045542978,-0.23038031,-0.5748879,-0.024541408,-0.30242914,-0.53966326,-0.08969273,-0.34861043,-0.46809503,-0.120387346,-0.09410114,-0.52261144,0.008127682,-0.145524,-0.7379274,-0.026634222,-0.22503218,-0.8557502,-0.061190583,-0.30072787,-0.93587774,-0.08321497,-0.042992722,-0.53017044,-0.044074345,-0.07069554,-0.75217843,-0.07848122,-0.12825426,-0.8829051,-0.10010697,-0.18979649,-0.9755265,-0.1110195,0.0047472874,-0.5016784,-0.10095406,0.010504116,-0.6888902,-0.12527058,0.00467414,-0.82737374,-0.12776202,-0.011638467,-0.94021595,-0.12696476
ㅇ,0.0,0.0,0.0,-0.13364814,-0.102825135,0.0127268415,-0.22213809,-0.23555018,0.009769425,-0.2996391,-0.3236025,-0.011166135,-0.3414308,-0.43581328,-0.027988365,-0.09852911,-0.48025614,0.07225639,-0.19875371,-0.5960063,0.01293589,-0.27533016,-0.5502606,-0.045007348,-0.32766843,-0.47975105,-0.07329034,-0.0727078,-0.5203339,0.026634693,-0.1225667,-0.7347056,-0.0017958578,-0.19669208,-0.85154665,-0.035169784,-0.26957253,-0.9247303,-0.05814049,-0.037078302,-0.5150213,-0.033792526,-0.06629646,-0.7421583,-0.06478084,-0.11754792,-0.8810646,-0.09148982,-0.17305063,-0.97901523,-0.10762342,-0.009806122,-0.4799068,-0.097490735,-0.022186907,-0.6663722,-0.119920366,-0.034208268,-0.8017061,-0.12720017,-0.05242002,-0.9077717,-0.13172545
ㅍ,0.0,0.0,0.0,-0.163393,0.020154128,-0.14256227,-0.3278596,-0.11963507,-0.2224988,-0.27948275,-0.2700925,-0.29810756,-0.11748788,-0.29084605,-0.37269798,-0.2614945,-0.58293205,-0.11373167,-0.24525805,-0.87816906,-0.23446383,-0.26416776,-0.87947035,-0.33680296,-0.26564464,-0.7434032,-0.39051825,-0.12813102,-0.61880475,-0.101893924,-0.1192842,-0.96657294,-0.22695386,-0.12764332,-0.8866167,-0.33960328,-0.12793384,-0.70526546,-0.39891925,-0.009183507,-0.61703,-0.10577619,0.0023249353,-0.9403993,-0.20060535,-0.0072285007,-0.89781964,-0.28767,-0.0048185317,-0.7316074,-0.330184,0.116554424,-0.5794354,-0.12200535,0.11597019,-0.8383719,-0.17960294,0.09926561,-0.86309355,-0.22733574,0.092580944,-0.7792552,-0.2569937
ㅇ,0.0,0.0,0.0,-0.13584474,-0.07976284,-0.028473483,-0.25210422,-0.22007895,-0.045473248,-0.34051058,-0.3327222,-0.07036842,-0.35780963,-0.4466804,-0.09094578,-0.15180957,-0.47213197,0.01671531,-0.23557286,-0.58232504,-0.04885347,-0.29598844,-0.5531994,-0.10629246,-0.33625415,-0.48666036,-0.13363026,-0.09300075,-0.53275234,-0.0054102964,-0.14313264,-0.730772,-0.04076069,-0.21311918,-0.84934783,-0.07372396,-0.284047,-0.9473114,-0.0953376,-0.02266773,-0.54593265,-0.042635847,-0.050260525,-0.75786465,-0.08443208,-0.104702905,-0.8821291,-0.11408915,-0.16547237,-0.9776247,-0.12987995,0.050417326,-0.5210561,-0.085320316,0.074142374,-0.700924,-0.12168847,0.0897968,-0.83786315,-0.13609757,0.09293803,-0.96011025,-0.14290735
ㅍ,0.0,0.0,0.0,-0.1876208,0.057842672,-0.11416523,-0.37555274,-0.056747023,-0.19604068,-0.4061412,-0.17387979,-0.2783005,-0.2598623,-0.21070221,-0.3654293,-0.34830883,-0.52163255,-0.14606975,-0.37726846,-0.82252914,-0.27215022,-0.4685666,-0.79603463,-0.3831113,-0.49706137,-0.6476141,-0.4451265,-0.23016183,-0.5612144,-0.15350133,-0.26741728,-0.9194969,-0.27727547,-0.35144594,-0.8323945,-0.38106123,-0.35629478,-0.64507407,-0.43923253,-0.112028725,-0.5616593,-0.17092709,-0.14086467,-0.90487725,-0.25818402,-0.22379093,-0.84154654,-0.32699013,-0.22586517,-0.6611889,-0.3628667,0.019582476,-0.5345278,-0.1995002,-0.008536852,-0.8149121,-0.26676875,-0.07573808,-0.80946386,-0.3126395,-0.09518751,-0.6824505,-0.34082824
ㅍ,0.0,0.0,0.0,-0.17427096,0.074991904,-0.20878202,-0.3491897,-0.010459887,-0.33531633,-0.29403076,-0.09798665,-0.4487105,-0.12836261,-0.14279483,-0.56113136,-0.26370332,-0.53748566,-0.21170203,-0.2361908,-0.8368124,-0.39128342,-0.23118563,-0.79770696,-0.5221978,-0.24084711,-0.6247737,-0.5859516,-0.10543866,-0.5752066,-0.18128514,-0.084932335,-0.92313415,-0.37497994,-0.049754504,-0.7734694,-0.5080843,-0.060138416,-0.5598242,-0.56502473,0.029335521,-0.5766276,-0.17216006,0.056944296,-0.8889315,-0.33117965,0.0860389,-0.7758114,-0.42802703,0.07632427,-0.5705051,-0.45868728,0.15698138,-0.5408682,-0.1776351,0.18386418,-0.7952041,-0.2756992,0.20011242,-0.7516831,-0.32606962,0.19337249,-0.6051875,-0.34602305
ㅍ,0.0,0.0,0.0,-0.19408172,0.08232886,-0.12346027,-0.39153576,0.0013587537,-0.21521088,-0.45011747,-0.09260621,-0.30791655,-0.31177709,-0.14869344,-0.40851748,-0.38463616,-0.46524954,-0.16987677,-0.43535256,-0.7553142,-0.29874784,-0.53337836,-0.73899573,-0.41157374,-0.5665282,-0.60413355,-0.47702807,-0.2635891,-0.52125853,-0.17955485,-0.32850128,-0.8807917,-0.3071525,-0.4131298,-0.79559,-0.41641274,-0.41395393,-0.605975,-0.47932026,-0.14118749,-0.5316312,-0.19801956,-0.19472753,-0.8672998,-0.29059792,-0.27820835,-0.7990033,-0.36751306,-0.2708334,-0.6136374,-0.41004562,-0.004738496,-0.5120189,-0.22781782,-0.04829978,-0.7901835,-0.3000213,-0.11450071,-0.7688364,-0.3491757,-0.118380144,-0.62527245,-0.38050205
ㅍ,0.0,0.0,0.0,-0.18523271,0.0029047455,-0.10138249,-0.36415908,-0.19415987,-0.14586194,-0.4060158,-0.3748489,-0.19259433,-0.2710554,-0.3690929,-0.23610824,-0.2560279,-0.6238503,-0.054296058,-0.24580468,-0.8985038,-0.15139773,-0.2859121,-0.91161585,-0.23018621,-0.2921892,-0.7758663,-0.26571828,-0.12182045,-0.6519221,-0.05323396,-0.085435405,-0.98581755,-0.1444458,-0.12981063,-0.9195758,-0.21203397,-0.14245602,-0.7429382,-0.23816805,-0.0074156295,-0.63379353,-0.06797462,0.027601872,-0.9359538,-0.14084111,-0.017173309,-0.8888903,-0.18255265,-0.031553514,-0.7252776,-0.1918219,0.114641115,-0.58143246,-0.09488114,0.130736,-0.8200882,-0.1450895,0.09649859,-0.81652164,-0.16942124,0.07590492,-0.7120831,-0.17624442
ㅍ,0.0,0.0,0.0,-0.1597449,0.054566864,-0.17831431,-0.34378275,-0.06062579,-0.28205362,-0.31509203,-0.18097183,-0.37656343,-0.16085662,-0.21361013,-0.47181168,-0.2969203,-0.52589864,-0.173515,-0.2958008,-0.8171416,-0.3162642,-0.33024246,-0.8372275,-0.43587825,-0.337769,-0.70632166,-0.501346,-0.15535942,-0.5762421,-0.15468687,-0.16048045,-0.92445743,-0.30371216,-0.17552993,-0.866736,-0.4368627,-0.17421001,-0.68299943,-0.51242137,-0.028440386,-0.5791924,-0.1530871,-0.031066699,-0.9084411,-0.27319333,-0.040152673,-0.8740045,-0.38296258,-0.02930268,-0.6923221,-0.44080064,0.10468909,-0.5487685,-0.16576225,0.094426624,-0.8128361,-0.25116566,0.08166942,-0.81981665,-0.31970987,0.08637317,-0.7035881,-0.36376524
ㅍ,0.0,0.0,0.0,-0.18111996,0.0015924413,-0.09738881,-0.35959142,-0.19826095,-0.13868572,-0.39660352,-0.37827766,-0.18268429,-0.25738403,-0.37014174,-0.22295196,-0.25134674,-0.62712604,-0.047986913,-0.24278812,-0.90422976,-0.14524691,-0.28504437,-0.9096761,-0.22475307,-0.29000708,-0.7669261,-0.25987476,-0.11585995,-0.65624243,-0.047697455,-0.08064129,-0.9871739,-0.13778517,-0.12611742,-0.91844463,-0.20429762,-0.13754028,-0.7406384,-0.2291272,-0.0019658976,-0.6383542,-0.06336068,0.03267415,-0.93679774,-0.13379699,-0.011875978,-0.8876449,-0.17277817,-0.025063356,-0.72793293,-0.18011126,0.11964124,-0.58683443,-0.09089194,0.13672769,-0.82605183,-0.13778517,0.103390895,-0.822637,-0.15862657,0.0825933,-0.7226512,-0.16261475
ㅍ,0.0,0.0,0.0,-0.18713152,0.01145907,-0.10749466,-0.37205043,-0.17360944,-0.15400487,-0.40718174,-0.35265937,-0.20186597,-0.26668644,-0.34986898,-0.24612464,-0.27446154,-0.6151453,-0.054165535,-0.27100512,-0.9054138,-0.15683536,-0.2935874,-0.90858895,-0.23930573,-0.28885555,-0.7662694,-0.2768741,-0.13258143,-0.6489398,-0.05027361,-0.104875244,-0.9830268,-0.15053105,-0.12667543,-0.9046963,-0.22270873,-0.1342479,-0.72666657,-0.2506277,-0.012396264,-0.63705534,-0.063621975,0.01808587,-0.93904644,-0.14165361,-0.0062836306,-0.88602746,-0.18694153,-0.018031068,-0.72695947,-0.19787756,0.114536956,-0.5906251,-0.08941808,0.12912643,-0.8303287,-0.13702188,0.10668177,-0.82898086,-0.16082378,0.08696531,-0.73144215,-0.16841467
ㅍ,0.0,0.0,0.0,-0.18477863,0.0059160423,-0.10178865,-0.36517793,-0.18279795,-0.14749739,-0.40332547,-0.3631383,-0.19563882,-0.26959732,-0.3668844,-0.24045126,-0.26174942,-0.6195787,-0.052174836,-0.2577233,-0.89637756,-0.15249078,-0.29747963,-0.9092392,-0.23328127,-0.300878,-0.7683323,-0.2688752,-0.12564486,-0.6503279,-0.050990496,-0.09338845,-0.98485357,-0.146089,-0.13502602,-0.92208487,-0.21484415,-0.14673585,-0.7439965,-0.24019523,-0.01183556,-0.63352877,-0.06613072,0.022240665,-0.9312773,-0.14045542,-0.01900244,-0.8907933,-0.18142685,-0.032572534,-0.7335741,-0.18872486,0.10920296,-0.58255434,-0.09346633,0.12275335,-0.8203651,-0.142504,0.09085317,-0.8242615,-0.16542238,0.06995304,-0.7278567,-0.17028774
ㅍ,0.0,0.0,0.0,-0.191271,0.00884249,-0.10940323,-0.3771428,-0.1839716,-0.15658283,-0.40670618,-0.36977178,-0.20472266,-0.26166707,-0.35969543,-0.24902157,-0.26815346,-0.6221509,-0.05255726,-0.2575727,-0.90060437,-0.15222977,-0.29719305,-0.91307366,-0.23391382,-0.30169415,-0.7741408,-0.271171,-0.12833387,-0.6532361,-0.04775608,-0.093992926,-0.98477787,-0.14621228,-0.13649108,-0.9196066,-0.22021447,-0.14831822,-0.740512,-0.24889353,-0.011908521,-0.6376081,-0.059951082,0.023631161,-0.93499863,-0.13660993,-0.017751241,-0.89293003,-0.18321338,-0.031903688,-0.7350891,-0.19435214,0.111791015,-0.5872556,-0.084821194,0.12544419,-0.8226136,-0.13315307,0.09552554,-0.8273524,-0.15914346,0.07536007,-0.73476624,-0.16733748
ㅍ,0.0,0.0,0.0,-0.19074844,0.012384396,-0.105203845,-0.37618226,-0.1871761,-0.14904405,-0.40824568,-0.3736515,-0.19500244,-0.26546684,-0.36240312,-0.23710956,-0.2659263,-0.6193671,-0.04830147,-0.26280692,-0.8963598,-0.14917243,-0.3007052,-0.9047588,-0.23133264,-0.3028458,-0.75867283,-0.268048,-0.12921007,-0.6524658,-0.045541402,-0.10112534,-0.9844853,-0.14339553,-0.13863721,-0.91582847,-0.21451548,-0.14681573,-0.73463196,-0.24057567,-0.013995517,-0.63860446,-0.060144097,0.013997488,-0.937669,-0.13659163,-0.023645543,-0.89053404,-0.17934063,-0.033614125,-0.72855526,-0.18742827,0.107720226,-0.59077233,-0.08735968,0.118526325,-0.82798016,-0.13646325,0.08923391,-0.8275788,-0.16046944,0.07123176,-0.72796386,-0.1665031
ㅍ,0.0,0.0,0.0,-0.18688135,0.012276982,-0.10482868,-0.37293577,-0.18334949,-0.1492039,-0.4103205,-0.36772355,-0.19537987,-0.26740298,-0.3634277,-0.2376971,-0.26947322,-0.61928546,-0.050131373,-0.266353,-0.89706063,-0.14907527,-0.30223382,-0.9069174,-0.2295938,-0.30185187,-0.76391417,-0.2657371,-0.13133778,-0.65367866,-0.047269493,-0.100969724,-0.98449844,-0.14341582,-0.1401246,-0.9149888,-0.21467341,-0.149943,-0.73335177,-0.24181306,-0.015577037,-0.640286,-0.061225183,0.0152928205,-0.9404985,-0.13647012,-0.024036318,-0.89601666,-0.18135986,-0.035225473,-0.73496425,-0.19164976,0.10785836,-0.5927167,-0.087528765,0.11847268,-0.8311143,-0.13595563,0.08828424,-0.8322809,-0.16078004,0.068462245,-0.7341297,-0.16798298
ㅍ,0.0,0.0,0.0,-0.18717992,0.010686174,-0.108610384,-0.36991194,-0.17990406,-0.15565334,-0.40586597,-0.36810783,-0.20359604,-0.26902997,-0.36821595,-0.24806836,-0.26834443,-0.6171037,-0.054594528,-0.2667988,-0.8919793,-0.15475363,-0.30057535,-0.9099368,-0.23637187,-0.30058375,-0.7759259,-0.27351782,-0.13024917,-0.6513349,-0.05016015,-0.101669915,-0.98381424,-0.1475558,-0.13780507,-0.9147683,-0.21914849,-0.14760882,-0.73654735,-0.24639742,-0.014832245,-0.63760084,-0.06259568,0.015594454,-0.935427,-0.13984384,-0.020754473,-0.8913906,-0.18508734,-0.03252647,-0.7323805,-0.19549848,0.108420864,-0.5892086,-0.08746676,0.12023142,-0.82806784,-0.1374017,0.0910237,-0.8306542,-0.1629797,0.07165455,-0.73319465,-0.17056313
ㅈ,0.0,0.0,0.0,-0.13892844,0.06726419,-0.04242826,-0.29728675,0.2190013,-0.10478258,-0.425517,0.30149373,-0.15681213,-0.5483178,0.3160653,-0.20866138,-0.21495302,0.2836858,-0.21136655,-0.24712443,0.57450014,-0.27611044,-0.2700491,0.7293962,-0.30153912,-0.27929658,0.8580834,-0.31777018,-0.113235034,0.2704375,-0.2203838,-0.07523251,0.62191564,-0.28909528,-0.042493064,0.8150935,-0.29666978,-0.011369994,0.9527563,-0.3035229,-0.00985861,0.26277736,-0.21785897,0.009693894,0.5653446,-0.2611418,-0.009333253,0.49936154,-0.21010414,-0.024586488,0.39843535,-0.172412,0.08465236,0.26313248,-0.21767862,0.0777633,0.5114165,-0.23264727,0.06228355,0.45765373,-0.182331,0.054723017,0.3684559,-0.14490937
ㅈ,0.0,0.0,0.0,-0.14350523,0.061435778,-0.04721832,-0.31911013,0.20014885,-0.107764,-0.45360234,0.276749,-0.1581394,-0.5774752,0.29202348,-0.20669709,-0.24765188,0.24400856,-0.20133065,-0.28583768,0.5362301,-0.27126762,-0.30525112,0.6944839,-0.30052343,-0.31122217,0.82771426,-0.31696904,-0.1466443,0.23333311,-0.21085177,-0.14331196,0.5900961,-0.28338543,-0.13282657,0.7949768,-0.2953301,-0.11684271,0.9453728,-0.3043319,-0.042351477,0.2331897,-0.21102487,-0.044451185,0.5390042,-0.2627852,-0.04992991,0.46492797,-0.21691068,-0.054939978,0.3555505,-0.18021107,0.052603927,0.24579957,-0.21379468,0.03956141,0.49626282,-0.23699158,0.033794153,0.4369536,-0.19129018,0.030911162,0.34065393,-0.15528303
ㅈ,0.0,0.0,0.0,-0.1584363,0.035834078,-0.045654733,-0.35036093,0.14813405,-0.103785686,-0.4867114,0.21338055,-0.15238193,-0.61485225,0.20756732,-0.1986055,-0.29883364,0.18400496,-0.20704171,-0.36784896,0.4705896,-0.28507692,-0.4020914,0.6260985,-0.32251272,-0.42988607,0.7635506,-0.34623966,-0.19411966,0.17815053,-0.21934457,-0.22475374,0.5609529,-0.2994888,-0.22247522,0.76725316,-0.3167128,-0.21630208,0.9183972,-0.33130047,-0.08451946,0.1946047,-0.22215663,-0.108054705,0.5098426,-0.27628917,-0.09461639,0.44606096,-0.23410797,-0.08948623,0.3345271,-0.20335086,0.0064196964,0.22112907,-0.22813232,-0.01870935,0.48979405,-0.25730762,-0.015430484,0.4360997,-0.21864153,-0.012628131,0.32666957,-0.1891147
ㅈ,0.0,0.0,0.0,-0.12478587,0.105071835,-0.05153806,-0.25283128,0.30404398,-0.11481088,-0.3587896,0.441996,-0.16440545,-0.4707628,0.513646,-0.21249986,-0.1528714,0.32964322,-0.21638268,-0.13086005,0.6313944,-0.27780235,-0.11863201,0.7882885,-0.29704008,-0.09891881,0.915451,-0.30762967,-0.048419826,0.29585272,-0.21761814,0.02696735,0.63786715,-0.2808027,0.08805394,0.818436,-0.2845091,0.14362587,0.9466256,-0.28856838,0.05091119,0.26620752,-0.20826401,0.091429584,0.57166433,-0.25291678,0.062704965,0.5126901,-0.20438117,0.03960003,0.41988787,-0.16669987,0.14150709,0.24456847,-0.2010278,0.15501373,0.4912217,-0.22097152,0.13060527,0.4499334,-0.17649524,0.11612637,0.3735084,-0.14181432
ㅎ,0.0,0.0,0.0,-0.10469367,-0.27188328,-0.0723439,-0.15255763,-0.5491902,-0.109722205,-0.16523926,-0.7610603,-0.13953714,-0.17984393,-0.9708418,-0.15850031,-0.021334069,-0.49935085,-0.12747963,-0.31822073,-0.4072103,-0.21549949,-0.26485187,-0.32143205,-0.26066035,-0.16806206,-0.3468001,-0.29705212,0.028110849,-0.31632245,-0.13734487,-0.31165352,-0.23519266,-0.22065133,-0.23598398,-0.19197892,-0.24114907,-0.15344469,-0.2108255,-0.27184093,0.04118629,-0.13260576,-0.15477346,-0.27618727,-0.06300017,-0.22821465,-0.20844993,-0.03591061,-0.21867828,-0.13287465,-0.06510812,-0.221309,0.025578415,0.025108973,-0.1814096,-0.21184118,0.07739636,-0.23873757,-0.16535223,0.07808614,-0.24947973,-0.07868199,0.05134004,-0.26394874
ㅎ,0.0,0.0,0.0,-0.10269131,-0.27236253,-0.06445959,-0.1579118,-0.54628825,-0.099202126,-0.1742895,-0.7609505,-0.12817207,-0.19133638,-0.9704239,-0.1472003,-0.04358114,-0.50834364,-0.11363365,-0.33760777,-0.41806412,-0.19573297,-0.28192773,-0.33174613,-0.23881371,-0.18359886,-0.35600606,-0.27409077,0.002778514,-0.3283218,-0.12603407,-0.33098716,-0.25026208,-0.20278837,-0.25231034,-0.20760368,-0.2232063,-0.16918214,-0.2248651,-0.25442117,0.017150298,-0.147296,-0.14559679,-0.29564646,-0.08062529,-0.21230249,-0.22264683,-0.051416766,-0.20375046,-0.14718592,-0.07777322,-0.20845409,0.004315509,0.0078053502,-0.17371152,-0.2301255,0.056681752,-0.22513053,-0.18018466,0.059513845,-0.23475152,-0.09353156,0.0353229,-0.24928994
ㅎ,0.0,0.0,0.0,-0.08385425,-0.27902582,-0.07575686,-0.13196605,-0.56660265,-0.1220728,-0.14413595,-0.76875734,-0.16105732,-0.16462775,-0.9677391,-0.19073209,-0.0020790517,-0.42121747,-0.1565188,-0.2911195,-0.4390227,-0.24833609,-0.26077488,-0.35347715,-0.29418656,-0.17209005,-0.3420879,-0.32700336,0.025041228,-0.20016764,-0.16920333,-0.3165315,-0.25876555,-0.23995733,-0.2533077,-0.19488768,-0.24344848,-0.15631059,-0.17648076,-0.2655591,0.011939321,-0.010140112,-0.18921928,-0.30047432,-0.07076837,-0.2478706,-0.23602241,-0.01973431,-0.21586838,-0.15233961,-0.014147548,-0.20946793,-0.026265437,0.14341171,-0.21901044,-0.25968283,0.09402286,-0.2513618,-0.2075402,0.11540108,-0.23250954,-0.11727449,0.12441019,-0.23320775
ㅎ,0.0,0.0,0.0,-0.09646805,-0.2774741,-0.06772131,-0.14701205,-0.5529393,-0.103770696,-0.16201696,-0.7639331,-0.13358392,-0.18113469,-0.97145754,-0.15316765,-0.030533941,-0.50926155,-0.11837644,-0.3280403,-0.41435534,-0.20524506,-0.2718738,-0.33323097,-0.2509769,-0.17323239,-0.3607128,-0.2877374,0.019018196,-0.32441083,-0.13019232,-0.3178635,-0.23960045,-0.21093418,-0.24105571,-0.20183569,-0.232159,-0.15789436,-0.22422607,-0.26388684,0.033734996,-0.13924053,-0.14966665,-0.28010532,-0.06701267,-0.22012432,-0.21144226,-0.043397542,-0.211153,-0.13487932,-0.07693038,-0.21498223,0.021476164,0.019572401,-0.17811228,-0.21351662,0.07074434,-0.23281543,-0.16635044,0.07009581,-0.24309964,-0.077370495,0.039995607,-0.25776008
ㅎ,0.0,0.0,0.0,-0.06926967,-0.2384261,-0.08440794,-0.18744293,-0.5118934,-0.1631179,-0.24403566,-0.7249006,-0.22325699,-0.24942683,-0.9303273,-0.26884466,-0.12495196,-0.36285502,-0.26538488,-0.43755382,-0.38412338,-0.37853998,-0.38436252,-0.38466427,-0.41293427,-0.2738627,-0.3789625,-0.4172081,-0.11407419,-0.1475649,-0.26172158,-0.47112533,-0.16638765,-0.35330397,-0.38263562,-0.18417586,-0.33234176,-0.25698373,-0.16731353,-0.31585693,-0.13465303,0.045702986,-0.25765124,-0.45549706,0.012709449,-0.30649516,-0.36649996,-0.016741253,-0.23791017,-0.25628334,0.0021597284,-0.19435768,-0.16452035,0.2011424,-0.26050046,-0.412071,0.15025233,-0.26803058,-0.3442519,0.11942208,-0.21389523,-0.2439077,0.13119143,-0.18214668
ㅎ,0.0,0.0,0.0,-0.100244395,-0.27662912,-0.06392206,-0.15828201,-0.55155766,-0.099659525,-0.17802069,-0.7632728,-0.12954709,-0.1956366,-0.96935475,-0.14858581,-0.047054354,-0.51636547,-0.11497559,-0.34401312,-0.4233607,-0.19878842,-0.28796598,-0.33866093,-0.24101393,-0.19028212,-0.36370847,-0.2741987,-0.0006913002,-0.33425882,-0.12741986,-0.33696932,-0.2536266,-0.20495737,-0.25905308,-0.21348232,-0.22271974,-0.17620955,-0.2347656,-0.25122464,0.013592013,-0.15164433,-0.14730947,-0.30062675,-0.0832684,-0.21442355,-0.23060806,-0.05651395,-0.20283015,-0.15625677,-0.08578056,-0.20453194,0.0015284788,0.0037650014,-0.17560163,-0.23473002,0.053178735,-0.22633605,-0.18632361,0.05357744,-0.23378134,-0.09936117,0.024453046,-0.24590653
ㅎ,0.0,0.0,0.0,-0.095298395,-0.2861306,-0.06278247,-0.14486763,-0.5602163,-0.097939156,-0.15079725,-0.7690722,-0.12816633,-0.1614594,-0.9756209,-0.14864281,-0.038557395,-0.51387155,-0.10920664,-0.3340058,-0.43301672,-0.19349602,-0.2818637,-0.3488201,-0.23899929,-0.18381391,-0.36932415,-0.27475184,0.004629923,-0.32868114,-0.12253259,-0.33073077,-0.25852475,-0.20010485,-0.2551179,-0.21636517,-0.2220981,-0.17192756,-0.23446783,-0.25416705,0.014857293,-0.14569223,-0.14322574,-0.29881722,-0.08434667,-0.21007222,-0.22910778,-0.058899213,-0.20118824,-0.15274456,-0.091062516,-0.20519687,-0.00086109806,0.010104651,-0.17247786,-0.24037991,0.052909166,-0.22253144,-0.19359402,0.052553177,-0.2305487,-0.10594126,0.023030404,-0.24354963
ㅎ,0.0,0.0,0.0,-0.10146423,-0.28783372,-0.07168638,-0.1490157,-0.56448215,-0.11392984,-0.14025362,-0.7685765,-0.14919685,-0.13714556,-0.97537833,-0.17270815,-0.031202795,-0.4949484,-0.13128868,-0.33470297,-0.43397784,-0.22434519,-0.2803808,-0.35013533,-0.2702692,-0.17641416,-0.36050966,-0.3034487,0.013692581,-0.3040421,-0.14183582,-0.33499083,-0.26004496,-0.21665457,-0.2593201,-0.21926142,-0.22610304,-0.1687217,-0.23032443,-0.2504933,0.022296164,-0.12042988,-0.16172156,-0.30436805,-0.08903178,-0.22720169,-0.23585562,-0.060303807,-0.20797513,-0.15623352,-0.078663364,-0.20621729,0.004611235,0.03741871,-0.19072618,-0.24166887,0.056068625,-0.23686992,-0.1885575,0.057892527,-0.23686992,-0.09456152,0.03551483,-0.24631837
ㅎ,0.0,0.0,0.0,-0.056831606,-0.25383607,-0.0838344,-0.06362034,-0.53057915,-0.12398421,-0.048513122,-0.7580987,-0.15466687,-0.034199256,-0.98342705,-0.17804958,0.06353849,-0.46871346,-0.13972476,-0.26091456,-0.3819766,-0.22390248,-0.20163871,-0.3016635,-0.2751163,-0.0861063,-0.30618852,-0.3209692,0.11265335,-0.2663214,-0.14622629,-0.2612175,-0.19086224,-0.21774313,-0.17500891,-0.15806131,-0.23907271,-0.06481443,-0.17358859,-0.27671316,0.1210778,-0.06796739,-0.16002779,-0.22962473,-0.009477964,-0.22561343,-0.156575,0.013770751,-0.21124162,-0.053656988,-0.010764292,-0.21557598,0.102584034,0.10062774,-0.18637611,-0.16894653,0.14307357,-0.24911018,-0.11934673,0.1404174,-0.2621132,-0.016009655,0.124799,-0.27831003
ㅎ,0.0,0.0,0.0,-0.08372245,-0.2861211,-0.077740155,-0.11237143,-0.56399,-0.12029682,-0.09796167,-0.7699343,-0.15481128,-0.09696117,-0.9793352,-0.17748584,0.00849016,-0.4802403,-0.13224842,-0.30260846,-0.4184643,-0.2243987,-0.24853612,-0.3337918,-0.27164665,-0.14345145,-0.34991914,-0.30873016,0.05225652,-0.28625575,-0.14062573,-0.29704812,-0.24944611,-0.22115949,-0.22144565,-0.20917341,-0.23746729,-0.13242933,-0.22093177,-0.26784894,0.059528198,-0.099341534,-0.15805049,-0.26971668,-0.07313847,-0.22964849,-0.20121077,-0.045162972,-0.21468104,-0.11989303,-0.06546101,-0.2162448,0.03857779,0.058015056,-0.18530464,-0.21168321,0.07226177,-0.23903105,-0.16128775,0.07519223,-0.24461593,-0.06549253,0.058473896,-0.25824296
ㅎ,0.0,0.0,0.0,-0.07408816,-0.26738125,-0.06354883,-0.09844799,-0.55865204,-0.09855799,-0.10525613,-0.7765717,-0.12749362,-0.107294746,-0.98296547,-0.14922003,0.07408475,-0.49561143,-0.12196326,-0.20529819,-0.49255663,-0.1953393,-0.19276369,-0.40553284,-0.23543441,-0.10335093,-0.3911458,-0.26881412,0.10861929,-0.3098572,-0.13262895,-0.21844234,-0.31079274,-0.19494426,-0.17433323,-0.2598128,-0.2121279,-0.08151951,-0.26400948,-0.2413598,0.10167863,-0.13074681,-0.14892377,-0.20220576,-0.14133848,-0.20659754,-0.16031642,-0.097844854,-0.19583306,-0.07542273,-0.10163751,-0.19958581,0.07256863,0.023266096,-0.17361288,-0.16863908,0.0036598523,-0.22397865,-0.13981545,0.014126646,-0.23029907,-0.060427535,0.02103891,-0.24017471
ㅎ,0.0,0.0,0.0,-0.08500278,-0.25276747,-0.07320196,-0.20184459,-0.5217462,-0.15555486,-0.24877298,-0.72557616,-0.21927635,-0.2484776,-0.93040967,-0.26943776,-0.09009115,-0.4025058,-0.31177178,-0.38998526,-0.39507613,-0.41848877,-0.33872995,-0.36313105,-0.4328206,-0.23888202,-0.36700132,-0.4308362,-0.072072916,-0.17425983,-0.32367823,-0.4185276,-0.21852502,-0.424001,-0.33829546,-0.2177793,-0.39158905,-0.22330153,-0.20951281,-0.37284738,-0.0910068,0.020333102,-0.3305134,-0.40156633,-0.052140564,-0.39577833,-0.31912446,-0.057227455,-0.3199299,-0.22040203,-0.04611317,-0.27494997,-0.12555033,0.18020996,-0.3415379,-0.35413927,0.10081453,-0.36490977,-0.2847997,0.09471649,-0.30978736,-0.18957564,0.11333705,-0.27891883
ㅎ,0.0,0.0,0.0,-0.09174744,-0.2086955,-0.12603556,-0.09516898,-0.50135124,-0.18471532,-0.06347168,-0.7461327,-0.2226354,-0.023937762,-0.96784633,-0.2504006,0.11035007,-0.4315463,-0.23433279,-0.19158857,-0.3220337,-0.33601004,-0.13685417,-0.30658233,-0.38896963,-0.039947618,-0.34179288,-0.4288179,0.21237867,-0.20271985,-0.21543701,-0.22936156,-0.05592721,-0.281765,-0.12093634,-0.110143036,-0.28099376,0.019648924,-0.17494069,-0.30078933,0.22332825,0.03143134,-0.20386817,-0.18971944,0.13711123,-0.263512,-0.10027423,0.09905239,-0.21093802,0.026129555,0.04686184,-0.18278717,0.20450659,0.24856418,-0.21196635,-0.11443471,0.3124314,-0.2858784,-0.057373498,0.26086184,-0.28922048,0.055430003,0.22131853,-0.28459296
ㅎ,0.0,0.0,0.0,-0.10170492,-0.19701724,-0.14071102,-0.11052924,-0.4898679,-0.20551579,-0.08427956,-0.7378896,-0.24695468,-0.046418637,-0.9600359,-0.27600065,0.09208612,-0.41946524,-0.2508275,-0.20006846,-0.30458033,-0.36430037,-0.14621569,-0.28897765,-0.4190359,-0.051060513,-0.32595107,-0.453891,0.19613284,-0.19835816,-0.22229789,-0.23798205,-0.038284313,-0.2940737,-0.12524533,-0.09445402,-0.28374624,0.018920267,-0.1565973,-0.28968453,0.21026865,0.03137465,-0.2035794,-0.19305784,0.147893,-0.27238604,-0.09903631,0.11509503,-0.20603216,0.0314511,0.07061714,-0.15955862,0.19622786,0.24496476,-0.20564488,-0.10585945,0.3136414,-0.28684446,-0.041894957,0.26430175,-0.28245533,0.07274319,0.22982964,-0.26425317
ㅊ,0.0,0.0,0.0,-0.21299452,0.048980035,-0.056650802,-0.42758706,0.1665068,-0.0938945,-0.5935669,0.24209334,-0.122057,-0.7343173,0.22836451,-0.14919245,-0.4070957,0.083806805,-0.1473546,-0.42664543,0.42526746,-0.22443661,-0.45300865,0.6080443,-0.26854524,-0.4748656,0.76489425,-0.2977348,-0.2863487,0.08082198,-0.15751687,-0.28234062,0.47385988,-0.23503132,-0.28919688,0.7094242,-0.26638305,-0.2958767,0.9080649,-0.29643747,-0.164072,0.09959719,-0.16897647,-0.1503498,0.48926026,-0.25276127,-0.15340875,0.67358345,-0.27697778,-0.16414797,0.81009454,-0.29038334,-0.05753401,0.13441949,-0.18335503,-0.051600147,0.4228872,-0.23611242,-0.060623594,0.46623546,-0.24843687,-0.0743594,0.46466672,-0.25946406
ㅎ,0.0,0.0,0.0,-0.10281353,-0.2846033,-0.061606497,-0.16648112,-0.5679213,-0.10442863,-0.18659617,-0.76444745,-0.14237845,-0.20982096,-0.9626192,-0.17128745,-0.047215458,-0.44901606,-0.14064607,-0.30350235,-0.47032306,-0.22867233,-0.28108177,-0.3841883,-0.27198172,-0.2000733,-0.37096706,-0.3025148,-0.018130673,-0.24501534,-0.1584029,-0.33278576,-0.30243352,-0.22693996,-0.27769175,-0.23632409,-0.22932199,-0.18768716,-0.22070992,-0.24881117,-0.026688524,-0.06492315,-0.18298097,-0.31639317,-0.12303493,-0.2397162,-0.25466356,-0.06702777,-0.20690939,-0.17672776,-0.062612444,-0.19824752,-0.053797223,0.08450741,-0.21567954,-0.2763257,0.03440737,-0.24469681,-0.2251734,0.058902416,-0.22260903,-0.14137647,0.06891561,-0.21990219
ㅎ,0.0,0.0,0.0,-0.063586876,-0.27168462,-0.055919282,-0.20379582,-0.5458672,-0.12133821,-0.28697056,-0.7420119,-0.16826794,-0.32384744,-0.9249141,-0.1991398,-0.18865849,-0.3941786,-0.27434048,-0.50261956,-0.39221868,-0.3514636,-0.44259313,-0.3999073,-0.33970284,-0.3343624,-0.4059083,-0.31550294,-0.19545448,-0.16207683,-0.27682832,-0.52983516,-0.20166682,-0.34219068,-0.44958252,-0.23619302,-0.29243386,-0.333365,-0.2302006,-0.2562471,-0.21172887,0.0361166,-0.2714003,-0.5110335,-0.030790523,-0.30419457,-0.42416713,-0.058511157,-0.21621545,-0.31713998,-0.041463744,-0.15978667,-0.22963168,0.20195897,-0.26823398,-0.4612733,0.13561699,-0.26823398,-0.39102042,0.10400061,-0.20207998,-0.29448003,0.109782025,-0.16057827
ㅊ,0.0,0.0,0.0,-0.21269539,0.047302973,-0.052461192,-0.42971662,0.15758334,-0.08710031,-0.5993327,0.22712238,-0.113641635,-0.74518853,0.21032932,-0.1407246,-0.413927,0.08017022,-0.14375791,-0.4612573,0.4109701,-0.21764025,-0.5042004,0.57833105,-0.26108134,-0.5450998,0.72127223,-0.29076427,-0.29414055,0.07822917,-0.15578274,-0.30796483,0.46262226,-0.2313984,-0.3284845,0.6955757,-0.26563126,-0.34644118,0.88943607,-0.29813084,-0.16948959,0.10236566,-0.16834925,-0.16865231,0.49644664,-0.2500315,-0.18331592,0.68859226,-0.27711445,-0.20361245,0.8276172,-0.29358092,-0.061604023,0.1407792,-0.18308237,-0.06468123,0.43627426,-0.23573169,-0.077923864,0.4957202,-0.24981482,-0.09503065,0.5100776,-0.261948
ㅎ,0.0,0.0,0.0,-0.065266766,-0.26912004,-0.07687038,-0.09349104,-0.55096966,-0.12231665,-0.11304402,-0.7639189,-0.15980735,-0.11517437,-0.97449005,-0.19262415,0.088873655,-0.45624605,-0.14697897,-0.21359926,-0.458263,-0.22633596,-0.2050539,-0.39241767,-0.27426836,-0.109556474,-0.37442333,-0.31285295,0.115857705,-0.2517372,-0.15493456,-0.22981736,-0.25966644,-0.21758483,-0.19073054,-0.23777796,-0.23568377,-0.09588898,-0.24000686,-0.26671058,0.10248795,-0.061245468,-0.16845906,-0.21370132,-0.07651892,-0.2259382,-0.1713079,-0.06877972,-0.20863476,-0.07848816,-0.081467584,-0.20704365,0.07296676,0.0997861,-0.19262415,-0.17884618,0.07013549,-0.24900939,-0.15397458,0.04733631,-0.25358382,-0.07634474,0.041417487,-0.25955054
ㅊ,0.0,0.0,0.0,-0.17191719,0.07697098,-0.0629479,-0.359455,0.2389897,-0.11568653,-0.5014464,0.34080273,-0.1521418,-0.63951373,0.36054578,-0.18801378,-0.3083799,0.19234641,-0.21698359,-0.31760365,0.52070487,-0.29825452,-0.3281079,0.7059625,-0.33675128,-0.33328065,0.8570383,-0.35988823,-0.18084858,0.15887058,-0.22145543,-0.16581269,0.54706603,-0.30369848,-0.15127061,0.7667145,-0.32625216,-0.14027065,0.92707664,-0.34763923,-0.055756584,0.15640219,-0.22164986,-0.03304767,0.5375145,-0.29767126,-0.024624662,0.73153365,-0.3077815,-0.02525289,0.8541991,-0.31380874,0.043542106,0.17421246,-0.22281642,0.044529136,0.47195685,-0.26500732,0.033315305,0.53780186,-0.2620909,0.020880984,0.5502889,-0.2642296
ㅎ,0.0,0.0,0.0,-0.06512254,-0.26838702,-0.049632914,-0.1994339,-0.5391836,-0.12331251,-0.27700666,-0.7383622,-0.17588876,-0.3065439,-0.92795086,-0.21198587,-0.18162926,-0.3761294,-0.32442507,-0.4809929,-0.3795487,-0.38630584,-0.4193498,-0.3836018,-0.34415516,-0.3126594,-0.39000443,-0.30178028,-0.17742918,-0.1485504,-0.33047858,-0.50812316,-0.1975628,-0.39370465,-0.4305799,-0.22665486,-0.32375246,-0.3195539,-0.22081704,-0.27577242,-0.19048145,0.044924043,-0.3228556,-0.48695436,-0.02821644,-0.35132977,-0.40337464,-0.0521385,-0.24864353,-0.2971096,-0.037303105,-0.18620223,-0.20768005,0.20983432,-0.31612948,-0.44332704,0.13876237,-0.31254214,-0.37401903,0.10375424,-0.2394511,-0.2740945,0.10520045,-0.19595516
ㅎ,0.0,0.0,0.0,-0.09458499,-0.2727191,-0.07899935,-0.1629471,-0.5256461,-0.1398213,-0.19466692,-0.7269624,-0.19218308,-0.21199918,-0.9481255,-0.23688494,-0.026349828,-0.36467564,-0.1960702,-0.3207678,-0.38098568,-0.29885018,-0.32552633,-0.31957212,-0.34892538,-0.2604692,-0.30863452,-0.38208023,0.008595331,-0.15210524,-0.20944646,-0.33506116,-0.19381866,-0.2812438,-0.2928057,-0.16312392,-0.27804267,-0.20685792,-0.15830496,-0.29839286,0.0060320175,0.031284176,-0.22899637,-0.31273013,-0.013090651,-0.2917619,-0.25473207,0.015820852,-0.2499182,-0.17419574,0.007898907,-0.23757091,-0.02081407,0.17636558,-0.25837842,-0.26467958,0.14937493,-0.29747826,-0.21424694,0.15869321,-0.27392688,-0.12424574,0.15867724,-0.2702684
ㅎ,0.0,0.0,0.0,-0.095827445,-0.2708597,-0.07042729,-0.1792187,-0.53698933,-0.13697079,-0.2158089,-0.73973286,-0.1934889,-0.23070692,-0.9435363,-0.23772593,-0.04210199,-0.3892528,-0.2402323,-0.34070987,-0.41848034,-0.34938365,-0.29801902,-0.3460367,-0.38572577,-0.20816582,-0.34027573,-0.4060271,-0.01375047,-0.1617808,-0.26015773,-0.36303106,-0.22614309,-0.3501356,-0.2862095,-0.18582155,-0.3333431,-0.18197902,-0.17376478,-0.33685195,-0.02946413,0.032793526,-0.2814617,-0.34906057,-0.038554493,-0.34612542,-0.2668587,-0.009359022,-0.2852212,-0.16942126,-0.0027824156,-0.25865394,-0.061409973,0.18864277,-0.31078595,-0.30418885,0.12402869,-0.3378545,-0.24002962,0.13601695,-0.29574785,-0.14415604,0.14530925,-0.28070977
ㅏ,0.0,0.0,0.0,-0.11339816,-0.050864916,-0.05352788,-0.20367074,-0.22193642,-0.083956055,-0.20510796,-0.39364657,-0.117053375,-0.14142127,-0.4987422,-0.14840361,-0.17292693,-0.46903992,-0.0446712,-0.18633884,-0.70421547,-0.10511504,-0.17721637,-0.8481546,-0.14228886,-0.16585453,-0.9718502,-0.16733022,-0.076616704,-0.4651846,-0.0524117,-0.08523761,-0.5258595,-0.1661655,-0.09301259,-0.3411043,-0.18975098,-0.09443592,-0.20974313,-0.17499794,0.01360539,-0.43947196,-0.067601524,-0.0014483377,-0.4692565,-0.17121261,-0.01865402,-0.2892419,-0.14995655,-0.028936533,-0.18320112,-0.104338564,0.09973974,-0.3950697,-0.087401666,0.08253695,-0.4390685,-0.14966539,0.05985679,-0.3126235,-0.12714756,0.050442886,-0.23830603,-0.09036199
ㅏ,0.0,0.0,0.0,-0.11418942,-0.05069561,-0.053692035,-0.20384929,-0.22360496,-0.082849234,-0.20006193,-0.39796624,-0.11485824,-0.13861966,-0.50493443,-0.14504799,-0.17695361,-0.4783808,-0.04211274,-0.18420233,-0.7122123,-0.099075,-0.16987771,-0.8521506,-0.13432916,-0.15422969,-0.9752675,-0.15832362,-0.08081094,-0.4755002,-0.048258863,-0.082132064,-0.5366955,-0.15557015,-0.087720014,-0.3522972,-0.17838456,-0.09011553,-0.22360314,-0.1653056,0.009585179,-0.4518791,-0.061804917,0.0008927995,-0.490537,-0.16038871,-0.017441746,-0.3125192,-0.1396394,-0.029116685,-0.20549917,-0.0962232,0.095317736,-0.40871575,-0.0800466,0.084710106,-0.46573427,-0.13865604,0.060793445,-0.343711,-0.116234966,0.048268963,-0.2674453,-0.0806858
ㅋ,0.0,0.0,0.0,-0.14064248,0.046277493,-0.038229898,-0.31036317,0.18347125,-0.09977999,-0.44069672,0.25203007,-0.15337339,-0.5595403,0.24385595,-0.19571766,-0.22300407,0.27156168,-0.18949865,-0.21273278,0.5868583,-0.25443262,-0.20376104,0.5058513,-0.27016312,-0.20957291,0.38628367,-0.26815107,-0.121978,0.26738563,-0.20138797,-0.12324239,0.63666195,-0.25278643,-0.1322374,0.81828517,-0.25534722,-0.13241228,0.955809,-0.2624808,-0.019946512,0.2640091,-0.20468038,-0.029368795,0.57000697,-0.23156857,-0.032178886,0.49553365,-0.17486563,-0.028014993,0.3948022,-0.13636252,0.08064357,0.26766443,-0.21035069,0.054786965,0.5128897,-0.20888737,0.0544996,0.44496554,-0.1445936,0.059827946,0.34924898,-0.09977999
ㅏ,0.0,0.0,0.0,-0.12551211,-0.047107887,-0.05103166,-0.22359747,-0.2302328,-0.07541259,-0.22187476,-0.41574582,-0.1032483,-0.15817147,-0.52234876,-0.12960337,-0.19252484,-0.47161847,-0.03383176,-0.20390905,-0.70910126,-0.08863949,-0.19168118,-0.85042334,-0.121706724,-0.17919205,-0.97315776,-0.14440961,-0.09506718,-0.47270006,-0.04138293,-0.1016427,-0.5436939,-0.15052952,-0.10639134,-0.36012113,-0.17392336,-0.10784626,-0.22846541,-0.15931454,-0.0047498313,-0.45453247,-0.05641126,-0.018823061,-0.49696675,-0.15684684,-0.031163327,-0.31364548,-0.13661166,-0.039139304,-0.20230493,-0.0917488,0.08424381,-0.41751882,-0.07595549,0.06422075,-0.46649364,-0.13513103,0.04692495,-0.3416536,-0.113020405,0.041900773,-0.26811764,-0.07704127
ㅏ,0.0,0.0,0.0,-0.11568932,-0.0443463,-0.053215086,-0.21016939,-0.22867699,-0.07892596,-0.21727888,-0.41773188,-0.10822438,-0.15741506,-0.5368162,-0.1351311,-0.18947342,-0.48312774,-0.025100058,-0.18964286,-0.722899,-0.08271283,-0.16155094,-0.86306614,-0.1171933,-0.1318471,-0.98138875,-0.13961555,-0.093151145,-0.47908658,-0.03186411,-0.10206811,-0.56561106,-0.14290416,-0.09869704,-0.3805349,-0.16642262,-0.09119818,-0.25047386,-0.15037823,-0.0022139018,-0.45868877,-0.047609523,-0.02207233,-0.5150763,-0.15077686,-0.030305717,-0.3303814,-0.13014837,-0.0319187,-0.22176877,-0.083410405,0.087145455,-0.4192972,-0.06806361,0.057934828,-0.47464824,-0.1298494,0.040910102,-0.34533456,-0.108623005,0.04001762,-0.26859683,-0.07229894
ㅏ,0.0,0.0,0.0,-0.11921172,-0.05440126,-0.04994116,-0.216081,-0.23854046,-0.07400172,-0.22855563,-0.42281726,-0.10175256,-0.16360751,-0.5308855,-0.12783046,-0.19714087,-0.4602257,-0.030653346,-0.23624335,-0.6917726,-0.085613765,-0.24346314,-0.83476824,-0.11877701,-0.24301347,-0.9595583,-0.14209951,-0.100435495,-0.46261102,-0.03894415,-0.113913186,-0.5540718,-0.14780712,-0.108208306,-0.37806395,-0.16965352,-0.10048949,-0.24314995,-0.15361315,-0.007845442,-0.44365624,-0.054812312,-0.029338758,-0.5091661,-0.15380996,-0.03256722,-0.33049595,-0.13107792,-0.031232828,-0.2153916,-0.08487572,0.08235091,-0.40448138,-0.07547782,0.055480737,-0.46610954,-0.13540782,0.040382996,-0.33924094,-0.11375823,0.039553214,-0.25744367,-0.07872526
ㅏ,0.0,0.0,0.0,-0.11801509,-0.057874914,-0.051656105,-0.2158924,-0.24371901,-0.07614074,-0.22727631,-0.4268345,-0.10381038,-0.16376592,-0.53241056,-0.12938988,-0.20307666,-0.4623646,-0.03174989,-0.25453284,-0.6913978,-0.08395393,-0.27345046,-0.82864004,-0.11346489,-0.28300223,-0.94959015,-0.13486408,-0.10375525,-0.46615723,-0.04073257,-0.11363933,-0.5695544,-0.14969423,-0.10916642,-0.39340618,-0.1707948,-0.103541106,-0.2589962,-0.1534764,-0.009535364,-0.44702792,-0.057229843,-0.02855474,-0.51743937,-0.1570595,-0.03306755,-0.33543682,-0.13416736,-0.033775143,-0.22154155,-0.087636575,0.0821409,-0.40689927,-0.07862902,0.05683454,-0.46544772,-0.13854674,0.040816583,-0.33692625,-0.116848946,0.03899118,-0.25719404,-0.082261905
ㅋ,0.0,0.0,0.0,-0.14433928,0.04785771,-0.03992896,-0.3151169,0.18890762,-0.10063834,-0.44598985,0.2678262,-0.15445885,-0.5624185,0.27786446,-0.19887923,-0.2330113,0.264415,-0.18735942,-0.23379557,0.5823974,-0.25896654,-0.21479698,0.54492104,-0.28145316,-0.20720997,0.46040472,-0.283665,-0.1290974,0.26005003,-0.20145966,-0.1348567,0.6344473,-0.25196248,-0.14163378,0.818094,-0.2554645,-0.14027968,0.9540786,-0.26468033,-0.02412031,0.25565732,-0.20956962,-0.0304119,0.5829467,-0.24182506,-0.031129181,0.5011572,-0.19095361,-0.029282585,0.39355808,-0.1570393,0.078338,0.2579843,-0.22007567,0.064336754,0.5063949,-0.22966014,0.06331088,0.43693924,-0.17565529,0.06584294,0.3425205,-0.13768603
ㅏ,0.0,0.0,0.0,-0.1452325,-0.057028737,-0.044105683,-0.2685694,-0.24568383,-0.06271921,-0.28196648,-0.44184956,-0.08603671,-0.18682078,-0.5002623,-0.10803911,-0.2029963,-0.49714553,-0.011778588,-0.20436092,-0.7262852,-0.059128016,-0.19238846,-0.86013716,-0.088616304,-0.1752958,-0.97821844,-0.11117509,-0.10732591,-0.4896926,-0.025176032,-0.115105055,-0.63994247,-0.12634917,-0.119238146,-0.46081004,-0.14486152,-0.113976695,-0.31902373,-0.124932915,-0.01812291,-0.46085873,-0.046482958,-0.034303647,-0.569203,-0.13848843,-0.04461427,-0.38902715,-0.1170424,-0.043013968,-0.26559913,-0.07040741,0.07489198,-0.40833163,-0.07263294,0.0506299,-0.48568115,-0.12604569,0.030388417,-0.36503235,-0.10490313,0.028968433,-0.28178415,-0.07106496
ㅏ,0.0,0.0,0.0,-0.15037543,-0.05678783,-0.04216309,-0.27686563,-0.24117815,-0.060639784,-0.2912387,-0.43349382,-0.08620726,-0.19994771,-0.4923576,-0.110503994,-0.20507781,-0.4984349,-0.0074144523,-0.21119474,-0.72902113,-0.053421926,-0.19845276,-0.8577636,-0.085648134,-0.18022798,-0.977398,-0.110503994,-0.11313415,-0.5008829,-0.018882966,-0.1280192,-0.6403907,-0.11589196,-0.13068421,-0.45566145,-0.1373422,-0.11931686,-0.3151776,-0.12310982,-0.029426264,-0.48728767,-0.038732067,-0.04719192,-0.6215438,-0.1244314,-0.061077222,-0.44721863,-0.107352525,-0.051565323,-0.31187573,-0.06618026,0.05991592,-0.45648378,-0.0638929,0.04453303,-0.58626676,-0.11385877,0.018513493,-0.4918053,-0.097898155,0.016457902,-0.396653,-0.0689759
ㅋ,0.0,0.0,0.0,-0.13906169,0.06996362,-0.049303763,-0.3069361,0.23183356,-0.11516732,-0.4369474,0.31564784,-0.1689432,-0.5559266,0.34124166,-0.21034588,-0.19329236,0.24333777,-0.22823946,-0.18795666,0.5737949,-0.29657763,-0.17703964,0.50740343,-0.307428,-0.177564,0.39279962,-0.30019444,-0.079153225,0.2223154,-0.23261766,-0.061739936,0.61713517,-0.28553694,-0.048516277,0.81606674,-0.28249124,-0.026224755,0.9575537,-0.28705978,0.026130835,0.21096015,-0.22728767,0.036491785,0.55001044,-0.254128,0.01836908,0.47235763,-0.19226196,0.009606463,0.36286446,-0.15209661,0.12342279,0.21252021,-0.22462267,0.11660403,0.47316742,-0.22290947,0.10528728,0.40478963,-0.15752178,0.102413334,0.30713746,-0.11373965
ㅏ,0.0,0.0,0.0,-0.14745143,-0.05351256,-0.04507665,-0.27366424,-0.23650607,-0.06651169,-0.28504944,-0.4226027,-0.09466898,-0.19240528,-0.47652718,-0.12176085,-0.20194101,-0.50255525,-0.011788901,-0.21045788,-0.73044235,-0.059561156,-0.19848877,-0.8589553,-0.09350209,-0.1816092,-0.9760918,-0.119427085,-0.10822713,-0.50766975,-0.022512766,-0.123562664,-0.6370925,-0.120137356,-0.12542605,-0.4511592,-0.1423588,-0.11468094,-0.31042936,-0.12896506,-0.022130674,-0.49530748,-0.041855045,-0.039174143,-0.62631106,-0.12876213,-0.0531521,-0.44912153,-0.11201995,-0.045511726,-0.3116769,-0.07097627,0.067510836,-0.4640258,-0.06661316,0.05388324,-0.59186774,-0.11841242,0.027036162,-0.49358678,-0.10253272,0.02345545,-0.39731055,-0.073360756
ㅏ,0.0,0.0,0.0,-0.14024651,-0.051817287,-0.041276738,-0.25893193,-0.2287753,-0.06230662,-0.26385018,-0.40537423,-0.08937029,-0.17760004,-0.46145493,-0.11532313,-0.19178174,-0.4973436,-0.021799482,-0.20285477,-0.7244295,-0.07169812,-0.19591853,-0.8537696,-0.10896114,-0.18713214,-0.9726155,-0.13784254,-0.09884129,-0.4955338,-0.033627216,-0.10787939,-0.6258906,-0.12693627,-0.112025246,-0.44772443,-0.14794092,-0.11040783,-0.31596166,-0.13774155,-0.0128727155,-0.4772804,-0.052763652,-0.023103792,-0.616586,-0.13269235,-0.039634373,-0.4463552,-0.111182794,-0.041009143,-0.3192977,-0.07174861,0.07525692,-0.44059893,-0.077252224,0.0692283,-0.569387,-0.12340184,0.04116506,-0.4722463,-0.103508025,0.030919159,-0.38617393,-0.07412173
ㅏ,0.0,0.0,0.0,-0.11623458,-0.03972884,-0.07243058,-0.23220466,-0.11457662,-0.14356987,-0.21009035,-0.1742828,-0.21337214,-0.10852106,-0.1720635,-0.28179124,-0.17312872,-0.46865168,-0.1204254,-0.19676107,-0.6703951,-0.2017538,-0.21483995,-0.81096864,-0.24804272,-0.21946754,-0.934094,-0.2816068,-0.054034296,-0.49965867,-0.13222817,-0.12947816,-0.426175,-0.23292045,-0.14086965,-0.24484399,-0.25136223,-0.120074645,-0.21103404,-0.24767388,0.046723165,-0.45941418,-0.14956346,-0.03011248,-0.31789893,-0.24103484,-0.050003897,-0.17499527,-0.22296186,-0.032533992,-0.17633486,-0.19548358,0.13661005,-0.38776278,-0.17436768,0.064575076,-0.2560382,-0.22978534,0.02994803,-0.15620707,-0.21189676,0.039107554,-0.16453783,-0.18773802
ㅏ,0.0,0.0,0.0,-0.13179354,-0.037179936,-0.061242383,-0.24425995,-0.08939211,-0.14175992,-0.27954525,-0.1678384,-0.2275642,-0.1928251,-0.18338156,-0.31308776,-0.20470197,-0.46653062,-0.117150836,-0.24768272,-0.65621346,-0.20136441,-0.28087866,-0.79628116,-0.24740118,-0.29476842,-0.91380847,-0.27940235,-0.09187222,-0.50196075,-0.13867208,-0.21060658,-0.42111585,-0.23504986,-0.20665592,-0.23467407,-0.2430969,-0.16840565,-0.21340883,-0.23355272,0.003907982,-0.4637131,-0.16487187,-0.11233419,-0.33255395,-0.2543254,-0.11139484,-0.18963948,-0.22475708,-0.07116025,-0.18971036,-0.19051023,0.08947222,-0.39092323,-0.19780873,-0.0027325035,-0.28387824,-0.2479626,-0.021751355,-0.18721853,-0.21914284,0.0031205365,-0.18355429,-0.18854524
ㅏ,0.0,0.0,0.0,-0.10802992,-0.032919396,-0.09469621,-0.20392191,-0.14118186,-0.15316868,-0.12914161,-0.21085986,-0.20263124,-0.0155248735,-0.2399627,-0.24860011,-0.13913833,-0.47583845,-0.11345154,-0.13495244,-0.6931842,-0.18764536,-0.12590075,-0.832345,-0.22947706,-0.1101942,-0.9594496,-0.25944877,-0.029873349,-0.49422568,-0.11014176,-0.04004768,-0.45373845,-0.21072175,-0.061056037,-0.27901,-0.23370619,-0.06795777,-0.23337409,-0.23021255,0.06603596,-0.45209292,-0.1155661,0.058216672,-0.35479164,-0.211825,0.01779068,-0.2027127,-0.19637944,-0.004298643,-0.19239634,-0.16622382,0.15311886,-0.38576007,-0.12963259,0.13924243,-0.29566103,-0.1868179,0.0899088,-0.18235175,-0.16456896,0.06566994,-0.17337199,-0.13459723
ㅑ,0.0,0.0,0.0,-0.10519402,-0.06163657,-0.050028574,-0.17313126,-0.2068706,-0.0812896,-0.14191605,-0.34979817,-0.115686074,-0.07532152,-0.4365454,-0.14619833,-0.18841611,-0.44779968,-0.04691651,-0.2186067,-0.658044,-0.09181912,-0.22759543,-0.78234506,-0.118306756,-0.2313984,-0.89080167,-0.13309489,-0.10451696,-0.4697724,-0.056346294,-0.10108969,-0.7082832,-0.107917614,-0.090886325,-0.8595832,-0.13637075,-0.07718965,-0.9860021,-0.14778945,-0.025865855,-0.44619733,-0.07178961,-0.013426969,-0.5397519,-0.14170572,-0.031113777,-0.40064955,-0.14451359,-0.04138193,-0.29211316,-0.122424975,0.044231992,-0.39702243,-0.09158514,0.05235981,-0.4930006,-0.13637075,0.035583552,-0.41020805,-0.12354813,0.022930177,-0.3299251,-0.10052355
ㅏ,0.0,0.0,0.0,-0.11798332,-0.03130279,-0.06788361,-0.2328165,-0.09689404,-0.14081265,-0.23707636,-0.18206547,-0.21509656,-0.14575191,-0.20358431,-0.2883526,-0.18378343,-0.47198382,-0.1135285,-0.21139157,-0.67038274,-0.19192371,-0.2345783,-0.81359816,-0.23490559,-0.24740748,-0.9318105,-0.26555353,-0.07188291,-0.50252795,-0.1289459,-0.16682161,-0.43803582,-0.23210244,-0.16831417,-0.25755414,-0.2524721,-0.13925104,-0.21273899,-0.24761328,0.023352984,-0.46240595,-0.14847463,-0.07044548,-0.33834797,-0.24182007,-0.07563917,-0.19878967,-0.22350605,-0.047938116,-0.18781295,-0.19379248,0.10932575,-0.3899492,-0.17473094,0.029377088,-0.2885121,-0.22911237,0.0062079183,-0.1932097,-0.20874271,0.019990297,-0.19299814,-0.18173888
ㅑ,0.0,0.0,0.0,-0.0936458,-0.08756837,-0.051721983,-0.13836563,-0.24280359,-0.079719804,-0.08769951,-0.3830882,-0.11105296,-0.018529328,-0.459067,-0.13801731,-0.1516485,-0.46827635,-0.03605541,-0.2061063,-0.66675824,-0.08366582,-0.23986578,-0.7896549,-0.112274334,-0.26479337,-0.89538324,-0.12768252,-0.066189565,-0.4826593,-0.04657808,-0.087893724,-0.709294,-0.103724666,-0.1054402,-0.85397476,-0.13679592,-0.11487026,-0.9822264,-0.14844602,0.01676134,-0.44951776,-0.064029746,0.03520143,-0.5360886,-0.14515768,0.01556309,-0.39701813,-0.14976136,0.0025659145,-0.29345316,-0.123642586,0.08987756,-0.3861915,-0.08545092,0.10335116,-0.47764078,-0.13604431,0.07857544,-0.38826615,-0.12026028,0.06089421,-0.30718634,-0.091886654
ㅑ,0.0,0.0,0.0,-0.09743369,-0.0825822,-0.04791806,-0.14857867,-0.2419921,-0.07573611,-0.11088485,-0.3862097,-0.10797868,-0.044824097,-0.4646954,-0.13622035,-0.16025785,-0.46719253,-0.035962414,-0.2054471,-0.67110157,-0.08081961,-0.22988737,-0.79369265,-0.10741385,-0.2471322,-0.89875025,-0.12209952,-0.074621625,-0.47902527,-0.047588576,-0.07686616,-0.71438,-0.10110655,-0.0807911,-0.8622827,-0.13160755,-0.07684898,-0.9866802,-0.14337489,0.0053809164,-0.44439688,-0.06552203,0.0127204945,-0.5480969,-0.14149214,-0.007675274,-0.40933824,-0.14356321,-0.015180254,-0.30476755,-0.11823983,0.07711801,-0.3830976,-0.08726813,0.0795193,-0.48494533,-0.13480827,0.055128172,-0.3968278,-0.11823983,0.042774882,-0.31427875,-0.09103367
ㅑ,0.0,0.0,0.0,-0.10007001,-0.08930182,-0.045050487,-0.1488358,-0.2542325,-0.0701672,-0.10546555,-0.3986178,-0.10008947,-0.036032416,-0.4708817,-0.12622412,-0.15732302,-0.47369024,-0.029260809,-0.19853199,-0.6765122,-0.070688,-0.2204712,-0.7989962,-0.09521289,-0.23572928,-0.90184575,-0.107854106,-0.070633754,-0.48300332,-0.04069471,-0.06577105,-0.71841806,-0.09085712,-0.065727755,-0.86721915,-0.11997452,-0.058920033,-0.98971045,-0.1303905,0.010111759,-0.44785258,-0.05852024,0.019315556,-0.5443014,-0.13067457,-0.003570918,-0.41367102,-0.1344622,-0.013186258,-0.31381425,-0.11050545,0.08209606,-0.38685122,-0.079825655,0.08487173,-0.49105003,-0.1221524,0.058836076,-0.40573412,-0.104445234,0.044384256,-0.32353517,-0.07707962
ㅑ,0.0,0.0,0.0,-0.10226017,-0.08590212,-0.03957492,-0.15448304,-0.24723385,-0.06575131,-0.12112429,-0.38600844,-0.09834117,-0.05695443,-0.46026215,-0.12855566,-0.15887226,-0.4800966,-0.03259138,-0.20634636,-0.6737127,-0.07344746,-0.22786023,-0.78972363,-0.097391024,-0.2409581,-0.8931034,-0.1113581,-0.07104655,-0.48997998,-0.04898132,-0.041512225,-0.73027694,-0.09843618,-0.014149392,-0.8738544,-0.12608528,0.01788251,-0.990565,-0.13587175,0.00888381,-0.4473016,-0.07059703,0.011317841,-0.5525682,-0.14119254,-0.017924678,-0.41117486,-0.14119254,-0.027040703,-0.3111477,-0.11629883,0.081556804,-0.37869623,-0.095110685,0.07403423,-0.48212236,-0.13862716,0.045949426,-0.39272615,-0.118959226,0.033897296,-0.3142412,-0.0905975
ㅏ,0.0,0.0,0.0,-0.09767891,-0.013808137,-0.084623314,-0.1985424,-0.091008894,-0.15742615,-0.1278748,-0.13043024,-0.22607008,-0.006194442,-0.13053241,-0.29296285,-0.13731666,-0.44622242,-0.13448647,-0.14456789,-0.6641794,-0.22291803,-0.1491121,-0.8058227,-0.2765023,-0.1438324,-0.9371157,-0.31800386,-0.015230163,-0.50167257,-0.14087807,-0.05197819,-0.37273148,-0.25216174,-0.0673355,-0.1910276,-0.27702767,-0.06382173,-0.1657824,-0.27947924,0.08901068,-0.46389326,-0.15409902,0.052385114,-0.28075227,-0.2481342,0.016533189,-0.13989316,-0.22501938,0.0035279805,-0.14372891,-0.19770193,0.18279065,-0.38932905,-0.1770387,0.14332329,-0.2075412,-0.24060437,0.091750376,-0.09729824,-0.22414383,0.06955474,-0.10889894,-0.2005037
ㅌ,0.0,0.0,0.0,-0.18816786,-0.15668197,0.04499493,-0.38325712,-0.13937688,0.05141856,-0.5089956,-0.00023958196,0.054371603,-0.5799677,0.12360874,0.052666754,-0.45632645,-0.20531231,-0.042226408,-0.6906158,-0.21401466,-0.066063866,-0.8355389,-0.22930625,-0.072274394,-0.9483166,-0.2571015,-0.07470989,-0.4406247,-0.04611818,-0.08597409,-0.70630527,0.03661357,-0.11794002,-0.86415255,0.09324359,-0.12896067,-0.98373073,0.121986404,-0.13188326,-0.40875614,0.111535124,-0.120436415,-0.66719735,0.18633823,-0.16074392,-0.81275576,0.214295,-0.18254165,-0.92902976,0.2220651,-0.19204012,-0.35805914,0.25807628,-0.14491318,-0.5309434,0.23965135,-0.15002774,-0.5208063,0.17101994,-0.12159327,-0.4858565,0.12703691,-0.100708865
ㅑ,0.0,0.0,0.0,-0.10048985,-0.08332177,-0.036838878,-0.15590468,-0.24350132,-0.060461085,-0.117427275,-0.38235098,-0.091705635,-0.051646426,-0.45749274,-0.12016554,-0.164775,-0.46612182,-0.026691481,-0.2388919,-0.6438734,-0.06721028,-0.28079197,-0.7544195,-0.089392975,-0.311164,-0.8514604,-0.101475455,-0.07545667,-0.48345533,-0.044366837,-0.054965533,-0.7230081,-0.09595338,-0.03319409,-0.87115055,-0.12460209,-0.006108264,-0.9910588,-0.13328637,0.0057500773,-0.44352353,-0.06725748,0.0052589956,-0.54321146,-0.1414043,-0.023227695,-0.39824003,-0.14253703,-0.032009214,-0.29663542,-0.116012186,0.07911674,-0.37445894,-0.09255518,0.07056598,-0.474239,-0.13696776,0.040918272,-0.38461623,-0.11705052,0.027688509,-0.3060359,-0.08703311
ㅑ,0.0,0.0,0.0,-0.10048571,-0.08227394,-0.042758245,-0.15707366,-0.24065568,-0.068903185,-0.1202301,-0.38312536,-0.10146638,-0.051885422,-0.4609256,-0.13072607,-0.16338061,-0.46627337,-0.028529543,-0.226719,-0.6548466,-0.07211232,-0.26300836,-0.77190447,-0.096369535,-0.28940374,-0.8736859,-0.109300435,-0.07594175,-0.48159513,-0.043584127,-0.07184462,-0.71927696,-0.097219005,-0.0697725,-0.8665541,-0.12619554,-0.0593543,-0.98904413,-0.13516222,0.005936843,-0.4454591,-0.06498616,0.002480324,-0.548704,-0.14299625,-0.023368359,-0.40322405,-0.14469521,-0.029151304,-0.2997874,-0.11732324,0.08081045,-0.38011006,-0.08924338,0.067867234,-0.47897166,-0.13563414,0.04093258,-0.38591737,-0.11609623,0.03138335,-0.30570412,-0.086223036
ㅑ,0.0,0.0,0.0,-0.10111561,-0.08092141,-0.043714326,-0.15411079,-0.24028435,-0.07050765,-0.119941,-0.38028735,-0.10312152,-0.05208378,-0.45592886,-0.13281333,-0.15090345,-0.47521505,-0.030023105,-0.19150527,-0.6684008,-0.07229859,-0.21176524,-0.7852646,-0.09671185,-0.22350307,-0.8874959,-0.109908216,-0.064754285,-0.48465955,-0.04430345,-0.052727766,-0.7201769,-0.09454388,-0.042507652,-0.86887556,-0.12253903,-0.024214787,-0.99095863,-0.13196501,0.015024247,-0.44379047,-0.06499346,0.011793088,-0.54448307,-0.1387517,-0.015688352,-0.40493876,-0.14120246,-0.023999624,-0.30338207,-0.11641214,0.086903684,-0.37637126,-0.08884116,0.07500538,-0.47324112,-0.1340387,0.046132606,-0.3824625,-0.11612936,0.032847937,-0.30298203,-0.088417
ㅌ,0.0,0.0,0.0,-0.19368546,-0.15980777,0.04787559,-0.38738096,-0.13744417,0.048243165,-0.50783867,0.015730256,0.046190873,-0.5743467,0.14036925,0.03969707,-0.45652196,-0.2136767,-0.061263163,-0.68226856,-0.26298138,-0.09795925,-0.8198315,-0.30353436,-0.11113064,-0.9265951,-0.3581469,-0.11468385,-0.4350653,-0.05721323,-0.10622967,-0.70333606,0.029997231,-0.1508286,-0.86090255,0.09355626,-0.1612432,-0.97648865,0.12658195,-0.15916029,-0.3984123,0.09587021,-0.14114916,-0.66102517,0.1696022,-0.2011862,-0.81415915,0.20325719,-0.22985695,-0.93830615,0.21632953,-0.23684084,-0.34628096,0.24718364,-0.16283603,-0.530775,0.22763006,-0.1692073,-0.51050395,0.15662555,-0.13244992,-0.4638162,0.113546394,-0.10445306
ㅏ,0.0,0.0,0.0,-0.14778508,-0.027980048,-0.042012855,-0.25848967,-0.05999072,-0.12107688,-0.31563133,-0.111778215,-0.21109338,-0.24863294,-0.122755855,-0.30101404,-0.22659948,-0.45573613,-0.11206564,-0.2859894,-0.64374864,-0.20361598,-0.3380638,-0.77794486,-0.25346538,-0.3702886,-0.88364977,-0.28644267,-0.117898375,-0.4994135,-0.14580984,-0.2602033,-0.37923673,-0.24905561,-0.24453887,-0.19592577,-0.2576834,-0.1988937,-0.1701216,-0.24713832,-0.025106167,-0.45619783,-0.1831969,-0.15672863,-0.26839596,-0.2745555,-0.14591075,-0.13803609,-0.24790524,-0.10570884,-0.14514,-0.21550313,0.051059444,-0.37136766,-0.22623993,-0.046737164,-0.21285115,-0.2751307,-0.055746417,-0.12808862,-0.24905561,-0.028235665,-0.13829333,-0.22067982
ㅑ,0.0,0.0,0.0,-0.10342342,-0.070774354,-0.04324508,-0.16344406,-0.22904179,-0.069762856,-0.13332918,-0.3719757,-0.10223074,-0.064678065,-0.4481487,-0.1318407,-0.16242526,-0.46490073,-0.03260986,-0.210706,-0.65943974,-0.074354276,-0.23371005,-0.77650684,-0.09726451,-0.24691127,-0.8790847,-0.10925842,-0.07576309,-0.47761813,-0.04718058,-0.067721196,-0.71557003,-0.09792043,-0.05862374,-0.8665787,-0.12537521,-0.04215056,-0.990085,-0.13399586,0.004798183,-0.44058698,-0.06770141,-0.0028053187,-0.5390977,-0.14345978,-0.026186317,-0.3944836,-0.14655197,-0.032691024,-0.28849113,-0.121064916,0.07852195,-0.37652874,-0.09117386,0.062759206,-0.47055966,-0.13839985,0.03578476,-0.37854028,-0.12143972,0.023045782,-0.29690823,-0.09365697
ㅏ,0.0,0.0,0.0,-0.113054946,0.022138206,-0.12715839,-0.1917773,-0.04211403,-0.20614265,-0.060398616,-0.048583042,-0.26912582,0.083017506,-0.059137955,-0.3292151,-0.107276395,-0.38887164,-0.18197075,-0.09226587,-0.6264268,-0.2830842,-0.06633666,-0.78019917,-0.3392584,-0.033441562,-0.9248247,-0.37892073,0.007759272,-0.43820488,-0.16537383,0.05535283,-0.3252623,-0.28257355,0.013138946,-0.13335958,-0.30010673,-0.029431334,-0.105993845,-0.29482976,0.10733552,-0.4072579,-0.16009687,0.15738828,-0.2521287,-0.26504043,0.09226814,-0.101059556,-0.2325275,0.036751788,-0.10522193,-0.19507805,0.19510916,-0.34788558,-0.16690585,0.22613232,-0.21715829,-0.23882581,0.1568265,-0.10105097,-0.21278141,0.102823846,-0.09573585,-0.17873648
ㅑ,0.0,0.0,0.0,-0.10197244,-0.068958126,-0.043369375,-0.16520706,-0.22756818,-0.07107407,-0.13727328,-0.3699705,-0.10479946,-0.06639081,-0.44117638,-0.13574968,-0.1547097,-0.4704915,-0.035914037,-0.19384646,-0.6732059,-0.0778944,-0.2086987,-0.79434854,-0.1000017,-0.21483372,-0.8992778,-0.111196466,-0.068632804,-0.4786954,-0.050754152,-0.059808698,-0.71663594,-0.10235356,-0.04859046,-0.8674652,-0.12944674,-0.031055065,-0.99002266,-0.137443,0.011440391,-0.4392679,-0.07126221,0.0024078544,-0.5372293,-0.14741482,-0.023215406,-0.3938357,-0.15014294,-0.031421673,-0.2881559,-0.124460846,0.08344212,-0.3750096,-0.09463951,0.06760474,-0.4673658,-0.14224076,0.0404028,-0.37480432,-0.1256838,0.027461777,-0.29322624,-0.0982143
ㅏ,0.0,0.0,0.0,-0.11901073,-0.023716606,-0.06861844,-0.2370112,-0.07074543,-0.14607549,-0.25219008,-0.14259811,-0.22516076,-0.15985334,-0.15806271,-0.30331564,-0.20893101,-0.45523092,-0.12551332,-0.24537942,-0.6493219,-0.21101846,-0.27248168,-0.7921006,-0.25698096,-0.28796625,-0.9130549,-0.28880113,-0.09074158,-0.50545144,-0.14086516,-0.17664479,-0.40773496,-0.2433969,-0.17307201,-0.21664998,-0.25660878,-0.14784934,-0.17860791,-0.24767677,0.012874142,-0.47232106,-0.16086909,-0.07283511,-0.3086518,-0.2521428,-0.07888653,-0.16714309,-0.22813807,-0.056611028,-0.16170882,-0.19557355,0.1056017,-0.4018081,-0.18850242,0.03284918,-0.26803413,-0.24116388,0.0063156737,-0.16866389,-0.21790354,0.015420411,-0.16770548,-0.18896762
ㅑ,0.0,0.0,0.0,-0.104843594,-0.07033939,-0.04416524,-0.16917308,-0.22826864,-0.071797155,-0.14275727,-0.37406024,-0.10533333,-0.0700252,-0.4499249,-0.13575205,-0.16086908,-0.4702823,-0.033112478,-0.19943659,-0.6752465,-0.07496183,-0.21373983,-0.79752004,-0.0971146,-0.21968444,-0.9026187,-0.10845077,-0.07537799,-0.4809594,-0.047424395,-0.06993961,-0.7196706,-0.098720565,-0.06102141,-0.86844915,-0.1252661,-0.04583338,-0.99006677,-0.132918,0.0045151412,-0.44424078,-0.067876734,-0.006220468,-0.5483677,-0.14434865,-0.029952716,-0.40128925,-0.1459546,-0.036776133,-0.29291418,-0.11922013,0.07778065,-0.38168725,-0.09130482,0.060643908,-0.47571644,-0.13905843,0.033779442,-0.38217214,-0.122243114,0.021189615,-0.29976317,-0.09437503
ㅌ,0.0,0.0,0.0,-0.19499616,-0.15190773,0.046248004,-0.39142826,-0.12529835,0.050573226,-0.5161419,0.015295266,0.05165453,-0.5885239,0.14068383,0.049800865,-0.4684546,-0.19855046,-0.044890672,-0.6961637,-0.22559883,-0.07352985,-0.8378709,-0.24092752,-0.082118504,-0.9484302,-0.2681511,-0.084342904,-0.44163877,-0.052283227,-0.08959496,-0.704916,0.062175136,-0.12778053,-0.8582323,0.1472463,-0.13618383,-0.97027904,0.2012812,-0.13433015,-0.39994293,0.09748581,-0.12549433,-0.6564118,0.20306511,-0.1737515,-0.79526013,0.25037238,-0.19364755,-0.9075053,0.27796116,-0.19821991,-0.3434579,0.24493396,-0.15064242,-0.52133805,0.25794533,-0.15348473,-0.49785334,0.19565172,-0.11733819,-0.45163745,0.15344867,-0.09046
ㅏ,0.0,0.0,0.0,-0.14969577,-0.030515874,-0.045265723,-0.26374856,-0.0825185,-0.120898895,-0.3244083,-0.15392978,-0.20569974,-0.25498503,-0.15520202,-0.2910736,-0.21594268,-0.4646338,-0.111635745,-0.27548242,-0.65419453,-0.19786903,-0.32483396,-0.7886763,-0.24351631,-0.3557893,-0.893416,-0.27426618,-0.10634467,-0.49821204,-0.1423856,-0.25397328,-0.4161537,-0.24466228,-0.2424504,-0.23370129,-0.25134704,-0.19868508,-0.19798,-0.2391235,-0.015777133,-0.45786735,-0.17685981,-0.16015384,-0.31062728,-0.2664355,-0.14751449,-0.17724486,-0.23721357,-0.101700105,-0.17136233,-0.20264384,0.057715695,-0.37936997,-0.21735029,-0.05104325,-0.25787064,-0.26357058,-0.06101164,-0.17104614,-0.23587662,-0.030972002,-0.16976011,-0.20741867
ㅏ,0.0,0.0,0.0,-0.11105811,-0.03477164,-0.08422115,-0.20984057,-0.13112254,-0.14419794,-0.13196126,-0.18210967,-0.19811375,-0.014655326,-0.18665284,-0.24985844,-0.13970466,-0.46967834,-0.11724004,-0.14212951,-0.6819133,-0.19196227,-0.13944796,-0.822664,-0.23520347,-0.12931713,-0.95466346,-0.2681319,-0.023210935,-0.50471616,-0.11950161,-0.04637113,-0.41420376,-0.22036758,-0.06779573,-0.24490987,-0.24479255,-0.072311476,-0.20576511,-0.24443069,0.07556049,-0.46641695,-0.12836696,0.052419998,-0.3124354,-0.21928202,0.012754927,-0.1738614,-0.20390336,-0.0081589455,-0.17413162,-0.17730732,0.16129914,-0.40129566,-0.14582628,0.13430308,-0.25932056,-0.20028484,0.08407371,-0.14912343,-0.18083537,0.059202995,-0.14745726,-0.15360606
ㅍ,0.0,0.0,0.0,-0.18040639,-0.001634728,-0.09345993,-0.34478572,-0.114807524,-0.15186402,-0.4229075,-0.2330591,-0.21369603,-0.3387026,-0.28115737,-0.27345836,-0.2749858,-0.61174357,-0.06577782,-0.27995294,-0.8774636,-0.16311796,-0.30449316,-0.88825506,-0.24241298,-0.30450237,-0.7653446,-0.27785647,-0.14533737,-0.646589,-0.06952913,-0.14351869,-0.97911894,-0.14397332,-0.16523458,-0.9529756,-0.20101918,-0.1707402,-0.8030174,-0.22611418,-0.023219101,-0.62355393,-0.08783296,-0.0164958,-0.9251885,-0.1504411,-0.039902605,-0.9064355,-0.1843323,-0.045327544,-0.7674737,-0.19351655,0.10463556,-0.55842125,-0.11680863,0.113820314,-0.7906596,-0.1650583,0.09103813,-0.79754984,-0.18071035,0.07660188,-0.7074322,-0.1810984
ㅓ,0.0,0.0,0.0,-0.12523243,-0.2757429,-0.014123683,-0.27842227,-0.50772876,-0.05690179,-0.43563074,-0.5833658,-0.10118731,-0.5439694,-0.57243645,-0.15129991,-0.05910735,-0.67752004,-0.107521065,-0.13854034,-0.76342994,-0.18707289,-0.21657911,-0.84798884,-0.23429728,-0.28174558,-0.92042816,-0.27098233,-0.02055259,-0.5319633,-0.14988115,-0.36640194,-0.575673,-0.23855354,-0.4668011,-0.4623741,-0.24686344,-0.46995533,-0.38427836,-0.24767417,-0.03576396,-0.3343188,-0.19284928,-0.40228447,-0.36597744,-0.28699407,-0.45033038,-0.28245345,-0.26044297,-0.4022755,-0.24137512,-0.22679813,-0.083183676,-0.13147712,-0.23490532,-0.38375732,-0.19412038,-0.31861207,-0.4371663,-0.1702959,-0.3107076,-0.4032585,-0.155293,-0.29003426
ㅍ,0.0,0.0,0.0,-0.1886172,0.0041898703,-0.06349065,-0.3449595,-0.14211734,-0.09802403,-0.43793333,-0.26031378,-0.14035106,-0.44468835,-0.31539404,-0.1816998,-0.28206614,-0.61311823,-0.03335955,-0.28811806,-0.87798107,-0.12215502,-0.321909,-0.87936354,-0.19643927,-0.32806215,-0.7598606,-0.23022261,-0.1607784,-0.64717597,-0.0463381,-0.15748757,-0.9801545,-0.120394096,-0.19402668,-0.9257456,-0.1726996,-0.1979187,-0.7655903,-0.19226524,-0.041314773,-0.625267,-0.072132155,-0.03167905,-0.9364273,-0.13865536,-0.06861261,-0.8783223,-0.16291678,-0.071585745,-0.7303112,-0.16239502,0.089121215,-0.5630642,-0.10558943,0.08929027,-0.7872776,-0.16109066,0.062113903,-0.7534667,-0.1716561,0.05899371,-0.64118177,-0.16500379
ㅓ,0.0,0.0,0.0,-0.124364905,-0.27903786,-0.009777085,-0.2968591,-0.5189593,-0.052711174,-0.4673221,-0.5951656,-0.097262025,-0.5679253,-0.56528616,-0.1474074,-0.09289319,-0.669712,-0.10727057,-0.18194771,-0.76096606,-0.18569648,-0.27583864,-0.84104943,-0.22952877,-0.35448954,-0.89719313,-0.26340383,-0.061407924,-0.5152763,-0.15274528,-0.43020204,-0.54754215,-0.24164166,-0.5028723,-0.44781426,-0.24533714,-0.48320928,-0.3786552,-0.2424629,-0.077660866,-0.30891308,-0.19811735,-0.45757148,-0.33451167,-0.29502058,-0.47844797,-0.26899287,-0.26381445,-0.40883207,-0.24027693,-0.2246015,-0.12353442,-0.09946053,-0.24143638,-0.4318053,-0.16802633,-0.32540548,-0.46438426,-0.15221372,-0.3132926,-0.41228682,-0.13710174,-0.28865618
ㅍ,0.0,0.0,0.0,-0.16314909,0.04519178,-0.114595264,-0.3334662,-0.046831008,-0.18964432,-0.38662285,-0.14199223,-0.26456705,-0.28940657,-0.16837034,-0.33809993,-0.26887873,-0.5423573,-0.124071166,-0.2659181,-0.83144736,-0.24637336,-0.28569844,-0.80046874,-0.33784726,-0.2827803,-0.64901716,-0.3810573,-0.13587612,-0.57876855,-0.12704027,-0.13199463,-0.9621206,-0.23853993,-0.14069727,-0.8809697,-0.3158632,-0.14272647,-0.698587,-0.35073447,-0.014139154,-0.5680067,-0.14327563,-0.0010796926,-0.89133567,-0.22552639,-0.013569038,-0.8261152,-0.26936817,-0.019007763,-0.67056656,-0.28351885,0.110752545,-0.51899296,-0.17119794,0.119226694,-0.76347655,-0.2211043,0.10252114,-0.74454176,-0.24018243,0.094163656,-0.63695824,-0.24725777
ㅓ,0.0,0.0,0.0,-0.12785147,-0.2932677,-0.013429409,-0.29738727,-0.52416986,-0.05551056,-0.46733767,-0.5886182,-0.09888475,-0.5770371,-0.5609624,-0.14973547,-0.0904238,-0.675517,-0.104978636,-0.17340665,-0.75926757,-0.18005128,-0.2627088,-0.8403525,-0.22429603,-0.34106085,-0.9047303,-0.25522637,-0.04926806,-0.51388454,-0.14768709,-0.37466362,-0.56001556,-0.21978961,-0.5081747,-0.533069,-0.2285976,-0.55888605,-0.503304,-0.23085079,-0.062601104,-0.30266127,-0.1900883,-0.42466968,-0.33350387,-0.27038428,-0.4844632,-0.31730172,-0.24396034,-0.45164767,-0.31761417,-0.20862602,-0.11339934,-0.08837087,-0.23146531,-0.41928276,-0.15456258,-0.30233884,-0.4604169,-0.16001028,-0.28431317,-0.41224927,-0.15959167,-0.25399733
ㅓ,0.0,0.0,0.0,-0.14689909,-0.27915096,-0.01889479,-0.30968088,-0.5185875,-0.060048446,-0.4742044,-0.59860545,-0.10242978,-0.579869,-0.5749823,-0.14966843,-0.085356355,-0.70985466,-0.094423234,-0.1680645,-0.78242844,-0.17198,-0.26095882,-0.85013515,-0.21767068,-0.33920497,-0.9062886,-0.25215223,-0.03392381,-0.5597817,-0.13493638,-0.38682717,-0.56413805,-0.22525023,-0.50162804,-0.45238397,-0.2408363,-0.5225756,-0.3717315,-0.24553351,-0.035291184,-0.35353053,-0.17699744,-0.41316336,-0.3459254,-0.2782002,-0.4716869,-0.2684599,-0.26346818,-0.43646175,-0.24138857,-0.23443107,-0.06919091,-0.14174016,-0.21756396,-0.38571712,-0.17441604,-0.30318063,-0.44174615,-0.14936991,-0.2989105,-0.4108084,-0.14036074,-0.27948126
ㅓ,0.0,0.0,0.0,-0.17449503,-0.2600968,-0.09031655,-0.35998017,-0.47507688,-0.18838868,-0.534692,-0.5358067,-0.26721945,-0.64729416,-0.48511618,-0.3561617,-0.08837914,-0.61586624,-0.33829474,-0.14616323,-0.7217988,-0.4979196,-0.22069538,-0.7454769,-0.57959735,-0.27212957,-0.7295092,-0.62750447,-0.040105622,-0.41761547,-0.3589105,-0.36238843,-0.45439008,-0.52226585,-0.56853557,-0.37803546,-0.5572145,-0.663448,-0.291838,-0.57881194,-0.059094205,-0.1672621,-0.37952626,-0.41905102,-0.1946433,-0.55368036,-0.60354966,-0.1824019,-0.5752778,-0.67063046,-0.16235587,-0.57174367,-0.11572674,0.06430863,-0.39641154,-0.40867183,0.004949225,-0.54857546,-0.56608015,-0.04364624,-0.58823633,-0.6412318,-0.071003854,-0.6023728
ㅓ,0.0,0.0,0.0,-0.16277464,-0.28004998,-0.01611016,-0.3948433,-0.50551075,-0.06558407,-0.5897876,-0.57577914,-0.11572417,-0.7037493,-0.53566664,-0.17434783,-0.15610144,-0.70443213,-0.134214,-0.27006358,-0.7557439,-0.2301436,-0.38463306,-0.8050759,-0.28235024,-0.46880594,-0.82506657,-0.3154144,-0.11461696,-0.5140109,-0.18217883,-0.5262505,-0.5104872,-0.28343785,-0.6595274,-0.3792119,-0.28974617,-0.6745257,-0.26257893,-0.28343785,-0.12229045,-0.26470172,-0.2301436,-0.5619905,-0.26050428,-0.34739092,-0.64324915,-0.18693674,-0.31845978,-0.59873873,-0.1332784,-0.27147385,-0.16287282,-0.015022568,-0.27473676,-0.5180681,-0.0838721,-0.37262413,-0.60106426,-0.075537786,-0.36109516,-0.57467437,-0.054936808,-0.33194652
ㅍ,0.0,0.0,0.0,-0.19165891,0.008889023,-0.07362536,-0.35702416,-0.13370523,-0.11742355,-0.45225292,-0.254373,-0.16765502,-0.3860129,-0.3054242,-0.21717165,-0.27395636,-0.6139015,-0.051596306,-0.27154082,-0.90199405,-0.14790033,-0.31541798,-0.8828629,-0.22691901,-0.3255121,-0.73669225,-0.26239946,-0.1519244,-0.6408556,-0.06170107,-0.146532,-0.97925276,-0.13997248,-0.1866887,-0.9074865,-0.19442779,-0.19515494,-0.7421896,-0.21561208,-0.032200646,-0.62013024,-0.08506228,-0.024944259,-0.9330866,-0.14855017,-0.06475239,-0.88130826,-0.17454314,-0.069593675,-0.73334414,-0.17701247,0.093819484,-0.5648118,-0.11755351,0.095729,-0.79609257,-0.16661528,0.064463675,-0.7737093,-0.17818217,0.05493721,-0.6680417,-0.17506303
ㅓ,0.0,0.0,0.0,-0.1592308,-0.2623188,-0.073133394,-0.3496726,-0.46458295,-0.17009355,-0.5313727,-0.5325853,-0.25518897,-0.6628261,-0.52861893,-0.35185736,-0.085820794,-0.6164664,-0.29564574,-0.14572228,-0.69270253,-0.44735876,-0.21866797,-0.7452794,-0.5317734,-0.2807841,-0.76261526,-0.58273345,-0.043514457,-0.41268688,-0.32676637,-0.38542208,-0.42702445,-0.4804244,-0.58144385,-0.36241236,-0.5154351,-0.67894125,-0.29114237,-0.5364415,-0.062483747,-0.16813254,-0.357498,-0.43487737,-0.18938394,-0.5177691,-0.60150594,-0.18097535,-0.5208812,-0.66498375,-0.17006361,-0.5045429,-0.1182986,0.05847153,-0.3855065,-0.4131649,-0.0073323515,-0.51815814,-0.5585059,-0.05091898,-0.5337184,-0.6301459,-0.08143198,-0.52982837
ㅓ,0.0,0.0,0.0,-0.17214566,-0.25788462,-0.015455193,-0.3575916,-0.4493303,-0.091659546,-0.5271819,-0.5236325,-0.1720124,-0.6517751,-0.55874133,-0.2594321,-0.09732677,-0.6669746,-0.18269123,-0.14728099,-0.7881536,-0.31847972,-0.14563218,-0.860391,-0.39700043,-0.11718421,-0.8894224,-0.44180956,-0.03376526,-0.52186406,-0.23283978,-0.3981751,-0.59403896,-0.3459096,-0.56380117,-0.44629526,-0.33585894,-0.5979893,-0.3266081,-0.31952664,-0.039582614,-0.31491014,-0.28623387,-0.41577867,-0.39061287,-0.40035066,-0.5375937,-0.30200434,-0.34842226,-0.53094965,-0.21623774,-0.29335305,-0.08270697,-0.110133104,-0.338581,-0.389192,-0.19105062,-0.45144147,-0.5185228,-0.16962633,-0.44222835,-0.54660255,-0.13458043,-0.41249517
ㅓ,0.0,0.0,0.0,-0.13639267,-0.2556673,-0.033491764,-0.23778899,-0.47456273,-0.097713314,-0.34972575,-0.58772904,-0.16480264,-0.38407868,-0.54750246,-0.23383884,-0.019141594,-0.66129386,-0.111025944,-0.047835443,-0.8068611,-0.2036355,-0.038903948,-0.893381,-0.25762266,-0.0008168682,-0.95488274,-0.29698172,0.047306128,-0.5426106,-0.14491262,-0.25466543,-0.5786121,-0.24436265,-0.3384165,-0.45941314,-0.24815123,-0.30261153,-0.4045729,-0.24309981,0.047027282,-0.37030062,-0.18500836,-0.26421708,-0.38910526,-0.281196,-0.30242908,-0.3042163,-0.25320265,-0.23484465,-0.27137682,-0.21973693,0.011820263,-0.20145968,-0.22794552,-0.25578636,-0.2362904,-0.303296,-0.31093112,-0.19876115,-0.29677126,-0.28230426,-0.18368769,-0.2793017
ㅓ,0.0,0.0,0.0,-0.1401325,-0.2630214,-0.021978356,-0.25807196,-0.48348284,-0.07622267,-0.37852952,-0.56357044,-0.1332494,-0.43229973,-0.5085736,-0.19277774,-0.04519135,-0.6306448,-0.10649738,-0.08586542,-0.7746864,-0.18164808,-0.10301751,-0.87467736,-0.22381824,-0.09709134,-0.9608903,-0.2593515,0.013323406,-0.51800567,-0.14039688,-0.28858402,-0.55850655,-0.22422667,-0.37629923,-0.456001,-0.22422667,-0.35801378,-0.41246772,-0.22075504,0.006653412,-0.348765,-0.177768,-0.29380694,-0.3797172,-0.2644568,-0.33793747,-0.3136422,-0.2424017,-0.28686807,-0.2853425,-0.2146286,-0.03204413,-0.17956144,-0.2160581,-0.2829704,-0.22008315,-0.29284257,-0.3655182,-0.21096049,-0.29733527,-0.3765743,-0.20718658,-0.28896245
ㅓ,0.0,0.0,0.0,-0.13584091,-0.25139886,-0.02415734,-0.24330178,-0.46826282,-0.07200964,-0.35504118,-0.57210666,-0.12230149,-0.42665097,-0.573212,-0.1743448,-0.032807767,-0.6340237,-0.10238492,-0.061691057,-0.7724492,-0.18425302,-0.065060146,-0.87693113,-0.23179257,-0.04918148,-0.9619331,-0.2688234,0.02828413,-0.5202553,-0.13761424,-0.27185255,-0.57717746,-0.23179257,-0.3782612,-0.47812167,-0.23759739,-0.375384,-0.41811904,-0.2333939,0.022791771,-0.34960362,-0.17744736,-0.27869874,-0.38437766,-0.27322704,-0.331259,-0.3249824,-0.25020787,-0.28627193,-0.2984732,-0.21818125,-0.01548864,-0.17612627,-0.21858159,-0.26613522,-0.21696705,-0.30345216,-0.3493649,-0.21061635,-0.30665487,-0.35728183,-0.2136338,-0.293644
ㅑ,0.0,0.0,0.0,-0.118059024,-0.0471358,-0.07606862,-0.19583467,-0.1589181,-0.116014145,-0.11386513,-0.21781282,-0.1550843,-0.008306827,-0.23901288,-0.18982355,-0.1532632,-0.46375176,-0.06630107,-0.18483083,-0.6575563,-0.1299283,-0.19984989,-0.78417397,-0.16402254,-0.2027783,-0.8976559,-0.18125394,-0.045069188,-0.4882201,-0.07491678,-0.03650198,-0.7053598,-0.1502927,-0.030477999,-0.84997916,-0.1920351,-0.016248662,-0.9787561,-0.20438275,0.046985578,-0.44776464,-0.092194274,0.027200608,-0.44051605,-0.19793248,-0.022425797,-0.29434547,-0.22244348,-0.0465075,-0.2057161,-0.20272408,0.12251111,-0.36890876,-0.115000546,0.075817086,-0.30862877,-0.18687488,0.027255947,-0.2035427,-0.19074504,0.0010052175,-0.14706095,-0.17176282
ㅑ,0.0,0.0,0.0,-0.14032426,0.004860053,-0.06471662,-0.26768774,-0.05809856,-0.110676415,-0.27009708,-0.12479982,-0.15912712,-0.17929265,-0.13428207,-0.20181453,-0.27408925,-0.4043478,-0.07184747,-0.36186552,-0.5874506,-0.1375392,-0.41442853,-0.700706,-0.17504944,-0.45477444,-0.8059071,-0.19732113,-0.1658743,-0.46455365,-0.09387496,-0.22208452,-0.67245495,-0.17192358,-0.27462524,-0.80304545,-0.21353647,-0.3078402,-0.92352396,-0.22877502,-0.06470615,-0.4506747,-0.12298445,-0.15916385,-0.38206038,-0.22213258,-0.17881122,-0.22823218,-0.23971549,-0.16795771,-0.15324475,-0.2197882,0.016714247,-0.3802657,-0.1586387,-0.087317124,-0.25971764,-0.21822526,-0.11346629,-0.15762942,-0.21842062,-0.10762208,-0.12042045,-0.20161918
ㅑ,0.0,0.0,0.0,-0.10231043,-0.07796687,-0.077402696,-0.14837189,-0.19923721,-0.122794464,-0.059075892,-0.21668467,-0.16854788,0.052212,-0.208116,-0.21176952,-0.06816455,-0.4867605,-0.07708622,-0.06575052,-0.68525046,-0.14693707,-0.05837783,-0.8141397,-0.18717478,-0.04142245,-0.93058634,-0.20996107,0.039150383,-0.47132877,-0.08866022,0.09757489,-0.6809887,-0.17008506,0.14101315,-0.82258725,-0.21647145,0.18635808,-0.95416135,-0.23419411,0.11616479,-0.39731783,-0.108598225,0.14669429,-0.4221547,-0.22026917,0.07140221,-0.28630546,-0.24468306,0.019279657,-0.20683189,-0.2265987,0.17061265,-0.28778067,-0.13364506,0.15750897,-0.2545524,-0.2150247,0.08762947,-0.16646141,-0.22063085,0.035234157,-0.12422323,-0.20272732
ㅑ,0.0,0.0,0.0,-0.11819172,-0.040749054,-0.06769139,-0.20652573,-0.1208613,-0.114369184,-0.13095973,-0.1483628,-0.163485,-0.017253824,-0.14649817,-0.20940922,-0.16398023,-0.4382051,-0.076424085,-0.2033543,-0.64886487,-0.15009786,-0.22699268,-0.7775129,-0.18990473,-0.23479599,-0.89754486,-0.21100503,-0.045008484,-0.47251117,-0.09619454,-0.036677085,-0.6820112,-0.1817483,-0.030498367,-0.8265112,-0.22962296,-0.012693131,-0.9695172,-0.24469459,0.053241603,-0.433284,-0.12323485,0.01126627,-0.34688047,-0.23104145,-0.036844622,-0.20847027,-0.25320566,-0.05842211,-0.15082385,-0.23228264,0.12886071,-0.34881976,-0.15630384,0.067900345,-0.22322953,-0.22306237,0.009644924,-0.12567484,-0.22199847,-0.025114493,-0.09454261,-0.20054352
ㅎ,0.0,0.0,0.0,-0.089203216,-0.24238016,-0.08341041,-0.09851867,-0.53946227,-0.12932393,-0.099947326,-0.7625008,-0.16616696,-0.09970521,-0.9754849,-0.19618374,0.14302616,-0.54676205,-0.148213,-0.16750802,-0.4710872,-0.2433129,-0.15664057,-0.37160343,-0.30166325,-0.061966226,-0.364868,-0.34860536,0.19220798,-0.36222753,-0.15793806,-0.17188327,-0.29926834,-0.23676719,-0.12465173,-0.23876333,-0.25509518,-0.02902875,-0.25000826,-0.2827742,0.18969792,-0.1663569,-0.17738819,-0.15430886,-0.110296495,-0.24929756,-0.10969227,-0.07070891,-0.23414889,-0.018887265,-0.0981199,-0.2324657,0.16793181,0.020209534,-0.20871411,-0.10550242,0.0500071,-0.2762285,-0.0752091,0.059027314,-0.29100314,0.0075068544,0.03995874,-0.30334646
ㅑ,0.0,0.0,0.0,-0.14827104,0.0006517017,-0.05514931,-0.26872385,-0.0511822,-0.103994414,-0.2918546,-0.09765327,-0.15864973,-0.20458338,-0.107102685,-0.20700246,-0.2745786,-0.4081252,-0.075977415,-0.35886246,-0.60020596,-0.14407499,-0.40964893,-0.70563954,-0.18277685,-0.45020884,-0.80763495,-0.20680551,-0.16799587,-0.46273026,-0.10330508,-0.20689192,-0.66596437,-0.1893749,-0.25084987,-0.8003028,-0.23693977,-0.27834046,-0.9252334,-0.25781712,-0.06607852,-0.43923986,-0.13540892,-0.1554543,-0.37242424,-0.23378849,-0.18658607,-0.22383176,-0.2509237,-0.18762988,-0.1491992,-0.23359154,0.013593266,-0.35718572,-0.17361842,-0.08660946,-0.23168315,-0.23201591,-0.12793387,-0.13191552,-0.23319761,-0.1392275,-0.08806502,-0.21842593
ㅑ,0.0,0.0,0.0,-0.118772835,-0.022878569,-0.106575914,-0.16192037,-0.09955127,-0.17170916,-0.046152223,-0.0971135,-0.23098294,0.082576744,-0.09117784,-0.28855833,-0.09848803,-0.40659776,-0.13188192,-0.10143073,-0.6286077,-0.21790536,-0.09304382,-0.76326704,-0.264611,-0.07732508,-0.8870746,-0.28991705,0.018358657,-0.42477506,-0.1331557,0.095569566,-0.6445393,-0.23149246,0.14674564,-0.7935399,-0.2861806,0.19195314,-0.9325739,-0.30571204,0.10205775,-0.3705227,-0.14198734,0.1678443,-0.3489998,-0.26732847,0.098626584,-0.19629931,-0.2922948,0.037495982,-0.11428377,-0.2705554,0.16171455,-0.28039995,-0.15718791,0.18362243,-0.20253134,-0.25119376,0.11597243,-0.09978907,-0.25391117,0.05186623,-0.04981425,-0.2291147
ㅎ,0.0,0.0,0.0,-0.09263368,-0.30099347,-0.05437334,-0.12826139,-0.58464503,-0.08962979,-0.1339986,-0.78875655,-0.12126128,-0.13895409,-0.98036253,-0.1399323,0.03973298,-0.57323253,-0.10656282,-0.22523458,-0.5252232,-0.19097967,-0.191198,-0.42793763,-0.23318811,-0.10435755,-0.44290018,-0.26556447,0.0622191,-0.4159237,-0.12314823,-0.2496409,-0.37678897,-0.19981861,-0.18726173,-0.3094885,-0.21491432,-0.10752407,-0.32730877,-0.23676342,0.05239917,-0.2518948,-0.14728154,-0.2447365,-0.21976635,-0.21551022,-0.1811987,-0.16166899,-0.20458567,-0.111462235,-0.17513295,-0.20339392,0.019521946,-0.10184445,-0.17886336,-0.21640429,-0.087975584,-0.22762652,-0.16320463,-0.06399338,-0.23616754,-0.0839857,-0.06909195,-0.24729069
ㅑ,0.0,0.0,0.0,-0.12004126,-0.051074054,-0.07790764,-0.19636638,-0.16862154,-0.11829829,-0.12321316,-0.22812542,-0.15736543,-0.01640812,-0.2451685,-0.19168606,-0.13394782,-0.47156432,-0.0698295,-0.15693492,-0.66600555,-0.13618885,-0.16941243,-0.79379255,-0.1726089,-0.1711514,-0.9088718,-0.1918686,-0.02287786,-0.4859437,-0.07918553,-0.0021499763,-0.69879746,-0.15645264,0.010104924,-0.843917,-0.19971856,0.028992752,-0.9763725,-0.21414053,0.06742079,-0.43242845,-0.09739556,0.038040288,-0.4288541,-0.20464757,-0.018759578,-0.29336527,-0.22892761,-0.04682372,-0.21530278,-0.20975916,0.13730617,-0.33879966,-0.121493034,0.077976,-0.2929064,-0.1944244,0.017432692,-0.19960241,-0.19880576,-0.01747329,-0.1520575,-0.18082395
ㅕ,0.0,0.0,0.0,-0.15550594,-0.21131025,-0.05834602,-0.25534448,-0.3677782,-0.124420606,-0.3550847,-0.39834517,-0.18747893,-0.41114926,-0.3795887,-0.2569468,-0.04200714,-0.5492574,-0.1664595,-0.095206276,-0.7190784,-0.24431628,-0.12631117,-0.82762843,-0.29351875,-0.14841537,-0.93254185,-0.32914814,0.03240434,-0.43081155,-0.18559378,-0.0987998,-0.49914432,-0.27617538,-0.19252574,-0.55048203,-0.31689468,-0.26454383,-0.60089284,-0.3436638,0.052670877,-0.27948475,-0.20321998,-0.19595163,-0.25411987,-0.28522408,-0.28347847,-0.22888367,-0.29295322,-0.32156432,-0.2233685,-0.290314,0.026467504,-0.12727007,-0.22452217,-0.19524918,-0.10608149,-0.27523276,-0.28120902,-0.10735476,-0.26995435,-0.3204856,-0.12519786,-0.26241374
ㅑ,0.0,0.0,0.0,-0.119107336,-0.040196434,-0.067395546,-0.20984009,-0.1475083,-0.111348145,-0.19576861,-0.23422544,-0.15704054,-0.11124794,-0.24008328,-0.19797139,-0.14279537,-0.46865126,-0.069410026,-0.18231504,-0.6635478,-0.13094369,-0.20554976,-0.78777647,-0.16912751,-0.21998309,-0.90041965,-0.19266047,-0.041540477,-0.48171782,-0.08543442,-0.038385004,-0.6997045,-0.15804777,-0.048783477,-0.84701675,-0.20108467,-0.04983787,-0.9740721,-0.2206802,0.04488627,-0.43117857,-0.10786856,-0.017007528,-0.4816004,-0.2093258,-0.07983121,-0.3490832,-0.2287382,-0.105246924,-0.25135642,-0.2113403,0.10915653,-0.3378337,-0.1357052,0.021251757,-0.33336395,-0.20895953,-0.044098057,-0.24531956,-0.2133548,-0.07726331,-0.17580523,-0.19760509
ㅎ,0.0,0.0,0.0,-0.072733715,-0.25136676,-0.09562845,-0.050788328,-0.53737706,-0.14540972,-0.008444856,-0.76562846,-0.18159385,0.031452686,-0.977503,-0.20856337,0.22393939,-0.5072868,-0.1693452,-0.065054975,-0.4520039,-0.245197,-0.07646487,-0.36728993,-0.28070688,0.006127374,-0.35068032,-0.31419405,0.28445968,-0.31025657,-0.16788432,-0.09390006,-0.25541463,-0.22339663,-0.064173855,-0.22099248,-0.23283598,0.039764024,-0.22789763,-0.25958076,0.27152556,-0.10756163,-0.17282873,-0.079968035,-0.07485289,-0.22643071,-0.05757099,-0.052258674,-0.2042932,0.042931177,-0.064708054,-0.20316947,0.22664918,0.091761366,-0.19092081,-0.03727638,0.09641662,-0.25171465,-0.028936258,0.0797658,-0.2627272,0.052424777,0.06352529,-0.27194178
ㅕ,0.0,0.0,0.0,-0.1397769,-0.16475527,-0.07954972,-0.24293673,-0.3016398,-0.15994655,-0.32751697,-0.31610128,-0.23897593,-0.35635576,-0.28378475,-0.31838253,-0.059681173,-0.5284808,-0.17267802,-0.048088267,-0.734018,-0.26594776,-0.039426856,-0.84224665,-0.32573846,-0.0057353848,-0.9295138,-0.36874253,0.049137108,-0.424378,-0.19880109,0.024780182,-0.48409137,-0.31857115,0.012777905,-0.5161486,-0.3704401,0.018436346,-0.54893035,-0.3930738,0.110252865,-0.26272097,-0.22709322,-0.12352329,-0.20857419,-0.33196276,-0.24411301,-0.16179438,-0.3396959,-0.2997923,-0.14867356,-0.3285677,0.116697714,-0.085371815,-0.26330718,-0.10931671,-0.022027386,-0.32554984,-0.22850125,-0.0041832454,-0.31630775,-0.28939724,-0.016893659,-0.30140725
ㅕ,0.0,0.0,0.0,-0.14151008,-0.18502426,-0.06527528,-0.23929048,-0.32620126,-0.13882942,-0.3197274,-0.32890406,-0.20939358,-0.3494938,-0.27775857,-0.28115374,-0.08735446,-0.5023176,-0.16642949,-0.15044403,-0.6994988,-0.25355366,-0.19121948,-0.8129301,-0.30470574,-0.20533904,-0.9172433,-0.34132183,0.008629268,-0.39799434,-0.19080953,-0.06324153,-0.46927097,-0.30617777,-0.092035085,-0.4829388,-0.34573784,-0.091874816,-0.5084647,-0.36027387,0.05518358,-0.25607336,-0.21620159,-0.1613969,-0.21191478,-0.31169778,-0.26764008,-0.19068198,-0.31353778,-0.31141138,-0.20193952,-0.29973775,0.050061777,-0.10514956,-0.24729766,-0.15736833,-0.05969376,-0.29697773,-0.25888476,-0.055092543,-0.28483373,-0.3054235,-0.07333477,-0.2702977
ㅑ,0.0,0.0,0.0,-0.106429785,-0.07584448,-0.07281266,-0.14773138,-0.20784149,-0.112486,-0.055596534,-0.24127667,-0.15307982,0.053857412,-0.25331548,-0.19017579,-0.08345692,-0.49281448,-0.060339954,-0.09282605,-0.68476224,-0.12297965,-0.09060688,-0.8131773,-0.16035175,-0.078838296,-0.9263244,-0.18281183,0.021476317,-0.4826972,-0.0736411,0.07184594,-0.6996487,-0.1489376,0.107171856,-0.8403867,-0.19348955,0.14411302,-0.96668816,-0.21153127,0.09966491,-0.40880504,-0.09564095,0.13044459,-0.4696056,-0.2065606,0.05791423,-0.32699075,-0.23012528,0.009739505,-0.23766947,-0.21208356,0.15719852,-0.296352,-0.122151196,0.14697093,-0.29927513,-0.20840159,0.07890693,-0.20554887,-0.21484505,0.029082684,-0.14855129,-0.19717157
ㅕ,0.0,0.0,0.0,-0.12501757,-0.17724891,-0.04860945,-0.20908144,-0.31114593,-0.114195995,-0.28950197,-0.33649603,-0.17692319,-0.32383162,-0.31040493,-0.24340327,-0.06934022,-0.47976857,-0.16387737,-0.15134808,-0.671796,-0.25019428,-0.19876377,-0.7968127,-0.30202013,-0.2306883,-0.9122588,-0.338477,0.003276879,-0.37991682,-0.18550126,-0.13615775,-0.42388,-0.28182593,-0.20129432,-0.42877084,-0.30434337,-0.23100148,-0.45256746,-0.31274274,0.02739268,-0.24129777,-0.20712516,-0.19436611,-0.19677193,-0.28093237,-0.26536512,-0.18871903,-0.26163167,-0.28080702,-0.20535266,-0.23875682,0.012101425,-0.09994574,-0.23357423,-0.18116023,-0.0762016,-0.27503496,-0.24566154,-0.0792223,-0.25484073,-0.26208812,-0.099613376,-0.23428908
ㅕ,0.0,0.0,0.0,-0.13812628,-0.17207925,-0.04827147,-0.22399902,-0.30010083,-0.11159357,-0.29979253,-0.3229791,-0.17357975,-0.3320568,-0.29823774,-0.2390393,-0.07187065,-0.47689292,-0.15318488,-0.15301356,-0.67670536,-0.23351756,-0.1989189,-0.80387115,-0.2825009,-0.23132415,-0.9197632,-0.31705645,0.0026857094,-0.3801494,-0.176875,-0.11242226,-0.44405127,-0.27430734,-0.16972217,-0.46840993,-0.30636916,-0.20136745,-0.50190204,-0.32061884,0.032742504,-0.2491881,-0.1996745,-0.181015,-0.20908663,-0.278226,-0.26288992,-0.1920446,-0.27127925,-0.2949553,-0.19546244,-0.2554265,0.02253542,-0.1108871,-0.22674893,-0.16706708,-0.08211193,-0.26860744,-0.23982602,-0.07398042,-0.25150782,-0.26779863,-0.08296699,-0.23369567
ㅕ,0.0,0.0,0.0,-0.12691595,-0.1795886,-0.058107864,-0.21845408,-0.31321168,-0.12525834,-0.3087002,-0.3408966,-0.19124489,-0.34559393,-0.3092235,-0.25839534,-0.029596074,-0.5077885,-0.14262792,-0.102066785,-0.71538085,-0.22902821,-0.12984055,-0.8336028,-0.27809286,-0.12978862,-0.9413149,-0.31157854,0.05621691,-0.4022392,-0.16787653,-0.07099416,-0.4580561,-0.27433243,-0.14708617,-0.39205503,-0.29707405,-0.16655298,-0.35827887,-0.2958206,0.08276212,-0.24760053,-0.19643785,-0.1540698,-0.20472796,-0.2881207,-0.2577341,-0.17088808,-0.2800626,-0.28566402,-0.17765635,-0.25767908,0.06369197,-0.08838017,-0.23046076,-0.14601186,-0.05586247,-0.28256956,-0.24129444,-0.04668566,-0.26627433,-0.2773932,-0.06655481,-0.24424899
ㅑ,0.0,0.0,0.0,-0.12533444,-0.043899827,-0.07530099,-0.22716266,-0.12653586,-0.12559366,-0.18733369,-0.15327238,-0.1781257,-0.084487796,-0.119656526,-0.22655222,-0.16078603,-0.4688506,-0.075021066,-0.20202167,-0.68224543,-0.14360198,-0.23108222,-0.8073185,-0.18073831,-0.24447995,-0.9247004,-0.200986,-0.039578613,-0.48522478,-0.09354258,-0.019320298,-0.70693874,-0.17439342,-0.0177166,-0.838963,-0.21852778,-0.004547766,-0.9728027,-0.23159082,0.05789474,-0.42958203,-0.12036845,0.0036260802,-0.37426648,-0.23159082,-0.06217437,-0.22310752,-0.25529087,-0.0909209,-0.15715683,-0.23345695,0.12767456,-0.33137754,-0.15367918,0.053329345,-0.2322267,-0.22449945,-0.013563712,-0.13017537,-0.22599238,-0.048346642,-0.08976679,-0.20546477
ㅕ,0.0,0.0,0.0,-0.13396187,-0.17845838,-0.05120368,-0.21883094,-0.3091357,-0.11544704,-0.30018196,-0.33293372,-0.17946245,-0.34014985,-0.3148122,-0.2447545,-0.0528693,-0.51680416,-0.13769741,-0.14519468,-0.7008348,-0.22031556,-0.19126597,-0.82029706,-0.26864627,-0.21370728,-0.9291567,-0.30165708,0.025828036,-0.4141017,-0.16569276,-0.08849635,-0.46807948,-0.26554582,-0.13933459,-0.4575454,-0.29180852,-0.15036865,-0.46942475,-0.29691517,0.054074563,-0.265021,-0.19569427,-0.18397613,-0.22473101,-0.28050098,-0.27304375,-0.18585889,-0.2668225,-0.289617,-0.18829829,-0.24293071,0.038293675,-0.108548306,-0.2308936,-0.16973683,-0.076006144,-0.27721813,-0.2451606,-0.06366516,-0.2547854,-0.2577463,-0.082246736,-0.2301641
ㅕ,0.0,0.0,0.0,-0.13214377,-0.17542745,-0.04396637,-0.23347989,-0.30641097,-0.105333105,-0.32997096,-0.32096568,-0.16760471,-0.3727766,-0.29734087,-0.23219639,-0.079304025,-0.5027266,-0.13920663,-0.15646014,-0.70530474,-0.2190182,-0.1954541,-0.8234237,-0.26189372,-0.21100195,-0.93315446,-0.29103422,0.0036675143,-0.39912167,-0.16899677,-0.12598483,-0.47079846,-0.26616272,-0.17948483,-0.44522703,-0.286394,-0.1878022,-0.44406494,-0.2862084,0.033699833,-0.25093734,-0.19971494,-0.20751937,-0.20733897,-0.28045455,-0.2874521,-0.18066184,-0.2656059,-0.3004828,-0.20129238,-0.2411056,0.023331314,-0.095751084,-0.23460929,-0.18936466,-0.05998347,-0.27859846,-0.26451245,-0.052297663,-0.25613984,-0.28555053,-0.0792887,-0.23126836
ㅕ,0.0,0.0,0.0,-0.14091665,-0.180358,-0.066115014,-0.24893962,-0.32929438,-0.1402453,-0.33438182,-0.32179022,-0.21326485,-0.3486539,-0.25953564,-0.28840932,-0.070906505,-0.50403416,-0.16178414,-0.07066476,-0.73568034,-0.24494529,-0.062068697,-0.8498239,-0.29169327,-0.03150906,-0.9452168,-0.3249191,0.025905363,-0.38921106,-0.18525472,-0.03229729,-0.46255985,-0.29536358,-0.073311254,-0.46906483,-0.32800987,-0.0802177,-0.48203596,-0.3357368,0.064876646,-0.23313686,-0.21075359,-0.17208777,-0.18370263,-0.29768166,-0.28122193,-0.16367042,-0.2945909,-0.31889325,-0.18615766,-0.2783643,0.05373665,-0.07516579,-0.24262722,-0.16808628,-0.025308322,-0.2864776,-0.26511532,-0.028020615,-0.27063736,-0.30409843,-0.06538347,-0.25305855
ㅕ,0.0,0.0,0.0,-0.1312266,-0.18393517,-0.056510117,-0.22074753,-0.31199324,-0.12666705,-0.30900115,-0.30191234,-0.19593595,-0.3629032,-0.26015148,-0.2682897,-0.09373561,-0.5040877,-0.17041583,-0.14267962,-0.70443004,-0.25613725,-0.15963039,-0.8175734,-0.3086732,-0.15386963,-0.92529696,-0.3466262,-0.010074441,-0.4071355,-0.19444028,-0.10159531,-0.47151205,-0.30549484,-0.122540295,-0.51862097,-0.35242194,-0.11734599,-0.5709652,-0.3785964,0.03361516,-0.2719064,-0.21650162,-0.19329634,-0.21904624,-0.3062427,-0.28334817,-0.18165696,-0.309421,-0.3173407,-0.17101465,-0.3017556,0.031543482,-0.12791348,-0.24342395,-0.17304097,-0.078393325,-0.2884814,-0.25593835,-0.062337648,-0.276329,-0.28606138,-0.07277279,-0.26511136
ㅕ,0.0,0.0,0.0,-0.12826979,-0.18683758,-0.071152866,-0.25918496,-0.34637043,-0.14823386,-0.37977365,-0.3297842,-0.22573097,-0.42601857,-0.29382122,-0.30354014,-0.07125039,-0.57723725,-0.16092467,-0.06676828,-0.7777585,-0.25901833,-0.06494735,-0.8675946,-0.30728495,-0.017159732,-0.9410371,-0.3378677,0.056346085,-0.44577697,-0.19650052,0.08865498,-0.5040443,-0.31581485,-0.0021606146,-0.45063055,-0.3359953,-0.04624049,-0.4099299,-0.32642516,0.109803714,-0.24181269,-0.239462,-0.12513684,-0.1793003,-0.35409525,-0.29115364,-0.13110481,-0.3567999,-0.3574844,-0.13874881,-0.3355792,0.103667416,-0.027681543,-0.28668842,-0.15000184,0.016368503,-0.35180676,-0.30701414,0.037185546,-0.33724353,-0.37895986,0.010091568,-0.31685504
ㅓ,0.0,0.0,0.0,-0.20059979,-0.34005234,-0.042596914,-0.51861423,-0.5218909,-0.15053605,-0.7781944,-0.43543547,-0.24727245,-0.83333063,-0.17303598,-0.3420117,-0.25089023,-0.55874467,-0.31579927,-0.3598571,-0.62350214,-0.44885865,-0.4470968,-0.65536886,-0.52075565,-0.50727344,-0.65099597,-0.5646927,-0.1724602,-0.34396023,-0.36872345,-0.6430558,-0.2832121,-0.5257485,-0.6290843,-0.26519495,-0.530242,-0.5141278,-0.24874352,-0.5137657,-0.15178236,-0.09804586,-0.40891588,-0.60915035,-0.030471329,-0.4910482,-0.5552744,-0.085601375,-0.41840225,-0.42694727,-0.13997266,-0.35449383,-0.16752715,0.14669742,-0.45584863,-0.54955727,0.14857179,-0.45709684,-0.511958,0.073061384,-0.38020697,-0.4001532,0.01577588,-0.32628423
ㅓ,0.0,0.0,0.0,-0.17736483,-0.3576371,-0.07035168,-0.32170087,-0.67615455,-0.17151271,-0.480932,-0.69856787,-0.27678177,-0.5441343,-0.49266708,-0.37434825,0.024451204,-0.8077156,-0.23993759,-0.058019258,-0.896545,-0.376659,-0.07066924,-0.8960562,-0.43828,-0.035856698,-0.8245958,-0.4703742,0.16439494,-0.6200541,-0.2816601,-0.3231704,-0.4792567,-0.41465864,-0.36880153,-0.42733115,-0.4033614,-0.29141906,-0.44551283,-0.38461843,0.20312913,-0.3485603,-0.3283893,-0.2931817,-0.22466123,-0.4213342,-0.28605032,-0.24396977,-0.33917296,-0.19015254,-0.29291064,-0.2739575,0.18486598,-0.078518674,-0.391294,-0.22012873,-0.027156916,-0.46549588,-0.235507,-0.06932494,-0.4192802,-0.16429108,-0.10482471,-0.36869964
ㅓ,0.0,0.0,0.0,-0.12377034,-0.29510581,-0.039161902,-0.3876505,-0.42240512,-0.12141463,-0.6192672,-0.35567835,-0.18754916,-0.708919,-0.18807772,-0.2499172,-0.23285323,-0.4714946,-0.2782764,-0.41914776,-0.54083115,-0.3808569,-0.56900364,-0.5630946,-0.43270108,-0.6951602,-0.5483507,-0.4648267,-0.21346208,-0.26743776,-0.3146116,-0.6030942,-0.25481874,-0.43580285,-0.6294929,-0.22667187,-0.4384615,-0.5781958,-0.20752582,-0.42516816,-0.22299232,-0.047091458,-0.33743188,-0.59785867,-0.018202042,-0.40456346,-0.54388833,-0.030061249,-0.34407863,-0.4349999,-0.060882613,-0.2900189,-0.24364892,0.17143407,-0.36357555,-0.54670805,0.15394716,-0.3662342,-0.50192726,0.1096535,-0.30043203,-0.39971873,0.07532967,-0.25257587
ㅓ,0.0,0.0,0.0,-0.14636974,-0.2759779,-0.051286507,-0.34021682,-0.45062464,-0.17301266,-0.52056295,-0.4073948,-0.28996077,-0.6209886,-0.2714127,-0.40882015,-0.109380044,-0.52902466,-0.33510187,-0.17262307,-0.58668965,-0.5114796,-0.20969076,-0.648123,-0.62069184,-0.21569735,-0.69503766,-0.6858552,-0.024021572,-0.34461346,-0.38843384,-0.41322473,-0.33163083,-0.5548005,-0.4756537,-0.29677275,-0.5704543,-0.42819345,-0.26254842,-0.5671779,-0.02253714,-0.11592968,-0.4335749,-0.42602596,-0.104997136,-0.5471557,-0.43401515,-0.10281866,-0.45687354,-0.3368229,-0.10870997,-0.37969688,-0.055330023,0.09277086,-0.48745295,-0.38271397,0.07661037,-0.5489758,-0.4021537,0.03514205,-0.47434747,-0.3426365,0.00068152795,-0.40809202
ㅓ,0.0,0.0,0.0,-0.13262276,-0.29882073,-0.055193756,-0.26135582,-0.5497543,-0.13944708,-0.41706643,-0.5445558,-0.22584054,-0.51713103,-0.38611105,-0.3133604,0.018880108,-0.6370148,-0.22257403,-0.0030809226,-0.7097408,-0.3590915,0.045169868,-0.78190285,-0.44402066,0.09423157,-0.8602929,-0.50101554,0.13845809,-0.47790882,-0.26537654,-0.28499913,-0.41686258,-0.40211925,-0.32272372,-0.36381054,-0.40594894,-0.2723801,-0.3462988,-0.3944598,0.15972923,-0.23816328,-0.31065708,-0.27703232,-0.19221203,-0.42487216,-0.25865823,-0.2032383,-0.36607504,-0.17186369,-0.22920883,-0.30705264,0.13650775,-0.006713364,-0.36697614,-0.21188723,-0.0027603325,-0.462268,-0.22888626,-0.049935944,-0.4334327,-0.1744473,-0.083321154,-0.39130598
ㅓ,0.0,0.0,0.0,-0.15837751,-0.29785362,-0.037497006,-0.43841106,-0.42779508,-0.13002299,-0.66403496,-0.36963752,-0.20849185,-0.7109408,-0.18784682,-0.28353912,-0.23388681,-0.47981974,-0.2997347,-0.38943973,-0.54783773,-0.41789424,-0.5266226,-0.57288724,-0.48450157,-0.6406323,-0.560228,-0.52510464,-0.18839994,-0.27806646,-0.34125024,-0.5861123,-0.21716093,-0.46534055,-0.6217477,-0.19973214,-0.46534055,-0.57239634,-0.19165272,-0.4550757,-0.18155617,-0.053187028,-0.36930746,-0.56589925,0.00979231,-0.43363366,-0.5294462,-0.017924812,-0.3688512,-0.42620498,-0.059726708,-0.3166147,-0.19858415,0.16666164,-0.40238297,-0.5211803,0.17603622,-0.4021549,-0.49391443,0.10927252,-0.3346351,-0.40293667,0.054090876,-0.28855747
ㅓ,0.0,0.0,0.0,-0.19545457,-0.35541627,-0.11678653,-0.48751634,-0.5821316,-0.2827656,-0.7331683,-0.4592405,-0.4239384,-0.80983335,-0.19030018,-0.5549378,-0.1343185,-0.5578442,-0.5047678,-0.28651538,-0.5908764,-0.6884457,-0.3763713,-0.4575394,-0.769275,-0.35272342,-0.29295766,-0.8004919,-0.037526544,-0.24959905,-0.5331974,-0.5566087,-0.15839168,-0.68956053,-0.5814973,-0.14528003,-0.6689352,-0.44679928,-0.15921926,-0.64998204,-0.02833826,0.05170703,-0.5499208,-0.5355716,0.10804454,-0.62378216,-0.5225334,0.03196687,-0.4888806,-0.3792201,-0.03500849,-0.39606616,-0.053106286,0.29968914,-0.584761,-0.47572386,0.2912396,-0.60092694,-0.47758478,0.19829312,-0.48832318,-0.35606533,0.13885695,-0.40693632
ㅓ,0.0,0.0,0.0,-0.13236472,-0.28377625,-0.13900311,-0.22148952,-0.6011567,-0.2567307,-0.38775092,-0.5235221,-0.3677106,-0.519919,-0.22926547,-0.46456,0.18205501,-0.6494056,-0.30658436,0.21961628,-0.6842006,-0.52330476,0.3066427,-0.6203737,-0.65286064,0.39815083,-0.55754685,-0.728435,0.39517933,-0.3627582,-0.31785697,-0.19091609,-0.24368443,-0.5023472,-0.26451927,-0.27948245,-0.50202966,-0.16951405,-0.32647762,-0.48170713,0.40605322,-0.035600442,-0.34770563,-0.19975454,0.025517238,-0.46964064,-0.19963741,-0.043313082,-0.35977212,-0.06916016,-0.1197225,-0.26371658,0.3395139,0.25568795,-0.407403,-0.1384619,0.25511548,-0.5401343,-0.15051413,0.20312941,-0.51885915,-0.041759644,0.16289602,-0.46424252
ㅗ,0.0,0.0,0.0,0.09368091,-0.18275417,0.025808655,0.12894356,-0.37637478,0.01850788,0.07052692,-0.5287317,0.008923269,-0.025906164,-0.581116,-0.0071634008,0.102774255,-0.48783466,-0.060352992,0.016331892,-0.76308376,-0.07597791,-0.031065943,-0.89457417,-0.074679986,-0.07008799,-0.99486375,-0.07303264,-0.014378435,-0.46693754,-0.07987165,-0.09030136,-0.6160346,-0.08186845,-0.093737975,-0.5417422,-0.055460844,-0.07232357,-0.47100422,-0.041633055,-0.12523492,-0.422001,-0.09150299,-0.16831988,-0.53235584,-0.07867358,-0.16871695,-0.46500412,-0.038013857,-0.15167516,-0.40389264,-0.020354718,-0.22980285,-0.36751497,-0.10113751,-0.24089783,-0.46253285,-0.07827422,-0.23018526,-0.39861053,-0.038737703,-0.21617144,-0.34419623,-0.01361554
ㅗ,0.0,0.0,0.0,0.089343876,-0.17796458,0.016998466,0.11758978,-0.3755385,0.004996168,0.05509325,-0.52463037,-0.007856662,-0.03914807,-0.579668,-0.026262429,0.104831055,-0.47002673,-0.0717139,0.02019178,-0.75262004,-0.092860945,-0.028623877,-0.88851345,-0.092909895,-0.06818099,-0.99343294,-0.091881916,-0.010036028,-0.4413466,-0.090315476,-0.08820696,-0.6108931,-0.1027002,-0.08891055,-0.53566766,-0.07714751,-0.06458915,-0.46322715,-0.061531987,-0.11869719,-0.39654434,-0.101916976,-0.16404451,-0.53107184,-0.09907779,-0.16356066,-0.46005753,-0.056783687,-0.14690015,-0.39659578,-0.035367407,-0.22036947,-0.3456692,-0.11249049,-0.23109238,-0.4502415,-0.097756095,-0.22035053,-0.384526,-0.05947602,-0.20820583,-0.3292949,-0.034290474
ㅗ,0.0,0.0,0.0,0.09427838,-0.17824239,0.0025005536,0.11969307,-0.3838144,-0.014913024,0.047544863,-0.529009,-0.030359432,-0.04900625,-0.57803154,-0.050485827,0.10300564,-0.46243322,-0.08768328,0.018074475,-0.7415452,-0.11319289,-0.029371947,-0.8814522,-0.11619973,-0.06687888,-0.9908345,-0.11736367,-0.0152758965,-0.42951113,-0.09990462,-0.083105356,-0.59606344,-0.116684705,-0.07798598,-0.53007126,-0.09321199,-0.051924177,-0.45983034,-0.07934175,-0.12414736,-0.38343123,-0.106112294,-0.15937276,-0.5198593,-0.10601528,-0.15618987,-0.4562472,-0.06421058,-0.1402791,-0.3929112,-0.043380965,-0.22487989,-0.3353076,-0.11290192,-0.22618495,-0.43919754,-0.100971565,-0.21286875,-0.37944847,-0.06532602,-0.20130503,-0.32623136,-0.042653512
ㅓ,0.0,0.0,0.0,-0.11949011,-0.31275174,-0.037109047,-0.3821292,-0.4388918,-0.108228736,-0.63506883,-0.37367857,-0.15864651,-0.80710024,-0.25969782,-0.20287472,-0.26662573,-0.4628842,-0.28868708,-0.5231853,-0.4682732,-0.37858576,-0.6963478,-0.4367679,-0.41223767,-0.81968087,-0.38354746,-0.42545807,-0.26301953,-0.22257611,-0.31008008,-0.63673764,-0.20051444,-0.3970943,-0.7300889,-0.2075547,-0.37882608,-0.7303791,-0.212668,-0.35791388,-0.27722314,0.011094576,-0.3172912,-0.652812,0.015140266,-0.36440384,-0.6688945,-0.039908558,-0.29974413,-0.6043317,-0.095686495,-0.24758369,-0.29087657,0.22455104,-0.32594454,-0.6011344,0.20267104,-0.32930976,-0.6064245,0.120306574,-0.2689767,-0.5432695,0.056031216,-0.22210439
ㅗ,0.0,0.0,0.0,0.089608006,-0.18804598,0.022132954,0.12840845,-0.38192755,0.013976128,0.06479852,-0.5312374,0.004586645,-0.034957815,-0.5734271,-0.010993503,0.090285674,-0.48858017,-0.058875293,0.010044623,-0.7531984,-0.071244456,-0.029565096,-0.88825005,-0.06949135,-0.06459311,-0.9955466,-0.06866349,-0.02928483,-0.46646896,-0.07674726,-0.09780059,-0.6287359,-0.07674726,-0.09756314,-0.5550889,-0.05166807,-0.08072978,-0.4801653,-0.038324967,-0.13854107,-0.4213937,-0.08658416,-0.17551766,-0.54561037,-0.07299756,-0.17161243,-0.48138914,-0.033771746,-0.15748945,-0.4191679,-0.016228482,-0.23936316,-0.3686152,-0.094619244,-0.25096387,-0.4830448,-0.07051399,-0.23727222,-0.4237052,-0.030095087,-0.2243574,-0.368054,-0.004501521
ㅗ,0.0,0.0,0.0,0.09647333,-0.17884678,0.010233995,0.1400472,-0.38544855,-0.00556206,0.07465278,-0.5477796,-0.020126857,-0.026158476,-0.60361874,-0.040424317,0.10295859,-0.4754899,-0.082457714,0.02158454,-0.7484197,-0.10483978,-0.019444978,-0.8856952,-0.106107615,-0.054357063,-0.9928574,-0.106205136,-0.0192833,-0.44367483,-0.09859817,-0.083455466,-0.62358445,-0.10971605,-0.07995921,-0.5546566,-0.084749565,-0.061689645,-0.48337105,-0.07114478,-0.13199213,-0.3991572,-0.10766801,-0.16622278,-0.5468803,-0.10571752,-0.16094886,-0.4805695,-0.06295267,-0.1471172,-0.41940647,-0.041935958,-0.23645791,-0.35143405,-0.115567565,-0.24398124,-0.48675483,-0.10054868,-0.22972982,-0.42270306,-0.05929546,-0.21980815,-0.36586478,-0.03315868
ㅓ,0.0,0.0,0.0,-0.1876947,-0.36496165,-0.0637847,-0.48005557,-0.5802254,-0.20036055,-0.74115103,-0.5220353,-0.3208858,-0.82907003,-0.30318215,-0.43508112,-0.19325227,-0.5773438,-0.42862216,-0.28346473,-0.6818792,-0.5844136,-0.40209568,-0.6610554,-0.63350207,-0.4704566,-0.5663822,-0.64745355,-0.119131766,-0.3373636,-0.47848573,-0.5803556,-0.31549594,-0.6314352,-0.5930835,-0.2979624,-0.5900975,-0.48428187,-0.27592367,-0.5415257,-0.109701306,-0.08044501,-0.5154313,-0.55216455,-0.06662778,-0.60559916,-0.5287382,-0.11644207,-0.4890785,-0.4137791,-0.1502517,-0.39374346,-0.13673216,0.1582844,-0.5616779,-0.51430994,0.12582275,-0.5875139,-0.51310515,0.042964797,-0.49476248,-0.42196,-0.002899276,-0.4203546
ㅗ,0.0,0.0,0.0,0.10038096,-0.1860404,0.02035537,0.14659609,-0.3852424,0.011961844,0.08814193,-0.5569374,0.0038074325,-0.005750663,-0.62181413,-0.010711099,0.09993731,-0.4851498,-0.06994401,0.016711585,-0.75049484,-0.08323631,-0.021070672,-0.8861153,-0.08107815,-0.055150952,-0.9952444,-0.080293365,-0.019365365,-0.46306854,-0.087209284,-0.08369538,-0.6319051,-0.086326405,-0.07925099,-0.56387573,-0.059055112,-0.062995985,-0.49025497,-0.045860905,-0.12911406,-0.41808623,-0.09594003,-0.164932,-0.55130816,-0.081862934,-0.15791346,-0.4909711,-0.03946,-0.14421251,-0.42809328,-0.021348624,-0.23191835,-0.36261833,-0.102905005,-0.24513873,-0.48711103,-0.08063671,-0.22906688,-0.42856187,-0.039509047,-0.21674456,-0.36937392,-0.014138405
ㅗ,0.0,0.0,0.0,0.09544499,-0.17401831,0.0063864775,0.14257462,-0.37952918,-0.010086353,0.07807344,-0.5401898,-0.024357552,-0.026711384,-0.58693427,-0.04442092,0.10345234,-0.47001487,-0.084086716,0.025214924,-0.7425834,-0.106260754,-0.014643273,-0.88234615,-0.10810454,-0.04822635,-0.99285233,-0.109172,-0.016564116,-0.44331077,-0.0982063,-0.078059,-0.61617184,-0.11111284,-0.07504383,-0.54547966,-0.08767726,-0.05698405,-0.47113383,-0.07413995,-0.12729226,-0.39934373,-0.105290346,-0.16182067,-0.5377695,-0.10364062,-0.15709816,-0.47173914,-0.062203813,-0.14284298,-0.40876937,-0.041388366,-0.22946233,-0.35050383,-0.111695096,-0.23673786,-0.4735768,-0.096508056,-0.22348337,-0.41261914,-0.056769475,-0.21380936,-0.35641962,-0.031368814
ㅗ,0.0,0.0,0.0,0.11023575,-0.14398451,-0.013311707,0.1510121,-0.33913973,-0.047163095,0.1120306,-0.48636365,-0.07480397,0.034016628,-0.56031495,-0.107787974,0.18116109,-0.36328948,-0.13572952,0.16106829,-0.67348266,-0.18143527,0.15364031,-0.8344215,-0.19762659,0.14611651,-0.9671161,-0.20817406,0.066707686,-0.34520426,-0.1509031,0.016630977,-0.57992935,-0.19226034,0.007325852,-0.50897664,-0.1730158,0.020502854,-0.42281762,-0.15997024,-0.047531556,-0.32989576,-0.16034032,-0.07096102,-0.54884297,-0.186709,-0.074593745,-0.47885197,-0.14017057,-0.06687832,-0.40264612,-0.11056362,-0.15121609,-0.31718007,-0.17033269,-0.14512025,-0.5063734,-0.1815278,-0.13762453,-0.4404119,-0.14118832,-0.13759375,-0.3671683,-0.112691626
ㅗ,0.0,0.0,0.0,0.030698711,-0.20603761,0.039592963,-0.007690258,-0.38163432,0.03317118,-0.08476352,-0.45333147,0.016054658,-0.1682992,-0.4609234,-0.008761828,0.00029456112,-0.5161514,-0.033837657,-0.09585586,-0.7428349,-0.065353796,-0.14554727,-0.8716754,-0.07938292,-0.18448213,-0.9787695,-0.08931198,-0.075271554,-0.47601432,-0.06886107,-0.20807664,-0.5769442,-0.094844595,-0.2077059,-0.4816148,-0.07849375,-0.16626614,-0.4274106,-0.066687554,-0.15686409,-0.40601778,-0.0978085,-0.26549074,-0.495987,-0.11529551,-0.25867668,-0.41250283,-0.07632022,-0.22005038,-0.3635094,-0.050188504,-0.23663661,-0.32706064,-0.123594426,-0.31478345,-0.43428293,-0.12932463,-0.29861236,-0.36653182,-0.09054694,-0.26673922,-0.30948782,-0.058981407
ㅗ,0.0,0.0,0.0,0.020812675,-0.21478969,0.04623066,-0.02055908,-0.38435885,0.043538816,-0.08744629,-0.4538292,0.030474722,-0.16165486,-0.45747286,0.00927335,-0.032765783,-0.5111956,-0.03585828,-0.12086031,-0.7421515,-0.05793635,-0.1680062,-0.87470925,-0.06317187,-0.21022473,-0.9754203,-0.06603658,-0.11249336,-0.46010396,-0.06840738,-0.22150163,-0.5449137,-0.08213826,-0.20456547,-0.44880757,-0.059269927,-0.16276026,-0.38961032,-0.042748418,-0.190137,-0.37652165,-0.09260931,-0.26447695,-0.41801807,-0.09631368,-0.24050035,-0.33988246,-0.060405936,-0.20213252,-0.29649344,-0.038130295,-0.26324186,-0.28834474,-0.112612925,-0.3126545,-0.36008635,-0.10510539,-0.28377348,-0.29269055,-0.06633294,-0.2502416,-0.24216166,-0.035784192
ㅗ,0.0,0.0,0.0,0.020948559,-0.21685597,0.037641164,-0.02515394,-0.38570163,0.03229495,-0.101493075,-0.45094547,0.017103001,-0.18101296,-0.44831863,-0.005294846,-0.027049143,-0.5126173,-0.030383943,-0.11104156,-0.73745316,-0.055010386,-0.15296292,-0.87076014,-0.06652531,-0.18875559,-0.97915655,-0.07499215,-0.11280556,-0.46381226,-0.06159034,-0.21291862,-0.56210846,-0.07992712,-0.19954237,-0.46932617,-0.06434812,-0.16078852,-0.40849978,-0.0525429,-0.1937738,-0.38494813,-0.08602325,-0.2603259,-0.44882396,-0.09182909,-0.23944621,-0.3732277,-0.057671394,-0.20427744,-0.3229994,-0.036649413,-0.2675205,-0.29924896,-0.107891925,-0.31020343,-0.38399273,-0.102376364,-0.28468,-0.31998658,-0.06565442,-0.25451759,-0.26626518,-0.037012275
ㅛ,0.0,0.0,0.0,0.060965605,-0.217636,0.082055,0.044119943,-0.37692097,0.09727785,-0.022898475,-0.46791995,0.09212173,-0.09260321,-0.49816003,0.08200589,0.06279393,-0.49720252,0.028112104,0.02964615,-0.74776304,0.012717387,0.02093378,-0.8849361,0.0075551234,0.015212283,-0.9902576,0.010728596,-0.025959864,-0.48947135,-0.017728308,-0.095341235,-0.7457754,-0.028752595,-0.13564195,-0.8901911,-0.030839602,-0.16822547,-0.9853559,-0.027819583,-0.11853947,-0.44775978,-0.051955156,-0.18801509,-0.5607887,-0.03570109,-0.16781898,-0.50223964,-0.004837993,-0.14834064,-0.44530186,0.021372313,-0.20426905,-0.37856066,-0.08127142,-0.23907834,-0.4856946,-0.04105364,-0.22049503,-0.42783007,0.010483066,-0.19874991,-0.36396882,0.052100368
ㅛ,0.0,0.0,0.0,0.060459644,-0.21369016,0.071807675,0.04337219,-0.3728338,0.07968441,-0.025728313,-0.46470392,0.06881162,-0.09262988,-0.5013817,0.052236646,0.06523956,-0.49041495,0.0090777,0.026683543,-0.7437488,-0.017457955,0.016801571,-0.88521636,-0.03276443,0.008173576,-0.993624,-0.036581993,-0.023722213,-0.47855288,-0.03447992,-0.0897894,-0.73573023,-0.048638716,-0.12732287,-0.8835083,-0.05325361,-0.15948115,-0.98571885,-0.05407511,-0.11866837,-0.43548578,-0.067364074,-0.17833483,-0.5688336,-0.055041574,-0.15720217,-0.518858,-0.023812499,-0.13992071,-0.46022353,0.0013957693,-0.20628625,-0.36710453,-0.096358195,-0.2333313,-0.48306367,-0.06388478,-0.21333891,-0.43131903,-0.015307558,-0.19610943,-0.3681304,0.024184842
ㅛ,0.0,0.0,0.0,0.058835365,-0.21534823,0.06081144,0.041022524,-0.3801183,0.063282706,-0.026690824,-0.47132137,0.04908504,-0.09773451,-0.5002782,0.028757665,0.05753846,-0.48751158,-0.006067196,0.02091414,-0.73847616,-0.031836804,0.01049773,-0.87630826,-0.04579219,0.0014093651,-0.984824,-0.049184125,-0.032587435,-0.47103903,-0.047875803,-0.10078742,-0.72864646,-0.059989855,-0.13940169,-0.87850225,-0.06464165,-0.17033334,-0.9830851,-0.06730674,-0.12730931,-0.42537966,-0.07946925,-0.18024291,-0.57520205,-0.07370296,-0.15938886,-0.51913744,-0.045961786,-0.14385599,-0.454141,-0.023138922,-0.21321984,-0.35959166,-0.10718619,-0.23608223,-0.49263048,-0.08324883,-0.21294886,-0.43974128,-0.036852024,-0.19556244,-0.374964,0.0010899354
ㅛ,0.0,0.0,0.0,0.04649201,-0.20114163,0.03909969,0.020593759,-0.3726898,0.031062962,-0.06325338,-0.44590417,0.011650893,-0.14304571,-0.4579363,-0.011851723,0.027937802,-0.48702383,-0.0361905,-0.024804398,-0.73356056,-0.071417354,-0.043590594,-0.8750918,-0.0850846,-0.055873968,-0.98177075,-0.08662458,-0.06173961,-0.45335105,-0.06973301,-0.16699228,-0.70668054,-0.100291826,-0.21983165,-0.85498106,-0.108761676,-0.25542477,-0.9605385,-0.11010915,-0.1488031,-0.39527264,-0.0938432,-0.22252348,-0.53593504,-0.10760669,-0.19878751,-0.47022206,-0.0810903,-0.17631847,-0.4046273,-0.052841444,-0.22537002,-0.3217383,-0.11501781,-0.26955146,-0.4330886,-0.10356426,-0.24458897,-0.3793423,-0.060541306,-0.22289015,-0.32190648,-0.022005912
ㅛ,0.0,0.0,0.0,0.006406648,-0.20582564,0.024986207,-0.056455195,-0.36897278,0.0007250683,-0.17207165,-0.4266526,-0.029351477,-0.2672391,-0.42075118,-0.06394734,-0.058458254,-0.4714819,-0.09284478,-0.17932485,-0.69873273,-0.1452512,-0.23539656,-0.8354046,-0.16928472,-0.2774596,-0.9439666,-0.17872646,-0.13074552,-0.38563356,-0.124937154,-0.3043963,-0.5999653,-0.17376715,-0.40014294,-0.7254502,-0.18788208,-0.47079483,-0.8155748,-0.19570251,-0.2026104,-0.2884639,-0.14534658,-0.33273134,-0.4350409,-0.17357643,-0.29513273,-0.3851457,-0.13886134,-0.25406998,-0.32884017,-0.10557682,-0.2632896,-0.19077823,-0.16318098,-0.35742158,-0.31944168,-0.16480228,-0.32132968,-0.28111756,-0.118928775,-0.2828299,-0.23353443,-0.07844374
ㅛ,0.0,0.0,0.0,0.038396996,-0.19854979,0.048450932,0.028604351,-0.37995443,0.047821686,-0.0013254822,-0.53004575,0.03552724,-0.012334813,-0.6192676,0.019650942,0.0029648072,-0.5080605,-0.036545336,-0.080516666,-0.73901653,-0.06945962,-0.11879206,-0.8793839,-0.084900275,-0.14770696,-0.9849072,-0.09022464,-0.0793454,-0.46072605,-0.07192818,-0.21616212,-0.67958057,-0.104842454,-0.29607818,-0.8168118,-0.11481355,-0.35110962,-0.9101803,-0.11946027,-0.16483602,-0.38540012,-0.09617826,-0.2653746,-0.51184905,-0.10774666,-0.24291007,-0.44922146,-0.072993055,-0.21245806,-0.3833898,-0.04174869,-0.24100074,-0.29837185,-0.11723371,-0.30669865,-0.4070322,-0.1097796,-0.28147012,-0.346644,-0.06732986,-0.25226608,-0.28720802,-0.028631393
ㅕ,0.0,0.0,0.0,-0.1055917,-0.14202152,-0.1862295,-0.18806261,-0.27680278,-0.33285478,-0.2804625,-0.18012105,-0.4620937,-0.32058442,0.02006963,-0.5988667,0.12243245,-0.40680587,-0.35062754,0.2272377,-0.44836465,-0.5490257,0.334551,-0.46897316,-0.68502605,0.44282383,-0.46124896,-0.768867,0.22366372,-0.18006958,-0.35004804,0.29441175,-0.07388418,-0.59345764,0.36635724,0.03366779,-0.70550334,0.43359688,0.123878784,-0.74954885,0.25765038,0.025873775,-0.35854802,0.11620461,0.12934525,-0.57800305,-0.072677836,0.13419558,-0.60504854,-0.18732734,0.099615805,-0.5718212,0.23981935,0.18650037,-0.3815367,0.095475234,0.2489992,-0.53009385,-0.056509368,0.23776853,-0.5355029,-0.1514784,0.17788127,-0.506912
ㅛ,0.0,0.0,0.0,0.05044114,-0.1931535,0.059900925,0.075466104,-0.35828748,0.0628301,0.091679506,-0.4978163,0.05453076,0.1339214,-0.58665025,0.04523061,-0.00040129063,-0.51581347,-0.025802024,-0.08311854,-0.74573034,-0.05316545,-0.12656747,-0.8790921,-0.06678615,-0.15723784,-0.9848853,-0.0726445,-0.08257778,-0.46756274,-0.05975611,-0.22337855,-0.6879676,-0.09412515,-0.30471244,-0.8226952,-0.10105755,-0.35764927,-0.921868,-0.10349854,-0.1688033,-0.39054257,-0.080748565,-0.2665065,-0.525077,-0.085728176,-0.24438153,-0.46410227,-0.040545568,-0.21091133,-0.39739302,-0.002505882,-0.245989,-0.29931617,-0.097786635,-0.3073571,-0.42340162,-0.080748565,-0.28387612,-0.36029595,-0.030269023,-0.2504671,-0.2974266,0.013802942
ㅛ,0.0,0.0,0.0,0.042756114,-0.21222174,0.05963359,0.012400641,-0.37964094,0.062036272,-0.07016662,-0.47577834,0.050263118,-0.14514273,-0.5031522,0.03529439,0.01876194,-0.49803138,-0.015774673,-0.05432507,-0.7387298,-0.040197965,-0.086643636,-0.8731801,-0.048631385,-0.11085171,-0.9747629,-0.048343066,-0.07219005,-0.46171197,-0.053725075,-0.18584421,-0.7036039,-0.08039488,-0.2527275,-0.8503121,-0.08769904,-0.29962957,-0.94997627,-0.08813153,-0.16538899,-0.3978038,-0.07914548,-0.23794703,-0.5352286,-0.07539729,-0.21351556,-0.4787027,-0.035608836,-0.19306724,-0.4159274,-0.0018496141,-0.2451828,-0.31440148,-0.10120214,-0.2819962,-0.42520887,-0.070832185,-0.25621316,-0.3737164,-0.01653152,-0.23467308,-0.313794,0.028230496
ㅛ,0.0,0.0,0.0,0.056668308,-0.20634314,0.061764136,0.033784397,-0.37415898,0.06781577,-0.042510826,-0.47600055,0.05878635,-0.11398366,-0.50834465,0.0463949,0.04197614,-0.49853212,-0.0035641333,-0.022315526,-0.74583405,-0.020401254,-0.04771635,-0.88121766,-0.02366722,-0.06732863,-0.98222685,-0.020353224,-0.05153501,-0.4733404,-0.041882165,-0.15151356,-0.7200346,-0.060997657,-0.20968793,-0.8674239,-0.06656901,-0.25106105,-0.9656761,-0.066617034,-0.14762911,-0.4190197,-0.06820199,-0.21518435,-0.5587018,-0.062246405,-0.18882558,-0.4993779,-0.027569564,-0.16735537,-0.4365746,0.0021993308,-0.23010138,-0.34341812,-0.0906795,-0.26164606,-0.4618017,-0.061141744,-0.23586856,-0.4048472,-0.009774866,-0.21512502,-0.34023833,0.032946814
ㅕ,0.0,0.0,0.0,-0.22331303,-0.2878995,-0.1194403,-0.3923011,-0.51906055,-0.21308199,-0.51097333,-0.42906445,-0.3032007,-0.55673856,-0.18389392,-0.38456893,-0.17120816,-0.69134194,-0.21853684,-0.22233671,-0.7772648,-0.3616131,-0.20520927,-0.8233123,-0.44957265,-0.18148369,-0.8418931,-0.50821227,0.020605061,-0.53838944,-0.24342461,-0.017695729,-0.4733447,-0.4184345,-0.04457396,-0.4949321,-0.48912033,-0.048839457,-0.5365253,-0.52184945,0.12623437,-0.31183234,-0.27819932,-0.15250227,-0.15109774,-0.42025277,-0.32425994,-0.15618648,-0.42252564,-0.41231054,-0.20620012,-0.40093353,0.14967187,-0.08452344,-0.32820216,-0.13986246,0.011514312,-0.41388875,-0.28494915,-0.0098095825,-0.40638834,-0.3696274,-0.0773727,-0.38775092
ㅛ,0.0,0.0,0.0,0.06955212,-0.19964382,0.06533102,0.06407864,-0.36603314,0.07162691,-0.0034295416,-0.47916248,0.062473655,-0.07131959,-0.5203089,0.04956708,0.0796556,-0.49132872,-0.0040357434,0.024587726,-0.74158484,-0.023792118,0.008188195,-0.87845695,-0.031964663,-0.0035583475,-0.9834143,-0.032642685,-0.016449677,-0.47890094,-0.0430309,-0.09320983,-0.7284458,-0.063879974,-0.13823333,-0.8789293,-0.07269421,-0.17164502,-0.9822464,-0.07569688,-0.11729873,-0.4376901,-0.069013536,-0.16680536,-0.5823578,-0.057438795,-0.14709531,-0.5234107,-0.018246895,-0.13442439,-0.46120337,0.0126756,-0.20681052,-0.3693573,-0.09153345,-0.22580132,-0.48872456,-0.054726724,-0.2055321,-0.43187416,0.0010244253,-0.19148979,-0.36518866,0.04581376
ㅕ,0.0,0.0,0.0,-0.11853238,-0.12775928,-0.16102348,-0.19404906,-0.25085878,-0.2905769,-0.26707032,-0.17991857,-0.4074093,-0.3156598,-0.025058018,-0.52323747,0.059417695,-0.4272676,-0.30547386,0.14301115,-0.55141836,-0.4723534,0.20213659,-0.65092504,-0.5767995,0.26519823,-0.7187107,-0.6427479,0.17493235,-0.265143,-0.31032798,0.23579712,-0.2754766,-0.53127176,0.2805145,-0.25099757,-0.6193145,0.31850058,-0.21404897,-0.64676505,0.21529195,-0.08440449,-0.32204467,0.04228967,-0.03492411,-0.51018167,-0.12606192,-0.012704649,-0.51018167,-0.23036583,-0.0074680066,-0.46599293,0.19508217,0.06678326,-0.34949523,0.009827001,0.086909086,-0.47436202,-0.13249929,0.081801906,-0.47001004,-0.21518439,0.05155145,-0.4395466
ㅛ,0.0,0.0,0.0,0.07514122,-0.19901238,0.07495565,0.080824934,-0.3627268,0.08702818,0.025142936,-0.49257153,0.08130705,-0.035356916,-0.5530292,0.07131934,0.10512349,-0.48660636,0.013077844,0.04947046,-0.73645884,-0.00588852,0.034774683,-0.8674314,-0.013964148,0.023603404,-0.9660271,-0.012958103,0.012234421,-0.48093233,-0.030982058,-0.06214693,-0.7437241,-0.04470305,-0.10295156,-0.891981,-0.048193906,-0.13710754,-0.98946196,-0.046545442,-0.08730244,-0.44730452,-0.06317548,-0.14687397,-0.5863624,-0.049309038,-0.1300252,-0.5329212,-0.013733849,-0.11730718,-0.4733883,0.015538411,-0.18229929,-0.38665113,-0.0911508,-0.20076023,-0.5150394,-0.053575635,-0.18327805,-0.462408,-2.7296706e-05,-0.16974011,-0.39581725,0.043707665
ㅕ,0.0,0.0,0.0,-0.17351507,-0.23095518,-0.0783335,-0.35859495,-0.3481919,-0.18526949,-0.5057555,-0.2626044,-0.28215393,-0.5514594,-0.12641354,-0.38364354,-0.14159374,-0.4345916,-0.30588803,-0.16484283,-0.59108686,-0.4265065,-0.18781598,-0.69552034,-0.5033764,-0.21840738,-0.7984018,-0.5611175,-0.03934996,-0.30270004,-0.33670685,-0.18749948,-0.31205323,-0.48389325,-0.30285865,-0.33906424,-0.5327783,-0.3892086,-0.3525215,-0.56324285,-0.007171427,-0.11892521,-0.36026376,-0.29997942,-0.04479601,-0.47610003,-0.43390876,-0.07903623,-0.47432885,-0.5097229,-0.11248349,-0.4658271,-0.030712558,0.060030032,-0.39037412,-0.27763024,0.09752143,-0.4633474,-0.37582263,0.05551217,-0.45378295,-0.437065,0.004499695,-0.44492695
ㅕ,0.0,0.0,0.0,-0.06567073,-0.10410871,-0.19061886,-0.13169627,-0.24100527,-0.35605085,-0.1960261,-0.171647,-0.49897397,-0.2215169,-0.017912747,-0.6359158,0.08699837,-0.36945894,-0.3897354,0.15313932,-0.42399544,-0.5839724,0.21566215,-0.47919136,-0.71524763,0.29180413,-0.52098954,-0.8021349,0.15551814,-0.13557427,-0.3752542,0.17079563,0.0062604905,-0.6425268,0.2225524,0.0049069454,-0.7593208,0.28547525,-0.017130574,-0.81094944,0.16952185,0.0658767,-0.36329147,0.06841977,0.08738331,-0.5594173,-0.019970536,0.030812804,-0.5386399,-0.034929186,-0.024364155,-0.48764092,0.15959579,0.20877421,-0.3683284,0.055663735,0.16136186,-0.4942519,-0.021168105,0.10319344,-0.47473374,-0.033979774,0.034769073,-0.43412343
ㅕ,0.0,0.0,0.0,-0.249576,-0.23711613,-0.14624329,-0.42494047,-0.42965004,-0.2669997,-0.5513232,-0.375055,-0.3813253,-0.6014275,-0.20061761,-0.48350388,-0.22412741,-0.71162957,-0.2667615,-0.31124064,-0.799547,-0.44610986,-0.34353596,-0.76247156,-0.5482884,-0.35575205,-0.7058894,-0.60735655,-0.019571487,-0.58487684,-0.2872449,-0.03686022,-0.50727206,-0.49969998,-0.04824692,-0.48344356,-0.58544415,-0.04055337,-0.4772326,-0.62164736,0.10836887,-0.36108774,-0.32011348,-0.14083059,-0.13498224,-0.49588913,-0.32638288,-0.10638312,-0.51113254,-0.4374083,-0.14089361,-0.49255463,0.14969182,-0.12527603,-0.36798736,-0.1113738,0.039001506,-0.47016588,-0.26380384,0.05950668,-0.4646878,-0.36309767,0.0062280977,-0.44444263
ㅕ,0.0,0.0,0.0,-0.1543947,-0.1847837,-0.1000915,-0.2542169,-0.34424794,-0.19095859,-0.34347013,-0.2996982,-0.2801753,-0.38372308,-0.12277197,-0.36638254,-0.028578116,-0.51059663,-0.22775197,0.030515013,-0.66518605,-0.35337377,0.08356921,-0.77016836,-0.4271547,0.13236174,-0.8663829,-0.48151964,0.11020482,-0.3567388,-0.25590524,0.1426622,-0.39036116,-0.4263781,0.14775304,-0.3985249,-0.48967436,0.14715333,-0.39748743,-0.5125853,0.17458506,-0.16986145,-0.28735924,-0.026789097,-0.14312264,-0.42754304,-0.18381798,-0.13001798,-0.42094156,-0.27852696,-0.13010216,-0.3894876,0.16760324,0.00057292357,-0.33221027,-0.055456594,0.014618844,-0.4302613,-0.19899909,0.0050349482,-0.4310379,-0.29626954,-0.024306063,-0.4139518
ㅕ,0.0,0.0,0.0,-0.1494009,-0.17353679,-0.07740878,-0.30207852,-0.25405324,-0.20259719,-0.40863207,-0.21120076,-0.31286296,-0.45749664,-0.12082253,-0.42606914,-0.16447671,-0.3366085,-0.3663786,-0.21131435,-0.46232012,-0.53221834,-0.26031706,-0.5565837,-0.6392497,-0.30413052,-0.63270485,-0.7121721,-0.07610229,-0.23075078,-0.39842916,-0.21706058,-0.24417357,-0.5942612,-0.3103612,-0.25901467,-0.6739466,-0.3646686,-0.25802544,-0.72569805,-0.03902122,-0.085897356,-0.4190121,-0.26250184,-0.019767834,-0.57162,-0.37297168,-0.019640068,-0.5886744,-0.4241172,-0.024604646,-0.59043866,-0.042865228,0.057147387,-0.4413593,-0.23426524,0.09502416,-0.5289839,-0.3218445,0.084180355,-0.5289839,-0.3686853,0.06378296,-0.5289839
ㅕ,0.0,0.0,0.0,-0.13309386,-0.15408467,-0.12570928,-0.24749334,-0.2860092,-0.24834074,-0.34992403,-0.18967022,-0.3656404,-0.38979763,-0.0005630996,-0.48273495,0.035544656,-0.44532433,-0.30391452,0.104572654,-0.5611109,-0.46961054,0.16276512,-0.6549126,-0.57542634,0.21237119,-0.73214066,-0.6472005,0.16964415,-0.2386479,-0.33180392,0.21170796,-0.1402266,-0.533182,0.22422884,-0.11661562,-0.6029056,0.23788355,-0.118197046,-0.62833416,0.2166949,-0.022163391,-0.3648201,0.0071644657,0.055515584,-0.5393341,-0.16574758,0.034627736,-0.5311313,-0.26774758,0.0019111258,-0.49257827,0.18927917,0.150437,-0.41198608,-0.033798244,0.17768112,-0.54466593,-0.18565011,0.1385438,-0.5430253,-0.27008867,0.07416979,-0.51636636
ㅕ,0.0,0.0,0.0,-0.13331906,-0.19417639,-0.061193522,-0.29268563,-0.25924033,-0.1672114,-0.42475697,-0.18420206,-0.25387567,-0.49656954,-0.0919276,-0.34068224,-0.16750431,-0.31264645,-0.36259735,-0.2119093,-0.43851808,-0.5239722,-0.27490437,-0.5423911,-0.6329785,-0.32918912,-0.62723655,-0.70583904,-0.083829276,-0.1911244,-0.38963547,-0.2423911,-0.21479306,-0.5569872,-0.35953924,-0.20942187,-0.6170403,-0.41770244,-0.18895443,-0.65745515,-0.057218824,-0.0355693,-0.40443528,-0.28615257,0.014458227,-0.5333644,-0.40887222,0.0036331553,-0.5458873,-0.44865787,-0.010463495,-0.5461719,-0.07062041,0.11039219,-0.41923508,-0.27445278,0.14935952,-0.49294952,-0.35862738,0.11441018,-0.4912418,-0.38609925,0.072166525,-0.48924953
ㅜ,0.0,0.0,0.0,-0.13784058,0.0970356,-0.02962032,-0.25278386,0.30174714,-0.07300934,-0.29757118,0.49289158,-0.10436168,-0.28711182,0.6157989,-0.13961662,-0.2584753,0.22166464,-0.1806597,-0.2864509,0.5562244,-0.2436275,-0.3010476,0.7504708,-0.2683586,-0.30342415,0.90955776,-0.283969,-0.13032743,0.22422625,-0.19960265,-0.14707005,0.61119133,-0.27835628,-0.14487542,0.5323678,-0.27116498,-0.13914326,0.40113991,-0.25625613,-0.0130471075,0.24538568,-0.21100351,-0.0559052,0.5908717,-0.27134034,-0.060333103,0.5140669,-0.22415833,-0.053108692,0.4012528,-0.18188748,0.089787796,0.27794057,-0.22310595,0.02424956,0.5553724,-0.2613427,0.0105376225,0.4945419,-0.22398295,0.023248123,0.39770356,-0.19153437
ㅜ,0.0,0.0,0.0,-0.14672835,0.07072675,-0.032950766,-0.26942673,0.27245942,-0.08620308,-0.32230866,0.48063654,-0.13048865,-0.34627938,0.6173195,-0.18012357,-0.308223,0.19142365,-0.1827544,-0.3277595,0.53758746,-0.25939915,-0.3267465,0.740193,-0.29640606,-0.31337267,0.89387196,-0.32060966,-0.18355516,0.19980446,-0.20625645,-0.19174977,0.59707445,-0.28009495,-0.17602381,0.5333959,-0.2750087,-0.17385879,0.41475028,-0.27150092,-0.059980586,0.21920125,-0.2248476,-0.09412838,0.57746583,-0.2907937,-0.085215524,0.50377846,-0.24606961,-0.08121037,0.390795,-0.2115181,0.05143301,0.2481953,-0.24449109,-0.0026434409,0.54102886,-0.29640606,-0.006970263,0.48982564,-0.26659003,0.0006255501,0.39108637,-0.24080795
ㅜ,0.0,0.0,0.0,-0.15246274,0.06935466,-0.019111577,-0.2638293,0.24730715,-0.06605917,-0.28866446,0.44267452,-0.1061265,-0.27309853,0.57687634,-0.1509156,-0.31592736,0.18623617,-0.16665472,-0.3632418,0.517948,-0.23743586,-0.38842312,0.71270204,-0.273411,-0.40115687,0.8661622,-0.29805404,-0.19111697,0.2051151,-0.19534491,-0.22289048,0.5918258,-0.27089277,-0.2055252,0.51919097,-0.2692739,-0.19661817,0.39453712,-0.2636977,-0.07020855,0.23559009,-0.2171099,-0.12430108,0.58082193,-0.2806061,-0.114132956,0.5062817,-0.23833527,-0.10262281,0.39390263,-0.20128082,0.039195776,0.2737611,-0.238695,-0.034597665,0.54895926,-0.28456333,-0.040004667,0.49724177,-0.2512863,-0.024963446,0.40388945,-0.22124703
ㅜ,0.0,0.0,0.0,-0.1455512,0.070006035,-0.03278486,-0.2707631,0.2573374,-0.082578026,-0.32033196,0.45668852,-0.12183802,-0.31718355,0.59876674,-0.16479146,-0.30582982,0.18991794,-0.1784709,-0.35050464,0.52382016,-0.2493304,-0.37033752,0.7184151,-0.28252587,-0.379352,0.8735511,-0.30496013,-0.18362911,0.20276968,-0.19953725,-0.20931834,0.59361905,-0.27723643,-0.19241445,0.52353096,-0.27231187,-0.18712872,0.4009613,-0.26410422,-0.06585181,0.23222244,-0.21522298,-0.1184259,0.5820366,-0.28088433,-0.109112725,0.5077324,-0.23510377,-0.097908646,0.3958097,-0.19643655,0.04058265,0.27331096,-0.2318207,-0.029874384,0.5527739,-0.28015473,-0.03185906,0.49563545,-0.24732408,-0.014878767,0.39959106,-0.21777649
ㅜ,0.0,0.0,0.0,-0.14326864,0.09891787,-0.023177948,-0.26496005,0.2859734,-0.06024093,-0.31078997,0.46971488,-0.0862699,-0.28150365,0.61548775,-0.115606904,-0.25975022,0.23889242,-0.16200638,-0.24028572,0.586747,-0.22599062,-0.22697435,0.7857669,-0.2566334,-0.20365931,0.93980414,-0.27439228,-0.12536412,0.22675867,-0.18403088,-0.119543254,0.6454785,-0.25837448,-0.13004322,0.5751879,-0.25820038,-0.13399696,0.4435952,-0.24966915,-0.00094094384,0.23679559,-0.19882995,-0.026029197,0.61721367,-0.2585486,-0.038130607,0.54902273,-0.21728528,-0.039606836,0.43899167,-0.17880766,0.1115442,0.26455024,-0.21362905,0.061540425,0.570834,-0.25141022,0.03871107,0.518322,-0.21467367,0.041285682,0.42061844,-0.18176746
ㅜ,0.0,0.0,0.0,-0.1406663,0.093313724,-0.02358108,-0.2652882,0.27570367,-0.062008753,-0.31694087,0.454427,-0.08958702,-0.2996787,0.5926802,-0.12088749,-0.26965067,0.2298408,-0.16699225,-0.25081608,0.5745393,-0.23314622,-0.2387326,0.7771933,-0.26546183,-0.21890453,0.9332729,-0.28474972,-0.1359026,0.218297,-0.18983313,-0.1325303,0.63756627,-0.26563105,-0.13916089,0.5689102,-0.26580024,-0.14085369,0.43511295,-0.25700226,-0.010243514,0.22691463,-0.20539878,-0.035026006,0.60669065,-0.2668154,-0.045784783,0.5395422,-0.22671695,-0.0467282,0.42589754,-0.18831041,0.104349025,0.25424853,-0.22096442,0.05506157,0.5609258,-0.2605553,0.032236103,0.5104329,-0.22485584,0.03437704,0.41154373,-0.19220182
ㅜ,0.0,0.0,0.0,-0.14247075,0.07784405,-0.031988874,-0.23854801,0.281054,-0.07265755,-0.25542465,0.4853788,-0.10266324,-0.24037698,0.6375231,-0.13560884,-0.28093696,0.26068574,-0.1552082,-0.30767235,0.5864763,-0.21111305,-0.31670055,0.76975083,-0.23332566,-0.31383356,0.91695124,-0.24639189,-0.1589707,0.27755216,-0.16790113,-0.17644553,0.5877182,-0.22753918,-0.16255781,0.51980084,-0.21764617,-0.1526391,0.41338798,-0.20625988,-0.04026066,0.30212107,-0.17564754,-0.08908289,0.5790944,-0.223246,-0.07362854,0.5077634,-0.1764875,-0.059350774,0.41675225,-0.13952869,0.06881777,0.330445,-0.18460725,-0.0017123363,0.5684794,-0.21185967,0.007130568,0.5074556,-0.17210099,0.030221486,0.42335573,-0.14055534
ㅜ,0.0,0.0,0.0,-0.14772883,0.080138944,-0.03187104,-0.27001172,0.26989216,-0.08192766,-0.31057122,0.47075334,-0.12429767,-0.3006937,0.605997,-0.17060472,-0.32962865,0.18154679,-0.15438788,-0.37039152,0.515753,-0.22272357,-0.3870736,0.7166844,-0.25796944,-0.3934873,0.87477946,-0.28271654,-0.20722249,0.19888929,-0.18007234,-0.23821099,0.5803497,-0.2583444,-0.21670471,0.5027138,-0.2607816,-0.20498209,0.36982477,-0.2566571,-0.08444383,0.22686978,-0.20116363,-0.13576019,0.5656575,-0.26809323,-0.12054979,0.4908345,-0.22666061,-0.106463745,0.37809825,-0.19000868,0.031089313,0.26662412,-0.22366098,-0.04225837,0.5424251,-0.269968,-0.03758956,0.48218232,-0.23509713,-0.014428916,0.38286558,-0.2039758
ㅜ,0.0,0.0,0.0,-0.14832744,0.07216817,-0.021472389,-0.27231717,0.24370047,-0.078103125,-0.3378814,0.41814744,-0.13148522,-0.3872449,0.5124762,-0.1908892,-0.35651693,0.14278348,-0.15991946,-0.4005434,0.47426903,-0.24033216,-0.42025474,0.6838494,-0.2857907,-0.42281988,0.8485761,-0.31802827,-0.24102466,0.1563692,-0.19034587,-0.26306802,0.5419116,-0.2638764,-0.23409179,0.46854365,-0.26115978,-0.22497097,0.35048056,-0.2627898,-0.118869476,0.17938194,-0.216969,-0.15489423,0.5310274,-0.28361738,-0.13428493,0.45062697,-0.2390644,-0.12611464,0.33790696,-0.2075513,-0.0072845593,0.21140088,-0.24341102,-0.06403241,0.49743,-0.2970195,-0.05357035,0.4377922,-0.26550642,-0.040743932,0.3422463,-0.23960772
ㅜ,0.0,0.0,0.0,-0.14472345,0.07220157,-0.021755299,-0.2793894,0.24813856,-0.071620844,-0.37233967,0.4083025,-0.117018454,-0.46642232,0.48354876,-0.16784944,-0.35095468,0.16071728,-0.16291001,-0.3847504,0.50054497,-0.24032396,-0.3942719,0.7105392,-0.27965957,-0.38907403,0.86881346,-0.30624256,-0.23685165,0.17401187,-0.19003184,-0.2496434,0.5622828,-0.25972232,-0.22080025,0.49471727,-0.25092125,-0.21111201,0.37603754,-0.24732895,-0.11442201,0.19475126,-0.21302254,-0.14240818,0.5438731,-0.27894115,-0.12389498,0.46639708,-0.233319,-0.11726314,0.3530253,-0.19991067,-0.0012027257,0.22575738,-0.23547438,-0.05110714,0.5131078,-0.28917915,-0.04266737,0.45571986,-0.25828543,-0.03233705,0.35844335,-0.23170248
ㅠ,0.0,0.0,0.0,-0.17180097,0.03906251,-0.036703352,-0.2950047,0.17859472,-0.11335093,-0.34501344,0.3562928,-0.18345568,-0.35354507,0.5076015,-0.26634577,-0.3882924,0.08671341,-0.21949483,-0.4353845,0.42548716,-0.30616048,-0.45541543,0.62645555,-0.3583314,-0.46935597,0.7875946,-0.39505708,-0.27477437,0.062468532,-0.24197643,-0.273467,0.48002943,-0.3315595,-0.26828107,0.718032,-0.3545559,-0.25211146,0.89129794,-0.37686586,-0.14810503,0.0771042,-0.25570565,-0.1632073,0.44624326,-0.31971806,-0.16719759,0.44591242,-0.2931177,-0.16035336,0.3850588,-0.27612785,-0.043046676,0.1175596,-0.26943484,-0.08677754,0.44260466,-0.32109097,-0.10156076,0.4484329,-0.29740807,-0.114466086,0.37349606,-0.27681428
ㅠ,0.0,0.0,0.0,-0.15869287,0.03544967,-0.024843438,-0.2719748,0.19903894,-0.0866822,-0.31254655,0.4042385,-0.14397815,-0.31558096,0.5666301,-0.21248986,-0.35788426,0.15947053,-0.18675451,-0.37445065,0.49361888,-0.250919,-0.37501585,0.68539655,-0.2884787,-0.37756756,0.8381701,-0.31769183,-0.2535796,0.15224873,-0.20935988,-0.22564656,0.54650885,-0.28047988,-0.20007409,0.7620721,-0.30273747,-0.17786792,0.92816716,-0.32690787,-0.1346793,0.1627395,-0.22153202,-0.13227591,0.48527375,-0.27526325,-0.1341494,0.4104357,-0.25335342,-0.13340458,0.3090761,-0.2413552,-0.03327501,0.18883877,-0.23213916,-0.06269042,0.47891125,-0.27682826,-0.06184911,0.43412504,-0.25265786,-0.06558591,0.33322415,-0.23370413
ㅠ,0.0,0.0,0.0,-0.16739933,0.039979454,-0.023397692,-0.2717941,0.2107583,-0.081992514,-0.2915381,0.42210266,-0.13428184,-0.27250808,0.57724094,-0.19825937,-0.34494746,0.18346792,-0.18683483,-0.3566211,0.5220263,-0.24149697,-0.35070807,0.7138827,-0.27172813,-0.35234344,0.86724025,-0.29651064,-0.23674351,0.18068321,-0.20458685,-0.19837824,0.5696984,-0.26979473,-0.16119935,0.7839806,-0.2866679,-0.12947659,0.94307125,-0.3063533,-0.116624475,0.19215097,-0.20985971,-0.11344875,0.5056212,-0.25608525,-0.12446851,0.432863,-0.23253308,-0.1272271,0.33095884,-0.21899936,-0.016050732,0.2154436,-0.21319921,-0.044165898,0.49658182,-0.24782442,-0.0517919,0.4484324,-0.21882361,-0.060968783,0.3466564,-0.19702905
ㅗ,0.0,0.0,0.0,0.055583257,-0.20466101,0.011214494,0.015846657,-0.4009443,-0.010331363,-0.0729877,-0.5239903,-0.032204647,-0.1564857,-0.5716708,-0.0561302,0.019365976,-0.45527232,-0.0954682,-0.048753545,-0.719845,-0.13583525,-0.08890122,-0.8633692,-0.15024203,-0.11524197,-0.9803105,-0.16034551,-0.067311026,-0.39507234,-0.11899615,-0.19121484,-0.5859929,-0.1620294,-0.1703766,-0.50268966,-0.14378704,-0.121083476,-0.42894247,-0.12386078,-0.15702419,-0.31509876,-0.13489975,-0.24905075,-0.4850872,-0.15304855,-0.22327048,-0.4176372,-0.1013151,-0.18478677,-0.36023158,-0.06440942,-0.233454,-0.23469813,-0.14986783,-0.283773,-0.39086872,-0.14154182,-0.25619268,-0.33789766,-0.09051002,-0.23291908,-0.28851932,-0.05351078
ㅠ,0.0,0.0,0.0,-0.16299455,0.028046539,-0.02589958,-0.27829203,0.19461997,-0.09028028,-0.32175738,0.40584278,-0.15052566,-0.3283005,0.57360667,-0.22252409,-0.3633555,0.1519819,-0.18456604,-0.3904718,0.48594296,-0.24690083,-0.40337944,0.67805934,-0.2824212,-0.4155914,0.828849,-0.31080273,-0.25796494,0.15300323,-0.20615683,-0.2354608,0.5533855,-0.2778941,-0.21242915,0.7674125,-0.2965249,-0.19336776,0.9283609,-0.31741926,-0.137788,0.16882683,-0.21747464,-0.14270967,0.49467447,-0.2721482,-0.14169055,0.4186471,-0.24881613,-0.13613676,0.3152527,-0.23540893,-0.036720783,0.19790275,-0.22757354,-0.073307045,0.48244277,-0.27284464,-0.07318829,0.43581104,-0.24881613,-0.07548635,0.33429846,-0.22983712
ㅠ,0.0,0.0,0.0,-0.17653567,0.018200392,-0.020873217,-0.31441015,0.16454986,-0.08671549,-0.37889495,0.35738027,-0.14932604,-0.39158747,0.52163416,-0.2246795,-0.4143312,0.10511631,-0.1943173,-0.46456635,0.43345472,-0.26939473,-0.49326977,0.62580353,-0.31687018,-0.51772875,0.7792705,-0.3531208,-0.30470514,0.095278114,-0.22136725,-0.31527376,0.48969948,-0.29975694,-0.31674638,0.70991236,-0.32036644,-0.31553084,0.8740821,-0.34392017,-0.18005404,0.11698353,-0.23866451,-0.2032225,0.47142217,-0.29276446,-0.1889148,0.42449751,-0.26461038,-0.17013393,0.32812548,-0.24988933,-0.07462816,0.15812016,-0.25540975,-0.1292873,0.4684939,-0.2995729,-0.12777856,0.44985342,-0.2758352,-0.12526923,0.3521983,-0.2578019
ㅗ,0.0,0.0,0.0,0.048617072,-0.23046096,0.008199483,0.0080242595,-0.42772946,0.0028126922,-0.09258091,-0.5173113,0.0022502395,-0.17437384,-0.5038509,-0.0019942499,-0.067659676,-0.44310197,-0.08442548,-0.147084,-0.7085808,-0.11012435,-0.19917944,-0.8496746,-0.1202369,-0.24268277,-0.96153355,-0.1286795,-0.17278063,-0.36590016,-0.086791255,-0.22487864,-0.56415457,-0.09337834,-0.17335941,-0.5309346,-0.06206653,-0.12836435,-0.46440238,-0.040310625,-0.24396165,-0.2769848,-0.082384415,-0.25910458,-0.44057074,-0.07602928,-0.21805471,-0.4183807,-0.037828874,-0.18517332,-0.3541941,-0.01571346,-0.29263034,-0.19261624,-0.07695703,-0.28958946,-0.3310279,-0.0671692,-0.24741308,-0.31250027,-0.036993895,-0.22245981,-0.25675604,-0.015678668
ㅠ,0.0,0.0,0.0,-0.17664151,0.0073379795,-0.025437584,-0.3090131,0.1523647,-0.09221867,-0.36325556,0.34848222,-0.15354544,-0.3687699,0.51009417,-0.2267892,-0.3986636,0.10445973,-0.2053386,-0.45369756,0.4217278,-0.28545755,-0.48685026,0.61303437,-0.33862576,-0.51569957,0.7683125,-0.37914357,-0.28829876,0.10538041,-0.22953928,-0.30822942,0.48368457,-0.31185833,-0.3156347,0.7003402,-0.33954242,-0.31744066,0.8635856,-0.36924326,-0.16759887,0.13164465,-0.24310635,-0.20000453,0.47891334,-0.29774123,-0.18711561,0.42108744,-0.27207384,-0.17043506,0.3170529,-0.2596068,-0.06779954,0.17281984,-0.25649005,-0.12115947,0.4666616,-0.29755792,-0.11562554,0.4328072,-0.27280715,-0.11345023,0.32943758,-0.25539002
ㅗ,0.0,0.0,0.0,0.058254845,-0.18888713,0.0032195416,0.024958113,-0.38367537,-0.034014676,-0.08176614,-0.48698974,-0.07365584,-0.18224706,-0.5030087,-0.11521104,0.07177481,-0.44056335,-0.12093006,0.0111089675,-0.70505613,-0.17341597,-0.024801787,-0.85336745,-0.19721451,-0.047535107,-0.97567576,-0.21400262,0.00079489086,-0.37785286,-0.15090884,-0.16112946,-0.56231964,-0.20883706,-0.16074072,-0.4682576,-0.19721451,-0.11418612,-0.39880097,-0.18273246,-0.08722143,-0.30350813,-0.17313924,-0.2257221,-0.47371498,-0.20274906,-0.20864938,-0.39915428,-0.15146229,-0.16277958,-0.34267724,-0.11484206,-0.17141779,-0.2315743,-0.19573863,-0.26168984,-0.38626757,-0.1902041,-0.24354513,-0.326677,-0.13651903,-0.21128426,-0.2743535,-0.09869965
ㅠ,0.0,0.0,0.0,-0.1648287,0.038635235,-0.011304844,-0.29004544,0.20801127,-0.04967815,-0.32062915,0.41817707,-0.083818175,-0.29605958,0.56976277,-0.12620065,-0.37112445,0.22761248,-0.14293449,-0.40468335,0.55247575,-0.18875335,-0.41436177,0.726153,-0.21335611,-0.4314172,0.8717896,-0.23208208,-0.2644546,0.25361356,-0.1624573,-0.25587142,0.59442544,-0.2115632,-0.2313369,0.7806938,-0.22590649,-0.21012984,0.92030644,-0.2416443,-0.15059139,0.2805336,-0.17092384,-0.16054966,0.55685234,-0.20877421,-0.15238403,0.47703436,-0.18576516,-0.14183907,0.38494113,-0.16933016,-0.04657279,0.30962318,-0.17789628,-0.08877369,0.5367969,-0.20459075,-0.08119281,0.47906864,-0.17550573,-0.073375806,0.39643788,-0.15080339
ㅗ,0.0,0.0,0.0,0.06310092,-0.21559958,0.030750802,0.032063153,-0.3924287,0.031071115,-0.05050734,-0.50241643,0.03482338,-0.12605332,-0.52839315,0.033839554,-0.020147936,-0.4371775,-0.09293669,-0.08587354,-0.7085485,-0.13325065,-0.13336323,-0.8566664,-0.15338476,-0.17357731,-0.9710842,-0.16390942,-0.12040444,-0.38236117,-0.10149369,-0.18266237,-0.5914217,-0.10213432,-0.14380313,-0.5498789,-0.06204913,-0.102928266,-0.4824063,-0.036401026,-0.202287,-0.30302274,-0.101219125,-0.23485465,-0.4806988,-0.089092895,-0.19597307,-0.44930848,-0.043768276,-0.16549082,-0.38878486,-0.018600643,-0.2675047,-0.22103614,-0.09664319,-0.26759958,-0.37266344,-0.074587196,-0.22423546,-0.35134795,-0.032465722,-0.2006451,-0.30181485,-0.0050616
ㅠ,0.0,0.0,0.0,-0.1648581,0.048998892,-0.038749926,-0.29256654,0.21249568,-0.11402812,-0.34703258,0.40169445,-0.18028338,-0.36326078,0.55091465,-0.2582205,-0.3827395,0.1290875,-0.22352366,-0.41656673,0.45794877,-0.31366572,-0.43565634,0.6478808,-0.3651007,-0.45230007,0.7978477,-0.3985771,-0.27504313,0.096520536,-0.24043621,-0.25437582,0.4988638,-0.3373781,-0.23817822,0.7270086,-0.3562086,-0.21045423,0.8893291,-0.36789042,-0.15315951,0.10412104,-0.24845658,-0.16010866,0.4739439,-0.31697848,-0.17720164,0.5226204,-0.28158423,-0.18441178,0.5072391,-0.25142062,-0.049796283,0.13962227,-0.2563026,-0.095284484,0.44749266,-0.30564532,-0.12524815,0.4919545,-0.27548176,-0.15360878,0.45740053,-0.24462076
ㅠ,0.0,0.0,0.0,-0.16544956,0.042310078,-0.01813522,-0.27365687,0.23286633,-0.06883693,-0.30002436,0.4503838,-0.11395657,-0.29950562,0.60797626,-0.16797045,-0.3637113,0.19976477,-0.16472778,-0.38290057,0.52559626,-0.21864899,-0.38417804,0.71801203,-0.24922287,-0.39282078,0.877773,-0.27423787,-0.25328574,0.20709066,-0.18538831,-0.22651124,0.588536,-0.24922287,-0.19369309,0.7915642,-0.26830843,-0.16611785,0.941022,-0.2883204,-0.13298142,0.22476803,-0.19437517,-0.13901564,0.53987414,-0.24236692,-0.1392776,0.45850092,-0.21568425,-0.1329878,0.3570154,-0.1978958,-0.027267719,0.25017166,-0.20178702,-0.0631605,0.5161238,-0.23866099,-0.06262597,0.4584579,-0.20919888,-0.06363154,0.36083552,-0.18473977
ㅗ,0.0,0.0,0.0,0.059278272,-0.18827344,-0.007442644,0.020319184,-0.39249808,-0.03571068,-0.07859573,-0.5187526,-0.06300004,-0.16231026,-0.5569498,-0.08926519,0.050960872,-0.43338826,-0.099234104,-0.0067803822,-0.7056745,-0.14766759,-0.043552443,-0.85787886,-0.1699725,-0.07009296,-0.9802539,-0.1849031,-0.038767576,-0.3681594,-0.12071965,-0.16181152,-0.59085333,-0.1817167,-0.14947072,-0.5096756,-0.17670947,-0.10798066,-0.42624027,-0.16095948,-0.13086367,-0.29536897,-0.13692483,-0.22845201,-0.49932408,-0.17334099,-0.2067692,-0.43421727,-0.12991472,-0.1702248,-0.37059548,-0.09190536,-0.21069092,-0.2286395,-0.15394937,-0.27547094,-0.41654763,-0.15695372,-0.25206715,-0.3722326,-0.11061415,-0.22498298,-0.31649053,-0.07433456
ㅠ,0.0,0.0,0.0,-0.17208903,0.032091387,-0.016461989,-0.29704675,0.18899061,-0.06943919,-0.3477971,0.3827561,-0.12042405,-0.34768686,0.5371748,-0.18240748,-0.40186757,0.17432903,-0.15556352,-0.42482173,0.49586833,-0.2238851,-0.43585724,0.6882836,-0.2695571,-0.44521722,0.84215516,-0.30423057,-0.29970014,0.15530701,-0.18361917,-0.2752819,0.52920896,-0.25259322,-0.250045,0.7248788,-0.27570885,-0.2313881,0.8682979,-0.30068865,-0.18229148,0.1615901,-0.20431137,-0.16728565,0.5028207,-0.25576228,-0.1521676,0.44260812,-0.23618859,-0.14207609,0.34397805,-0.22630852,-0.076213956,0.18585607,-0.22463076,-0.09879547,0.48494646,-0.26806575,-0.090755984,0.4494508,-0.24811922,-0.0900246,0.35064307,-0.23227385
ㅗ,0.0,0.0,0.0,0.043481655,-0.22885966,0.0054815714,-0.002327694,-0.43140873,-0.00081052195,-0.10680911,-0.52443403,-0.0015822143,-0.18993418,-0.5022822,-0.0060101724,-0.08244536,-0.4379422,-0.089280225,-0.1765474,-0.7004426,-0.11627855,-0.23617724,-0.8397331,-0.12624,-0.28574693,-0.9487498,-0.13499117,-0.18649013,-0.35161066,-0.091654204,-0.25266424,-0.5481591,-0.102220796,-0.19955137,-0.51757824,-0.07159166,-0.15006317,-0.4524646,-0.049434416,-0.25659218,-0.25669762,-0.087371714,-0.28296715,-0.42402998,-0.08695278,-0.24141988,-0.40409184,-0.049946453,-0.20499912,-0.34056675,-0.027044429,-0.30517703,-0.16835141,-0.08183241,-0.3095844,-0.31526417,-0.0780154,-0.26665974,-0.2989801,-0.04976026,-0.23995952,-0.24248666,-0.02885983
ㅗ,0.0,0.0,0.0,0.060558833,-0.19555053,0.0012283204,0.02692712,-0.3912677,-0.017738586,-0.06258628,-0.51840955,-0.031176353,-0.1466216,-0.5618566,-0.045581274,0.012397856,-0.4280675,-0.11323662,-0.061078724,-0.7008313,-0.15920493,-0.10468211,-0.849696,-0.18114226,-0.14053607,-0.9704301,-0.19625267,-0.08119534,-0.3624607,-0.1256162,-0.18746814,-0.5789792,-0.16066134,-0.15661198,-0.5178313,-0.13963425,-0.11062141,-0.44320482,-0.12033667,-0.16943738,-0.28640717,-0.13089572,-0.23947378,-0.47507852,-0.13999836,-0.20723219,-0.42824492,-0.09170888,-0.17386185,-0.36808714,-0.059713114,-0.24405459,-0.21328892,-0.1363573,-0.2785522,-0.38274765,-0.12689056,-0.24224615,-0.35047337,-0.082151115,-0.2175792,-0.29944226,-0.050564963
ㅗ,0.0,0.0,0.0,0.052758984,-0.22001085,0.007720517,0.016096197,-0.410608,-0.0070583527,-0.07611659,-0.5220643,-0.02008419,-0.15779622,-0.54651344,-0.03647678,-0.02280433,-0.44974878,-0.084006,-0.09598899,-0.7156885,-0.117859244,-0.14553894,-0.8604912,-0.13318376,-0.18701996,-0.97176474,-0.14386448,-0.124057464,-0.38137716,-0.0968693,-0.20360287,-0.58605766,-0.122317284,-0.16498554,-0.5437443,-0.102813356,-0.11983184,-0.4706945,-0.083866686,-0.20828143,-0.29292837,-0.102720484,-0.252056,-0.46831992,-0.10745715,-0.21625295,-0.43689755,-0.06566302,-0.18266122,-0.37281075,-0.03682506,-0.27474597,-0.20547187,-0.1080144,-0.29290146,-0.36219478,-0.098633945,-0.25543725,-0.33773547,-0.05837226,-0.2336069,-0.28120798,-0.027746448
ㅗ,0.0,0.0,0.0,0.06129804,-0.18866059,-0.0014870615,0.01588635,-0.3914212,-0.036775563,-0.09643427,-0.50685537,-0.071850024,-0.18363197,-0.53976166,-0.10802774,0.06584577,-0.42831272,-0.12282981,-0.00075327395,-0.70447665,-0.17256843,-0.036182076,-0.8541812,-0.1912319,-0.06100473,-0.97700834,-0.20428714,-0.015412965,-0.3591243,-0.15031935,-0.1636475,-0.5747152,-0.21329708,-0.15526822,-0.48420548,-0.20116124,-0.11134819,-0.4031393,-0.18286552,-0.108319566,-0.2799926,-0.16999415,-0.22636157,-0.4790704,-0.2046549,-0.20415604,-0.40260264,-0.15123874,-0.16304557,-0.3386071,-0.10986651,-0.19384669,-0.20732893,-0.18994477,-0.25996473,-0.38490322,-0.1882899,-0.23742367,-0.32771546,-0.13413823,-0.21147797,-0.273543,-0.0949725
ㅗ,0.0,0.0,0.0,0.050351728,-0.2243609,0.014724019,0.00523071,-0.40805006,0.005604029,-0.09438022,-0.4967328,-0.0022164641,-0.17769141,-0.49351332,-0.014770416,-0.050233882,-0.45773432,-0.07869854,-0.13966256,-0.71291584,-0.105652794,-0.19586438,-0.8537917,-0.11637803,-0.23989382,-0.9627259,-0.12493941,-0.15375002,-0.38383657,-0.08956491,-0.2319203,-0.56171983,-0.10094873,-0.18972181,-0.51728904,-0.07465305,-0.1429208,-0.45070297,-0.055084176,-0.23248278,-0.2891568,-0.09276367,-0.26975977,-0.43981484,-0.086742476,-0.23289333,-0.41159704,-0.045770146,-0.19804803,-0.35298836,-0.0218265,-0.2888762,-0.19554196,-0.09459824,-0.29511672,-0.33113116,-0.079310074,-0.2546775,-0.30766574,-0.04139537,-0.23082401,-0.25544137,-0.014817456
ㅡ,0.0,0.0,0.0,-0.05569822,-0.25141385,-0.006304755,-0.21832104,-0.41639948,-0.03263568,-0.40667376,-0.43845832,-0.054258328,-0.5259357,-0.42069694,-0.079320945,-0.25328863,-0.5313895,-0.10447028,-0.51179624,-0.56740785,-0.16315207,-0.66953355,-0.56976867,-0.19518133,-0.7967535,-0.5641187,-0.21668835,-0.29771343,-0.38083255,-0.12372254,-0.5060157,-0.33903316,-0.17332742,-0.44629496,-0.2831831,-0.16338332,-0.3653053,-0.27727804,-0.1564456,-0.33432776,-0.21903132,-0.13886994,-0.49944496,-0.19060044,-0.17540875,-0.43403852,-0.1384379,-0.13297287,-0.35860288,-0.13548021,-0.10418121,-0.35888362,-0.05625417,-0.15447989,-0.4923198,-0.067312814,-0.17147738,-0.4323901,-0.02752249,-0.13366663,-0.3656696,-0.015188362,-0.10418121
ㅡ,0.0,0.0,0.0,-0.058616795,-0.26141098,0.0025422496,-0.21294242,-0.42442858,-0.017953468,-0.39085278,-0.4406672,-0.035464227,-0.5042119,-0.3999133,-0.057541084,-0.26856855,-0.51912695,-0.10361581,-0.53320307,-0.5565767,-0.15450785,-0.68918437,-0.55689776,-0.17744176,-0.8128524,-0.5500041,-0.19174592,-0.3143798,-0.36195195,-0.12613599,-0.52203643,-0.33380207,-0.16869378,-0.4610511,-0.27824938,-0.15202531,-0.37655306,-0.26826426,-0.1393762,-0.34992254,-0.19362098,-0.1431591,-0.50562984,-0.18163116,-0.17306776,-0.43900976,-0.13092016,-0.12944604,-0.36402488,-0.123224385,-0.10006934,-0.37290704,-0.026159177,-0.1599458,-0.50192577,-0.05074938,-0.17023058,-0.4429328,-0.016816298,-0.13003711,-0.37708277,0.00035439766,-0.09941915
ㅡ,0.0,0.0,0.0,-0.07274692,-0.2600705,0.006735812,-0.22944535,-0.40761796,-0.010986214,-0.38908848,-0.39189103,-0.028028652,-0.49226478,-0.3106434,-0.049926337,-0.31305018,-0.4829549,-0.08432835,-0.5822075,-0.5036312,-0.12613028,-0.7395041,-0.5000608,-0.14376925,-0.8615641,-0.4838295,-0.15367606,-0.35684142,-0.31317377,-0.10492729,-0.5587193,-0.2853619,-0.14352761,-0.4916651,-0.24759567,-0.12999636,-0.40136844,-0.23503353,-0.1164651,-0.38379365,-0.13899085,-0.119123034,-0.5391641,-0.13928406,-0.13966154,-0.46696603,-0.10438657,-0.09713473,-0.3899646,-0.09122866,-0.067776725,-0.39767227,0.027591344,-0.13289592,-0.5186598,-0.009077277,-0.13301674,-0.45644826,0.011398409,-0.090429515,-0.39263436,0.025866734,-0.05771889
ㅡ,0.0,0.0,0.0,-0.073562235,-0.27025408,0.00586841,-0.2321575,-0.4254238,-0.010666437,-0.399765,-0.4122285,-0.025870807,-0.50552285,-0.33433777,-0.04666627,-0.32438838,-0.4993164,-0.08693439,-0.59588236,-0.49851817,-0.12698719,-0.75059724,-0.4827535,-0.14298368,-0.8725967,-0.46391666,-0.1528277,-0.3671368,-0.3267389,-0.108099,-0.5756301,-0.28352875,-0.14495249,-0.5038979,-0.24348173,-0.12969427,-0.4118167,-0.23584247,-0.11628182,-0.3920683,-0.1472433,-0.12298806,-0.54920053,-0.13802154,-0.14569077,-0.472672,-0.101925366,-0.1039153,-0.39325747,-0.0935073,-0.07549074,-0.40205225,0.02593075,-0.1373234,-0.52257913,-0.0043098656,-0.14150709,-0.45711428,0.01697814,-0.100900576,-0.39155567,0.031421967,-0.06989197
ㅡ,0.0,0.0,0.0,-0.06503008,-0.25296062,0.0031723748,-0.21698749,-0.39565927,-0.015369533,-0.36678582,-0.3856056,-0.033619396,-0.460099,-0.30525586,-0.05712969,-0.28848472,-0.48191294,-0.08481305,-0.53697294,-0.54181284,-0.12719035,-0.68535835,-0.5652326,-0.14482307,-0.80324894,-0.57495046,-0.1556378,-0.33708727,-0.32599938,-0.10591355,-0.52888596,-0.31851482,-0.14929004,-0.46425655,-0.26638025,-0.13612428,-0.37796274,-0.24592319,-0.12107767,-0.3682449,-0.16108128,-0.121195234,-0.5128932,-0.16714439,-0.14776187,-0.447124,-0.12385222,-0.107382946,-0.37478027,-0.107729726,-0.077407315,-0.38611305,5.4478773e-05,-0.13635938,-0.50474745,-0.039648246,-0.14164919,-0.44739506,-0.015809242,-0.100682504,-0.3838929,0.0053424346,-0.0680032
ㅡ,0.0,0.0,0.0,-0.06412657,-0.24157552,0.0073319986,-0.21262036,-0.3732074,-0.013640055,-0.3504272,-0.35456547,-0.036546826,-0.4361603,-0.26229808,-0.066522345,-0.28613147,-0.46438038,-0.08617937,-0.5236292,-0.5456765,-0.1312003,-0.6658688,-0.58281046,-0.15195256,-0.77924573,-0.6043611,-0.1659027,-0.32783934,-0.31894216,-0.11062095,-0.5107356,-0.29509225,-0.15691006,-0.4437763,-0.23809032,-0.14457399,-0.36099797,-0.2246976,-0.13131559,-0.355056,-0.1565627,-0.1287792,-0.49923417,-0.144643,-0.15725593,-0.43322134,-0.10188428,-0.11505963,-0.3613653,-0.09352099,-0.0846806,-0.36991325,0.00313354,-0.14653392,-0.4921526,-0.02389371,-0.15518071,-0.4356494,-0.00056748925,-0.11309969,-0.3726914,0.0150137665,-0.079377234
ㅡ,0.0,0.0,0.0,-0.07854395,-0.25146997,0.0021772396,-0.24287991,-0.3874121,-0.017790468,-0.40271133,-0.37168133,-0.038051933,-0.5054132,-0.2933444,-0.063390054,-0.32581297,-0.48534492,-0.080021024,-0.5803222,-0.4935594,-0.12581645,-0.7343823,-0.49000794,-0.15003982,-0.85989106,-0.48225167,-0.1673939,-0.35996705,-0.3284007,-0.105087996,-0.5646947,-0.26513332,-0.15269114,-0.4968071,-0.22261895,-0.1448577,-0.41057253,-0.22504179,-0.13569862,-0.37918448,-0.15411925,-0.12509337,-0.5457504,-0.11338776,-0.15883736,-0.47780064,-0.07828862,-0.11870611,-0.40128317,-0.08271055,-0.08960191,-0.38567084,0.0199238,-0.1454603,-0.5219823,0.011616965,-0.16052456,-0.4622661,0.033614896,-0.121236905,-0.3926928,0.04092704,-0.089300625
ㅡ,0.0,0.0,0.0,-0.093383186,-0.25021145,0.02617134,-0.25538164,-0.34529734,0.025999777,-0.38399512,-0.34530446,0.020010661,-0.4595093,-0.27903515,0.0130467545,-0.38467613,-0.44964966,-0.028728886,-0.60726374,-0.50887525,-0.03952177,-0.73755485,-0.53121376,-0.038710743,-0.84061635,-0.5401574,-0.03992728,-0.43596214,-0.3117442,-0.047507253,-0.52673453,-0.33607048,-0.052092668,-0.46592885,-0.31380853,-0.03262805,-0.397785,-0.30080116,-0.019324102,-0.4457292,-0.16896431,-0.059516683,-0.46308175,-0.19342531,-0.042391554,-0.4051172,-0.17198329,-0.014699694,-0.3521304,-0.15167844,-0.0048777005,-0.44327933,-0.029542008,-0.072493106,-0.43137366,-0.06935175,-0.04613475,-0.37476736,-0.051294528,-0.020571835,-0.33201408,-0.037085366,-0.0044682887
ㅡ,0.0,0.0,0.0,-0.12536052,-0.22877744,0.05335899,-0.2954182,-0.29833716,0.06185661,-0.41386017,-0.27274346,0.05938749,-0.47844943,-0.19865942,0.053615525,-0.4231142,-0.4121042,-0.015543849,-0.6613589,-0.42893872,-0.02265459,-0.79895115,-0.42862833,-0.01736362,-0.90657943,-0.42175332,-0.015423601,-0.46244478,-0.27547124,-0.047618344,-0.55965966,-0.22874938,-0.047233544,-0.48915476,-0.20027755,-0.02225376,-0.4174034,-0.20886183,-0.0054789833,-0.4639866,-0.12278163,-0.07041761,-0.4735969,-0.07693904,-0.047971074,-0.40758663,-0.063163094,-0.017892718,-0.35687146,-0.07475924,-0.0070181736,-0.45602143,0.028407492,-0.09164561,-0.44902205,0.029003857,-0.058873676,-0.38362968,0.040609173,-0.027320262,-0.33951956,0.03525359,-0.0069660665
ㅡ,0.0,0.0,0.0,-0.12501343,-0.22549972,0.04722708,-0.30349678,-0.2974161,0.054097578,-0.423952,-0.26736832,0.050469697,-0.48828316,-0.1899419,0.042860784,-0.43026304,-0.40926373,-0.019744204,-0.6684594,-0.4148038,-0.031045206,-0.80773085,-0.4098217,-0.027738383,-0.91647387,-0.3991923,-0.02685549,-0.4637386,-0.27494952,-0.05178512,-0.561962,-0.1931719,-0.06096718,-0.49093863,-0.16330542,-0.039360438,-0.42138126,-0.1799557,-0.023099188,-0.46496823,-0.12134994,-0.0754466,-0.48041984,-0.051321827,-0.06427401,-0.4125613,-0.040162824,-0.035347298,-0.36393797,-0.061526448,-0.022152087,-0.45630568,0.030959787,-0.09779176,-0.45672214,0.046924785,-0.07300661,-0.38907036,0.057359487,-0.04173622,-0.34577662,0.04782165,-0.01977631
ㅡ,0.0,0.0,0.0,-0.17671221,-0.15413637,0.04480152,-0.37542984,-0.15363583,0.04725182,-0.49194115,-0.04292985,0.03920554,-0.5324109,0.085790835,0.0255633,-0.519674,-0.22707383,-0.028012302,-0.75434333,-0.09594754,-0.0548001,-0.8906339,-0.010810737,-0.06602515,-0.9952588,0.062603116,-0.07443566,-0.51421463,-0.087150864,-0.06393908,-0.60694855,0.11474337,-0.08430311,-0.52857685,0.12175975,-0.06794566,-0.46845224,0.06472971,-0.056025255,-0.478397,0.070449874,-0.092382506,-0.5085585,0.2299706,-0.097548,-0.43273452,0.21889564,-0.06874035,-0.39037585,0.15999389,-0.0531776,-0.43384963,0.2261122,-0.118872285,-0.46672663,0.30655926,-0.11072669,-0.39147618,0.29253873,-0.077680655,-0.3419449,0.25251213,-0.05225046
ㅛ,0.0,0.0,0.0,0.040136967,-0.2121661,-0.0054537393,-0.011555016,-0.39118546,-0.03850195,-0.11292312,-0.47209892,-0.07305145,-0.19488862,-0.4907289,-0.10784791,-0.00922938,-0.44999456,-0.111978576,-0.059225433,-0.69476384,-0.16891007,-0.08937669,-0.8466764,-0.2015065,-0.11701432,-0.9681277,-0.22144148,-0.08266967,-0.37413222,-0.13846879,-0.19336087,-0.6238951,-0.19342472,-0.25772884,-0.7747935,-0.2173108,-0.31598848,-0.8911473,-0.23239677,-0.16067356,-0.28091097,-0.15678743,-0.27313903,-0.47208062,-0.20186567,-0.22510456,-0.43617705,-0.17941634,-0.17631657,-0.37780812,-0.15274656,-0.23150876,-0.19049568,-0.17510608,-0.2963515,-0.37075654,-0.19486149,-0.2517823,-0.34787142,-0.15948135,-0.2151055,-0.29554337,-0.12589715
ㅛ,0.0,0.0,0.0,0.03615714,-0.22412916,0.0031566273,-0.027548254,-0.39897618,-0.01958531,-0.14677532,-0.46852353,-0.039902862,-0.2387881,-0.4741775,-0.06225453,-0.06342676,-0.44275898,-0.10586985,-0.1267096,-0.6915109,-0.14730912,-0.16312507,-0.8443781,-0.16755573,-0.19377387,-0.9646474,-0.17862512,-0.15533088,-0.37489524,-0.11930449,-0.2814572,-0.6178897,-0.14361934,-0.35930562,-0.75989586,-0.14863367,-0.42545837,-0.8506237,-0.1534588,-0.23376577,-0.28510383,-0.122237414,-0.30439892,-0.44570512,-0.12923858,-0.25249064,-0.43015787,-0.09934174,-0.20711122,-0.37581635,-0.07526344,-0.2903083,-0.19239989,-0.12488651,-0.30845743,-0.34615287,-0.11712847,-0.2595948,-0.33298695,-0.07706103,-0.23187882,-0.28049845,-0.043994755
ㅣ,0.0,0.0,0.0,-0.1470384,-0.052998852,-0.041603032,-0.28243962,-0.25521943,-0.052010026,-0.33153152,-0.45555925,-0.06947301,-0.27457508,-0.58090544,-0.06843466,-0.26092356,-0.4517441,0.014903886,-0.3184154,-0.5950145,-0.06135508,-0.28032678,-0.44612294,-0.08245225,-0.2520875,-0.40917963,-0.0782045,-0.17650375,-0.4870232,0.012721013,-0.21445812,-0.58961296,-0.076835774,-0.18334948,-0.4068543,-0.077260554,-0.16947056,-0.38577673,-0.048753414,-0.087776005,-0.5027342,-0.0071136337,-0.12921545,-0.57947296,-0.10458777,-0.114445604,-0.38813102,-0.08703038,-0.09472112,-0.30475017,-0.038393613,-0.00494345,-0.5218409,-0.030582467,-0.028490515,-0.72277844,-0.08490651,-0.05795884,-0.85595345,-0.09269406,-0.0796604,-0.9936106,-0.0799508
ㅣ,0.0,0.0,0.0,-0.14355768,-0.062209904,-0.03984983,-0.26733688,-0.26894605,-0.052291617,-0.30589938,-0.46542472,-0.07109462,-0.24636729,-0.58746326,-0.07020592,-0.24022405,-0.46897462,0.0046932953,-0.30256304,-0.6086185,-0.07507038,-0.27086005,-0.45285907,-0.09579111,-0.23919095,-0.42718717,-0.094060466,-0.15507476,-0.4984467,0.0032433127,-0.19800672,-0.59351933,-0.08133804,-0.17213131,-0.39822134,-0.06646403,-0.1588816,-0.41291323,-0.03056526,-0.06869604,-0.5052588,-0.016790422,-0.11085518,-0.58433443,-0.108887725,-0.1021579,-0.38902482,-0.07829776,-0.07871083,-0.32421604,-0.024929037,0.01011088,-0.51868033,-0.04136997,0.0062992945,-0.7201557,-0.10299425,-0.012535519,-0.85127723,-0.11459411,-0.018870642,-0.9942975,-0.10495874
ㅛ,0.0,0.0,0.0,0.043321893,-0.2034221,0.0031377375,0.0023028455,-0.38671976,-0.034242038,-0.105876066,-0.4725054,-0.07880513,-0.19745684,-0.4804933,-0.12221614,0.054656923,-0.45115903,-0.10405909,0.02195483,-0.7039236,-0.1651663,0.005620167,-0.85666007,-0.19502862,-0.0054720915,-0.97709686,-0.21272483,-0.004549119,-0.3908496,-0.14424421,-0.113933556,-0.66068375,-0.21217184,-0.18135351,-0.81647545,-0.23539811,-0.23256059,-0.93654585,-0.24682692,-0.076982096,-0.3093129,-0.1774246,-0.2277686,-0.4941757,-0.23115839,-0.2226107,-0.43060282,-0.2057201,-0.19145355,-0.36463046,-0.1742909,-0.15676145,-0.2259917,-0.21125016,-0.25901404,-0.38314223,-0.23152706,-0.24150488,-0.35847178,-0.196872,-0.20791392,-0.32443,-0.1642446
ㅣ,0.0,0.0,0.0,-0.13912694,-0.059441373,-0.04002262,-0.26367235,-0.26168326,-0.05044748,-0.30889317,-0.4532007,-0.06743442,-0.26081744,-0.5775927,-0.06403703,-0.24003129,-0.46587422,0.004882251,-0.30178678,-0.60209066,-0.074136116,-0.27161434,-0.44517538,-0.09191423,-0.24131912,-0.41758433,-0.08739989,-0.15823714,-0.49374238,0.0028868672,-0.20106472,-0.5863412,-0.08507291,-0.17387064,-0.3914063,-0.07064565,-0.16234496,-0.4049301,-0.03380958,-0.07259379,-0.50263506,-0.017718527,-0.11732379,-0.5790132,-0.11439285,-0.10350462,-0.38332772,-0.0842352,-0.079395,-0.31760785,-0.029621022,0.0054949573,-0.51886874,-0.042768452,-0.004104567,-0.7195668,-0.10824961,-0.025103344,-0.8510486,-0.12090838,-0.034632582,-0.99321204,-0.111042
ㅣ,0.0,0.0,0.0,-0.1312986,-0.041977357,-0.050624613,-0.24778487,-0.22188278,-0.06730453,-0.29643202,-0.395109,-0.08772615,-0.28429294,-0.53634983,-0.08831221,-0.26587766,-0.43447158,-0.0057691587,-0.32365304,-0.5497536,-0.0836238,-0.28036124,-0.3976136,-0.10278316,-0.24432743,-0.3642501,-0.09854555,-0.18814431,-0.47664946,-0.0043575647,-0.21962446,-0.55585545,-0.09566038,-0.18390985,-0.36925983,-0.0934965,-0.16976729,-0.36202985,-0.06577177,-0.103604525,-0.49660683,-0.020747274,-0.13277347,-0.5621533,-0.12613505,-0.11471341,-0.36488461,-0.1081027,-0.093919724,-0.28928947,-0.06058748,-0.026088962,-0.51846,-0.040887143,-0.030130144,-0.72243714,-0.109094486,-0.04768759,-0.8519017,-0.12207777,-0.0609801,-0.99181736,-0.112159975
ㅛ,0.0,0.0,0.0,0.036237277,-0.22488794,0.0026168814,-0.02167576,-0.39469662,-0.016221635,-0.13682067,-0.4466145,-0.0340404,-0.22262163,-0.4250225,-0.053290393,-0.08100858,-0.4415542,-0.09140872,-0.13957345,-0.70129097,-0.12661688,-0.17988917,-0.8522039,-0.14092915,-0.21346134,-0.96595377,-0.14617698,-0.17830859,-0.36794576,-0.10304936,-0.3050381,-0.6069591,-0.12136905,-0.38244018,-0.7454664,-0.12394526,-0.4451057,-0.83066994,-0.124708585,-0.24821904,-0.2692352,-0.10543474,-0.30283594,-0.40764543,-0.10915594,-0.25257128,-0.39599693,-0.08487278,-0.20814602,-0.34478956,-0.06259337,-0.29061648,-0.1695891,-0.10772471,-0.30214453,-0.29320648,-0.097515285,-0.2588088,-0.28247127,-0.059826326,-0.22892037,-0.2330007,-0.026931979
ㅣ,0.0,0.0,0.0,-0.13492468,-0.045728553,-0.048456497,-0.2552366,-0.22565632,-0.063991874,-0.30244312,-0.39920002,-0.08386269,-0.28827456,-0.538734,-0.08359173,-0.2654859,-0.43729615,-0.007128558,-0.32453963,-0.55753016,-0.083636895,-0.28214434,-0.3988916,-0.10124967,-0.24730997,-0.36869276,-0.097365834,-0.18561216,-0.4755084,-0.0075350064,-0.21720211,-0.5535122,-0.09799808,-0.18751852,-0.3622311,-0.09366263,-0.17654182,-0.36329892,-0.06530154,-0.09969468,-0.49228886,-0.025672784,-0.1271108,-0.5545138,-0.12970108,-0.1156964,-0.35496125,-0.10983026,-0.097625986,-0.28411502,-0.06214027,-0.021586657,-0.51409364,-0.047643602,-0.020901175,-0.7185271,-0.11750762,-0.03734651,-0.84973025,-0.13141721,-0.048051808,-0.99129647,-0.12256565
ㅣ,0.0,0.0,0.0,-0.14247508,-0.0462995,-0.04777501,-0.2711918,-0.22278479,-0.06635718,-0.32651594,-0.39998758,-0.09090569,-0.30574167,-0.54164094,-0.09500469,-0.26536936,-0.4386553,-0.0009011364,-0.3347028,-0.5525933,-0.07432748,-0.28927678,-0.39392734,-0.08953935,-0.25229004,-0.37760478,-0.085759155,-0.18601091,-0.48036733,-0.0022617797,-0.23281841,-0.55781853,-0.08739875,-0.19588834,-0.36209562,-0.07651362,-0.18070568,-0.37706208,-0.04415422,-0.10178591,-0.4995975,-0.021917095,-0.14393225,-0.5601245,-0.11777697,-0.12470889,-0.36258614,-0.0920443,-0.09794454,-0.301864,-0.04194531,-0.024271414,-0.52336025,-0.046385903,-0.037036564,-0.7253994,-0.109578945,-0.060523607,-0.8524318,-0.12041855,-0.07474742,-0.99107265,-0.11039875
ㅣ,0.0,0.0,0.0,-0.14509788,-0.046331044,-0.042096857,-0.27694312,-0.2272135,-0.05473316,-0.33418244,-0.40251648,-0.073767304,-0.3106375,-0.537581,-0.072264604,-0.26280308,-0.43668255,-0.00018556206,-0.33579132,-0.5517754,-0.07458695,-0.29162338,-0.3950318,-0.08906747,-0.25533724,-0.37493357,-0.08401295,-0.18638359,-0.47562194,-0.00317192,-0.23583525,-0.5535543,-0.090023726,-0.19693543,-0.35953525,-0.07768342,-0.18179908,-0.37211737,-0.043758933,-0.10301611,-0.49572983,-0.023836829,-0.15177703,-0.5549041,-0.12057853,-0.12537555,-0.359294,-0.09143535,-0.092614494,-0.29656088,-0.03818074,-0.026345383,-0.52129155,-0.049086668,-0.046160072,-0.7236113,-0.116480276,-0.07423786,-0.8522856,-0.12841077,-0.09156792,-0.9887793,-0.1180285
ㅛ,0.0,0.0,0.0,0.046271637,-0.20457305,0.008328398,0.0076685604,-0.38865605,-0.023969332,-0.09406424,-0.4815526,-0.063563064,-0.18047215,-0.49355912,-0.10184697,0.043625865,-0.45739546,-0.09761874,0.0020074998,-0.70568997,-0.1573655,-0.018550593,-0.8576202,-0.18742271,-0.032332923,-0.9781551,-0.20534676,-0.017813886,-0.39908022,-0.13695969,-0.13023306,-0.6600134,-0.2075528,-0.19548528,-0.8136401,-0.23457676,-0.2440049,-0.9371268,-0.24836446,-0.08964692,-0.31908646,-0.16775225,-0.23710304,-0.48816055,-0.21968602,-0.2218049,-0.41671532,-0.18825,-0.18174031,-0.35483983,-0.1528615,-0.16597643,-0.23109065,-0.19872867,-0.2715648,-0.38298348,-0.21361941,-0.24959388,-0.33593374,-0.17005019,-0.20863923,-0.2875465,-0.13107692
ㅣ,0.0,0.0,0.0,-0.14333831,-0.04741195,-0.0427235,-0.27470195,-0.23088796,-0.057790734,-0.33077565,-0.40858072,-0.08044892,-0.3123998,-0.5477393,-0.08251292,-0.26233318,-0.44258305,0.0017085008,-0.33915803,-0.55792224,-0.075541176,-0.2957641,-0.40012607,-0.09008095,-0.25692052,-0.37668762,-0.08310919,-0.1876247,-0.48002738,-0.0019493742,-0.2370314,-0.5596379,-0.089805745,-0.19678809,-0.36397153,-0.07618331,-0.18141533,-0.3754597,-0.040132027,-0.10457902,-0.49854526,-0.023963993,-0.15498124,-0.56028163,-0.12182075,-0.1254908,-0.36336595,-0.091135874,-0.09123608,-0.30150554,-0.035614155,-0.027639033,-0.523427,-0.050773118,-0.05220337,-0.72638565,-0.115215935,-0.08365755,-0.85341835,-0.12393062,-0.1042968,-0.9883535,-0.11081272
ㅣ,0.0,0.0,0.0,-0.15268554,-0.07622499,-0.025429925,-0.27701303,-0.28295708,-0.03627072,-0.33459827,-0.46022275,-0.05699777,-0.2863912,-0.5943977,-0.057679586,-0.19122748,-0.48649353,0.005299862,-0.28123024,-0.61558306,-0.0741794,-0.25679332,-0.4474612,-0.09317921,-0.2113122,-0.41253114,-0.08872472,-0.119595595,-0.49920112,-0.004810826,-0.20766331,-0.5921585,-0.09472465,-0.17493749,-0.3933476,-0.08236115,-0.1325707,-0.38513985,-0.04638425,-0.04140041,-0.503236,-0.030134423,-0.13388193,-0.5704448,-0.11954256,-0.11024232,-0.3833309,-0.08627018,-0.06342093,-0.32541528,-0.0304526,0.037566867,-0.5144852,-0.058997754,0.013891953,-0.7255249,-0.11363353,-0.010876357,-0.85942644,-0.11736077,-0.024351617,-0.99450517,-0.10181548
ㅛ,0.0,0.0,0.0,0.044657256,-0.21708754,-0.0071999063,-0.020015458,-0.39368686,-0.037097152,-0.13927805,-0.47956082,-0.06433987,-0.22760607,-0.5065193,-0.093224786,-0.029076552,-0.43357667,-0.12372943,-0.09401613,-0.6857513,-0.18023948,-0.13996902,-0.8384485,-0.21200392,-0.18380739,-0.9555014,-0.23072061,-0.114775315,-0.36047924,-0.14244613,-0.22313426,-0.621763,-0.18662836,-0.29277647,-0.77437586,-0.2019257,-0.356203,-0.8762573,-0.2130837,-0.19494641,-0.26674387,-0.1522544,-0.28382578,-0.47479987,-0.18770818,-0.22826236,-0.45581,-0.16251262,-0.17891772,-0.39091876,-0.13659717,-0.25828403,-0.1740601,-0.16170275,-0.29465723,-0.36392036,-0.18095934,-0.24370436,-0.35068464,-0.14757523,-0.21228223,-0.2912085,-0.11554088
ㅣ,0.0,0.0,0.0,-0.15178671,-0.07931225,-0.026134811,-0.27231786,-0.28753582,-0.0369499,-0.3300243,-0.46219188,-0.05767882,-0.2822742,-0.5934836,-0.05892671,-0.19288002,-0.49209732,0.0048256856,-0.27927482,-0.62410265,-0.0763048,-0.25723976,-0.4547239,-0.09770389,-0.21388187,-0.4129788,-0.09391398,-0.12030796,-0.5052155,-0.005119919,-0.20287703,-0.5987177,-0.09705683,-0.17099884,-0.40080673,-0.08878375,-0.13022602,-0.38444018,-0.05481328,-0.03970898,-0.50930035,-0.029901603,-0.12775461,-0.5761052,-0.12164498,-0.10339713,-0.3903347,-0.09100222,-0.057940647,-0.3292092,-0.035725117,0.040669855,-0.51825476,-0.057956126,0.018210098,-0.7288058,-0.11193913,-0.005253216,-0.86222965,-0.11406517,-0.018057728,-0.995169,-0.09650221
ㅣ,0.0,0.0,0.0,-0.1593424,-0.08402458,-0.02619499,-0.27719173,-0.28585017,-0.036231186,-0.33121338,-0.45997256,-0.055930994,-0.2812454,-0.5903503,-0.055930994,-0.20002806,-0.48701155,0.008477609,-0.28569418,-0.62063247,-0.07325565,-0.25825572,-0.45226148,-0.09751949,-0.21562806,-0.4125961,-0.09640177,-0.12557563,-0.50091785,-0.0011940156,-0.20651114,-0.6056393,-0.0929089,-0.172831,-0.40359497,-0.08638886,-0.13502379,-0.3856656,-0.053881846,-0.04442475,-0.5044007,-0.026101846,-0.12675409,-0.5770741,-0.11866302,-0.10156457,-0.38758776,-0.08834487,-0.056377206,-0.32392162,-0.033087596,0.036251366,-0.5135383,-0.05430099,0.019530606,-0.72565514,-0.11055955,-0.0002046153,-0.8595374,-0.11419214,-0.009690919,-0.9951591,-0.09779891
ㅛ,0.0,0.0,0.0,0.047894347,-0.20661813,0.0044140727,0.009877506,-0.3906585,-0.028010007,-0.08846441,-0.4816807,-0.066340834,-0.17379071,-0.50444996,-0.10386881,0.03588477,-0.4619778,-0.09726243,-0.019904202,-0.70337564,-0.15295796,-0.048495416,-0.84995615,-0.18103515,-0.06935969,-0.96946806,-0.19837694,-0.029719215,-0.40246978,-0.13524917,-0.14226888,-0.65998256,-0.19727583,-0.20775765,-0.81028706,-0.22223334,-0.2580864,-0.9366233,-0.2369142,-0.1039476,-0.31735796,-0.16488619,-0.24876203,-0.4778833,-0.21489291,-0.22050492,-0.40348455,-0.18598995,-0.1721836,-0.34053633,-0.15415078,-0.17805927,-0.22320908,-0.1947067,-0.26992747,-0.3635464,-0.21489291,-0.24014612,-0.31494462,-0.17497927,-0.19567186,-0.26720574,-0.13882762
ㅛ,0.0,0.0,0.0,0.066248335,-0.2249799,-0.01187452,0.036388062,-0.43257216,-0.027839055,-0.08070522,-0.49348763,-0.037810184,-0.17028263,-0.45121428,-0.049999762,-0.077040724,-0.43761355,-0.10620066,-0.13993111,-0.7093374,-0.13091378,-0.1852856,-0.8533754,-0.13845176,-0.2220968,-0.9645753,-0.14236386,-0.18366328,-0.36818624,-0.10496022,-0.28442988,-0.62589484,-0.11917744,-0.3460624,-0.7751155,-0.117937,-0.39794245,-0.870888,-0.11755533,-0.25074714,-0.2784042,-0.09455972,-0.27011526,-0.4340271,-0.09475056,-0.214589,-0.42492792,-0.07437893,-0.16773888,-0.3682632,-0.056965236,-0.28577867,-0.19136855,-0.08468401,-0.26758218,-0.31188926,-0.078577295,-0.2180736,-0.3024799,-0.05133561,-0.18776838,-0.25004426,-0.02748124
ㅛ,0.0,0.0,0.0,0.0615951,-0.18369718,0.02282836,0.06339471,-0.36073142,-0.0028797102,0.0011450258,-0.48271513,-0.04040025,-0.06838033,-0.54762965,-0.07585769,0.12720408,-0.44191426,-0.069132224,0.116327524,-0.6874333,-0.12243274,0.11842457,-0.8335066,-0.14713857,0.12455938,-0.94765633,-0.16086401,0.07403601,-0.40953812,-0.11593602,0.008455272,-0.6860981,-0.18273324,-0.028034706,-0.84878004,-0.21045868,-0.054994877,-0.9731202,-0.22363512,0.0004243105,-0.3582628,-0.15445879,-0.13953368,-0.53447616,-0.20149139,-0.15937339,-0.45886374,-0.17202741,-0.1447584,-0.39458698,-0.13872027,-0.08608489,-0.2985703,-0.19270709,-0.18580523,-0.44182664,-0.20185739,-0.19393648,-0.38502342,-0.15912546,-0.17906567,-0.32908556,-0.12106019
ㅛ,0.0,0.0,0.0,0.080048464,-0.19421355,0.012254547,0.06720432,-0.37050992,-0.007514229,-0.026671845,-0.4596418,-0.028145267,-0.111750714,-0.4725873,-0.052288584,0.024344815,-0.44663918,-0.09832183,0.014129258,-0.7101512,-0.1381468,0.007770789,-0.8656576,-0.15819725,0.0028094407,-0.9856978,-0.1684984,-0.074578166,-0.41607776,-0.11616489,-0.14950216,-0.6788809,-0.13695113,-0.1878803,-0.8365443,-0.14053816,-0.21998975,-0.9458145,-0.14375725,-0.15983039,-0.35419494,-0.122971006,-0.19689766,-0.50400573,-0.1197519,-0.15574092,-0.47239807,-0.08829661,-0.122685924,-0.4134606,-0.066084765,-0.22193381,-0.27465776,-0.12977712,-0.21979061,-0.3882631,-0.11175011,-0.18204974,-0.3572499,-0.06921189,-0.16396801,-0.30311573,-0.035848133
ㅜ,0.0,0.0,0.0,-0.16902143,0.08502893,0.041867495,-0.24326101,0.28050575,0.045258716,-0.25240266,0.46305704,0.044340793,-0.22671665,0.5918473,0.040516112,-0.2945242,0.3677973,-0.044544835,-0.31147823,0.65962255,-0.04887948,-0.31170714,0.8201153,-0.041893058,-0.31448188,0.9484967,-0.038144868,-0.19035915,0.4191358,-0.06721246,-0.17598377,0.6380669,-0.053545594,-0.16678126,0.5818668,-0.01835851,-0.16490984,0.49986172,0.0002461836,-0.078350075,0.44322062,-0.07991041,-0.07972361,0.5903081,-0.046049215,-0.07366007,0.5351283,0.002154541,-0.069809675,0.46134797,0.021889906,0.017020285,0.44515926,-0.09051752,3.833373e-05,0.5393605,-0.040618163,0.006927421,0.48739633,0.0083824005,0.015801953,0.4294024,0.035161555
ㅜ,0.0,0.0,0.0,-0.1508436,0.100164875,0.046598643,-0.22051528,0.29957923,0.04032965,-0.23053578,0.4718542,0.026091157,-0.21207884,0.599684,0.008058275,-0.2934175,0.38053748,-0.06385752,-0.3153431,0.65624845,-0.087766,-0.32220805,0.81050354,-0.09512636,-0.33069187,0.938328,-0.10091312,-0.2133198,0.4147924,-0.0998979,-0.12279154,0.64367193,-0.10182683,-0.09305047,0.57952446,-0.06918743,-0.102232024,0.4979493,-0.05380682,-0.10609774,0.41901833,-0.12619217,-0.035564423,0.5770129,-0.10659837,-0.022582252,0.5104593,-0.054822043,-0.03464772,0.4346502,-0.033426236,-0.0073429686,0.40269905,-0.15065902,0.03670482,0.5168382,-0.10801968,0.045541517,0.45701152,-0.05517737,0.035096876,0.39045334,-0.027182622
ㅜ,0.0,0.0,0.0,-0.15924802,0.09988327,-0.021642579,-0.23393549,0.33251294,-0.044327613,-0.20992357,0.5589383,-0.054314595,-0.1569041,0.6974322,-0.06159049,-0.21572898,0.35079387,-0.122717276,-0.18648821,0.6648026,-0.15738204,-0.17192759,0.8349376,-0.16665073,-0.15625715,0.97247255,-0.17286071,-0.08007047,0.3642728,-0.12614669,-0.08840726,0.67084897,-0.16238713,-0.113833606,0.6108652,-0.14032772,-0.12100523,0.51738834,-0.11678535,0.032904323,0.37456676,-0.12345877,0.0027915633,0.6228144,-0.13967893,-0.017737208,0.5583681,-0.09301124,-0.01905755,0.47756958,-0.05737325,0.1288343,0.3792202,-0.122161165,0.07582812,0.5673794,-0.116321914,0.06023543,0.51060164,-0.07452027,0.07086558,0.44190553,-0.043447096
ㅜ,0.0,0.0,0.0,-0.14651838,0.08547241,0.020716708,-0.22588009,0.27356073,-0.001666493,-0.22400324,0.4440728,-0.03046863,-0.18142448,0.5699931,-0.061959434,-0.30435467,0.35183117,-0.08731567,-0.34641713,0.6249924,-0.13250701,-0.36010706,0.78433603,-0.1551027,-0.3692292,0.9136518,-0.17003015,-0.22832443,0.37149277,-0.119317695,-0.13524848,0.62355447,-0.1558184,-0.101417944,0.5482367,-0.14037973,-0.11727902,0.4607164,-0.13035992,-0.12623395,0.3819146,-0.14426495,-0.042830598,0.5741704,-0.15275112,-0.026499074,0.4914966,-0.106332846,-0.046743702,0.407639,-0.08164119,-0.027765043,0.3776172,-0.1701324,0.032890264,0.5188766,-0.1500928,0.044821925,0.44606563,-0.10357229,0.027932355,0.37324268,-0.074637555
ㅜ,0.0,0.0,0.0,-0.15762691,0.07667332,0.009028754,-0.2366889,0.29198512,-0.003967494,-0.24429847,0.49704495,-0.013326504,-0.23804766,0.6404397,-0.022875017,-0.27196214,0.34380588,-0.09247769,-0.29297507,0.6393672,-0.12548791,-0.29215017,0.8084852,-0.13575776,-0.29041064,0.94645107,-0.14103939,-0.16173245,0.38244754,-0.10895834,-0.15873133,0.653664,-0.1314542,-0.15381859,0.58844054,-0.10348109,-0.15371124,0.49438837,-0.081474274,-0.050777946,0.40282413,-0.11864135,-0.06324594,0.6157028,-0.11991284,-0.06015792,0.5505127,-0.06704759,-0.057018477,0.46943185,-0.033719487,0.045875177,0.40535343,-0.12803091,0.014501525,0.57026386,-0.1060241,0.017551186,0.51180255,-0.0551639,0.027485613,0.44419682,-0.021469027
ㅜ,0.0,0.0,0.0,-0.14928965,0.09687452,0.016737338,-0.2188076,0.29934508,0.0016094933,-0.2073376,0.46366042,-0.019011362,-0.15144393,0.5729896,-0.04156785,-0.29006463,0.3880054,-0.06268566,-0.30699795,0.6570278,-0.09341182,-0.31234202,0.81473905,-0.10872351,-0.3162891,0.940881,-0.121260606,-0.20281807,0.41777503,-0.088993005,-0.11858828,0.61490375,-0.11375889,-0.09770233,0.5398125,-0.09952622,-0.11369586,0.45810834,-0.09192175,-0.094062805,0.4254692,-0.10923733,-0.031687476,0.57353544,-0.11427272,-0.02238305,0.49878752,-0.0734244,-0.039554495,0.41867438,-0.05222952,0.005390019,0.4145161,-0.13040651,0.045023035,0.5185135,-0.112320215,0.054200653,0.45519784,-0.07054704,0.044761777,0.38973254,-0.044008475
ㅜ,0.0,0.0,0.0,-0.17893551,0.0708079,-0.03960501,-0.2946431,0.29433277,-0.06600816,-0.28234106,0.53027076,-0.07589816,-0.19988358,0.6497468,-0.08350585,-0.20539352,0.3183615,-0.12807795,-0.19042736,0.64020836,-0.16190977,-0.18755837,0.8194339,-0.1746191,-0.17580374,0.9664894,-0.18705992,-0.06237676,0.35268337,-0.11939623,-0.106784426,0.6414976,-0.16029875,-0.14464566,0.57568544,-0.1429353,-0.14411597,0.47748712,-0.1222603,0.04295946,0.37522078,-0.1058814,-0.025526408,0.6034043,-0.12933098,-0.055117823,0.5407009,-0.08883123,-0.04853695,0.45469642,-0.05580491,0.12450402,0.38643384,-0.094693616,0.04469065,0.55560565,-0.10686593,0.024408523,0.50235325,-0.07903074,0.044207722,0.43123698,-0.055088893
ㅜ,0.0,0.0,0.0,-0.150371,0.07757985,0.02005995,-0.23693219,0.27225974,-0.0011341876,-0.23138589,0.4577833,-0.028353328,-0.19318992,0.5990294,-0.05680663,-0.32604945,0.3240543,-0.077531874,-0.353866,0.610197,-0.12324787,-0.3656819,0.77714944,-0.14743568,-0.3784477,0.91096085,-0.16409616,-0.2579071,0.34415856,-0.10929721,-0.17725317,0.62202096,-0.1490415,-0.123663776,0.5618697,-0.13699779,-0.12171388,0.47491637,-0.12806536,-0.16322881,0.3609933,-0.13499048,-0.07936742,0.58216,-0.15074769,-0.039374318,0.5050259,-0.107691385,-0.04360768,0.41365683,-0.08219883,-0.068026334,0.3641898,-0.16158706,0.00075798226,0.5187392,-0.1490415,0.030871652,0.45149842,-0.108594656,0.025953371,0.37952465,-0.0828512
ㅜ,0.0,0.0,0.0,-0.17968911,0.07182688,0.025572913,-0.26628312,0.26694062,0.028070848,-0.26873142,0.45087203,0.030865576,-0.22790442,0.55919534,0.028812815,-0.2474411,0.39503098,-0.062374312,-0.23127508,0.69136983,-0.06346253,-0.21842134,0.85386646,-0.05460845,-0.21112202,0.976092,-0.051690064,-0.12508972,0.4348924,-0.071475714,-0.13924685,0.614582,-0.054212734,-0.15682197,0.5590292,-0.01687968,-0.1556515,0.48419076,0.0004439741,-0.018508669,0.4407959,-0.07152517,-0.05855081,0.54657316,-0.04152519,-0.073359676,0.5007984,0.0023695973,-0.0679305,0.42879224,0.018598473,0.06307764,0.43230397,-0.06954662,0.007801539,0.5035073,-0.03249798,-0.003374988,0.45381033,0.007196987,0.0042841807,0.3921981,0.02829344
ㅜ,0.0,0.0,0.0,-0.16401863,0.10928037,0.07787937,-0.23020145,0.28664726,0.10838033,-0.22410502,0.4269497,0.12342747,-0.18498023,0.5169322,0.13257776,-0.28317717,0.4101609,0.030907877,-0.2761989,0.6863189,0.05398694,-0.26712248,0.84334403,0.067814045,-0.26135156,0.96244836,0.0734059,-0.20128983,0.4542003,-0.00036852155,-0.09797473,0.59727174,0.03784685,-0.05058896,0.5229026,0.05169937,-0.040927477,0.45189834,0.049538884,-0.090369135,0.46784222,-0.018351184,-0.01709124,0.6041353,0.007237856,0.028352413,0.52729803,0.023397015,0.044248063,0.4460482,0.026586907,0.012730886,0.465586,-0.027577728,0.048034415,0.6409715,-0.0067417542,0.107207574,0.6478597,0.020677345,0.15541935,0.62250435,0.042498246
ㅠ,0.0,0.0,0.0,-0.14721073,0.11647907,0.041585535,-0.19430041,0.29902276,0.041657902,-0.16983928,0.452498,0.03803955,-0.12634753,0.5523173,0.03171949,-0.22824232,0.39524165,-0.057895098,-0.2406673,0.6651464,-0.07521495,-0.24498199,0.8176391,-0.08520161,-0.24341412,0.93940055,-0.08973662,-0.12840351,0.4246032,-0.075600915,-0.11022055,0.70786905,-0.070101,-0.092400864,0.8783962,-0.06875016,-0.07171415,0.9945743,-0.07535969,-0.025648214,0.43061885,-0.07878506,-0.018390225,0.5781461,-0.037704673,-0.035825666,0.5181407,-0.00011421095,-0.042907953,0.43667328,0.0152921565,0.057797298,0.41704202,-0.081052564,0.04720325,0.49408254,-0.030347351,0.03253561,0.4445217,0.015183607,0.03410535,0.3878952,0.043708306
ㅠ,0.0,0.0,0.0,-0.13498332,0.14402948,0.05349304,-0.17108163,0.32676175,0.048629895,-0.14401698,0.48565945,0.035327766,-0.10127896,0.5926543,0.024147304,-0.23683393,0.40588772,-0.053734526,-0.24324808,0.6580194,-0.092305936,-0.24920392,0.80207485,-0.1132842,-0.24773683,0.91407967,-0.1240594,-0.1612594,0.41145512,-0.08944526,-0.11930956,0.70822036,-0.12453618,-0.10052819,0.8726869,-0.14084202,-0.08694809,0.98434186,-0.15333362,-0.069658086,0.40460655,-0.11023281,0.030721338,0.6127208,-0.10203222,0.035415966,0.5734596,-0.0636992,0.018539518,0.5081741,-0.03959803,0.015628075,0.37750646,-0.12930396,0.09349814,0.50008965,-0.09049417,0.091749035,0.466959,-0.042554058,0.07220185,0.41766235,-0.008941149
ㅐ,0.0,0.0,0.0,-0.13404208,-0.07121759,-0.0413406,-0.22113805,-0.25418884,-0.07006617,-0.23176423,-0.42690384,-0.104668565,-0.17149007,-0.56324786,-0.1355726,-0.22232033,-0.4671087,-0.030397525,-0.26200533,-0.6961581,-0.08313706,-0.2741196,-0.83003193,-0.10699903,-0.2682757,-0.95609504,-0.11794212,-0.14256531,-0.48363313,-0.038072877,-0.16893773,-0.609143,-0.13668717,-0.17328787,-0.4601842,-0.15999186,-0.16187578,-0.38211355,-0.14519846,-0.059464607,-0.4851908,-0.051422413,-0.09255227,-0.5528861,-0.1444892,-0.10707782,-0.39351454,-0.13334346,-0.098253205,-0.30527455,-0.091040395,0.018541837,-0.4803781,-0.06788769,0.018972725,-0.68067724,-0.118550055,0.0052426206,-0.8058168,-0.1137878,-0.0025339753,-0.9296511,-0.09215497
ㅠ,0.0,0.0,0.0,-0.14683828,0.11297749,-0.00647449,-0.19390404,0.31288198,-0.028336829,-0.14718837,0.48044974,-0.040461596,-0.09122085,0.57858694,-0.0527196,-0.17043063,0.36767897,-0.1420343,-0.18162829,0.6455098,-0.17374524,-0.19776583,0.79914165,-0.18165077,-0.2105371,0.91587526,-0.18351611,-0.055559408,0.38677767,-0.14212313,-0.050826363,0.68174237,-0.15962188,-0.049429927,0.8628139,-0.15331522,-0.04252664,0.9874541,-0.15207165,0.046248972,0.39649287,-0.12959865,0.02759339,0.61540353,-0.12435791,-0.018646969,0.5802906,-0.08820566,-0.04245485,0.49754408,-0.063867286,0.12127147,0.39925444,-0.11725181,0.07375013,0.5456399,-0.10428319,0.0303469,0.52600724,-0.070396006,0.01722469,0.47559452,-0.04301535
ㅐ,0.0,0.0,0.0,-0.110570036,-0.057545494,-0.06595387,-0.18912779,-0.21590129,-0.10184886,-0.17845885,-0.3862939,-0.13531642,-0.14443865,-0.5285136,-0.16392912,-0.26568714,-0.44680873,-0.060944065,-0.31089458,-0.67523855,-0.10556748,-0.32569015,-0.8093325,-0.12643306,-0.33658057,-0.93124115,-0.1396548,-0.17533672,-0.4704848,-0.055262845,-0.15956973,-0.56819236,-0.14936452,-0.14850977,-0.4273634,-0.17993984,-0.15225114,-0.3486858,-0.1784937,-0.08665446,-0.47325307,-0.055262845,-0.06764182,-0.54300123,-0.15318644,-0.07446504,-0.40142012,-0.15876435,-0.093567744,-0.32023913,-0.13387029,-0.00472915,-0.46748507,-0.057948515,0.0027638269,-0.65204054,-0.12044195,0.0029049043,-0.7703034,-0.12818907,-0.006602089,-0.8963637,-0.117549695
ㅐ,0.0,0.0,0.0,-0.12104092,-0.035100214,-0.06715778,-0.21232027,-0.17587622,-0.10540686,-0.2102234,-0.35201758,-0.14162083,-0.1971216,-0.50362754,-0.17376466,-0.32084388,-0.39369854,-0.06423562,-0.38112533,-0.6216655,-0.11500826,-0.39845723,-0.76659983,-0.14120339,-0.4143502,-0.89651674,-0.15675347,-0.23026831,-0.44279343,-0.058965284,-0.23180059,-0.5472584,-0.16332835,-0.18745275,-0.40849662,-0.19703762,-0.16244432,-0.31531835,-0.19380236,-0.14153187,-0.4699486,-0.059800185,-0.13738358,-0.54757565,-0.16458072,-0.11529894,-0.40140435,-0.16979887,-0.11098938,-0.30557176,-0.14120339,-0.057409633,-0.48345816,-0.063505076,-0.07065011,-0.67457366,-0.12951472,-0.081036024,-0.79414,-0.13869867,-0.10436258,-0.91647965,-0.12763618
ㅐ,0.0,0.0,0.0,-0.13183506,-0.06126116,-0.045439716,-0.22538532,-0.24809466,-0.0704875,-0.22662066,-0.436693,-0.09811028,-0.17865375,-0.5652202,-0.1212073,-0.27346638,-0.47750184,-0.02954752,-0.31175065,-0.68465114,-0.06970719,-0.3238553,-0.8176894,-0.091659755,-0.32637224,-0.9389919,-0.10851434,-0.1842337,-0.5124268,-0.0330849,-0.19439162,-0.59841084,-0.11382041,-0.18403046,-0.4421498,-0.13192347,-0.18397279,-0.3742554,-0.124848716,-0.09682804,-0.5173796,-0.042864714,-0.098536275,-0.57574886,-0.12817802,-0.11022,-0.41279075,-0.11475677,-0.11808396,-0.32228377,-0.0809956,-0.013016236,-0.5070545,-0.056077875,-0.0035352511,-0.6928479,-0.11423657,-0.0044189976,-0.81077164,-0.1150689,-0.010426247,-0.9384353,-0.10164765
ㅠ,0.0,0.0,0.0,-0.13937476,0.16192345,0.09425277,-0.16740952,0.35209987,0.11543232,-0.14670753,0.48739687,0.120451175,-0.106077686,0.5829798,0.123060964,-0.21746533,0.46397704,0.010092982,-0.22021529,0.7121977,0.015431781,-0.22060107,0.84357315,0.017865922,-0.21740563,0.95348066,0.017991394,-0.12646212,0.47504893,-0.033175755,-0.09212432,0.7414456,-0.015936015,-0.06369689,0.89530987,-0.017002521,-0.037069444,0.9988893,-0.029085398,-0.024483943,0.4572081,-0.058169622,0.03216024,0.5656913,0.007809406,0.027164403,0.4912366,0.05425257,0.011602756,0.41685238,0.067301564,0.062582254,0.41836116,-0.079750665,0.097344615,0.4830865,0.0031904979,0.08711167,0.4234316,0.062383097,0.07149701,0.36353916,0.09269694
ㅐ,0.0,0.0,0.0,-0.14348684,-0.054350764,-0.034482613,-0.2465074,-0.24083452,-0.055264946,-0.2640492,-0.42451015,-0.08209915,-0.20331953,-0.5588911,-0.10501894,-0.24894956,-0.46808976,-0.018232727,-0.29124975,-0.6762665,-0.0647934,-0.30915773,-0.815709,-0.09198813,-0.3105293,-0.94399464,-0.1115601,-0.16553532,-0.50077254,-0.02750366,-0.20004079,-0.59571844,-0.11907985,-0.19479232,-0.42773134,-0.13659163,-0.17979448,-0.3430905,-0.12309726,-0.082232565,-0.50533736,-0.04256892,-0.11923115,-0.56538767,-0.12958692,-0.12963948,-0.3965217,-0.105791524,-0.11378634,-0.29886317,-0.060621478,-0.0006332647,-0.4948346,-0.06149707,0.0010860577,-0.6878823,-0.11784374,-0.011855727,-0.8076347,-0.11320827,-0.018482078,-0.9322202,-0.0936363
ㅠ,0.0,0.0,0.0,-0.13878472,0.14706038,0.0060041863,-0.16047403,0.35016784,-0.011292043,-0.10470867,0.49757043,-0.022733806,-0.04181685,0.5825702,-0.035523027,-0.14056464,0.4225942,-0.11829868,-0.14169289,0.6974189,-0.14775686,-0.14416589,0.8521084,-0.15723552,-0.14066032,0.9713396,-0.16002336,-0.027951548,0.42742488,-0.12220166,-0.0042610066,0.7099814,-0.1306581,0.012857009,0.87827325,-0.11867039,0.034046173,0.9929158,-0.11383812,0.07450005,0.41255295,-0.11402399,0.07841475,0.6051663,-0.09483434,0.031573646,0.5725451,-0.05120463,0.0025260407,0.49450216,-0.024743374,0.15190037,0.3851355,-0.106310956,0.12654735,0.5144215,-0.08005878,0.08798684,0.48690245,-0.03731189,0.073744714,0.43038428,-0.005211065
ㅐ,0.0,0.0,0.0,-0.1354445,-0.04872073,-0.044893857,-0.23952025,-0.22286005,-0.070481785,-0.2572023,-0.3968622,-0.099593826,-0.21138293,-0.53538173,-0.12502855,-0.26050138,-0.447334,-0.03534307,-0.31625947,-0.6631303,-0.082024455,-0.33680898,-0.803015,-0.10694844,-0.34206367,-0.93144476,-0.124109216,-0.17810231,-0.47622675,-0.040169537,-0.19963151,-0.5896009,-0.13452825,-0.19675134,-0.4383598,-0.15689857,-0.18651944,-0.3500959,-0.14770529,-0.0902613,-0.48486486,-0.050792873,-0.109113835,-0.57076466,-0.13994208,-0.123457775,-0.4040753,-0.12543714,-0.12445108,-0.2970672,-0.08748935,-0.008099641,-0.48042738,-0.06547657,-0.004031826,-0.67339945,-0.12635647,-0.013738935,-0.79811287,-0.1307488,-0.022284186,-0.92750764,-0.11808251
ㅠ,0.0,0.0,0.0,-0.13013744,0.14686352,0.035470635,-0.16543812,0.3472728,0.019307656,-0.14688134,0.5248216,0.0015445929,-0.12026947,0.6545051,-0.016356565,-0.21400435,0.41996977,-0.105577156,-0.20839952,0.68080044,-0.1402567,-0.21454379,0.8273695,-0.1521688,-0.21437564,0.9404021,-0.15793273,-0.12205058,0.41259238,-0.13285968,-0.08039664,0.70639044,-0.16187139,-0.05492499,0.8733199,-0.16532975,-0.029912503,0.98441416,-0.17330316,-0.020666167,0.39397594,-0.14285047,0.04141453,0.60502976,-0.12555872,0.026876628,0.55501705,-0.06825581,0.007896706,0.47511926,-0.03785116,0.06768553,0.35938647,-0.15274519,0.10200321,0.4985917,-0.11114895,0.090153314,0.45713302,-0.051924724,0.077622354,0.39625764,-0.013990958
ㅐ,0.0,0.0,0.0,-0.13417727,-0.051704545,-0.03962686,-0.23661938,-0.22660403,-0.061264887,-0.25403422,-0.40135595,-0.086809054,-0.2050908,-0.534564,-0.108858265,-0.25934252,-0.4399928,-0.0327397,-0.32811108,-0.6574742,-0.0767353,-0.36073792,-0.79043937,-0.099658236,-0.37887308,-0.91811705,-0.11625938,-0.17667876,-0.47063822,-0.038393337,-0.19657628,-0.5892923,-0.1302393,-0.18932053,-0.44160205,-0.15090078,-0.17664148,-0.3549148,-0.14144377,-0.08944862,-0.48226044,-0.04926375,-0.11110101,-0.5683541,-0.13599573,-0.12105047,-0.40182436,-0.1208851,-0.1177799,-0.29512542,-0.08341688,-0.00795204,-0.48269945,-0.063629135,0.00022412655,-0.6745304,-0.12304375,-0.0062888996,-0.7996649,-0.12797783,-0.013317849,-0.9281335,-0.11667055
ㅐ,0.0,0.0,0.0,-0.12907073,-0.04149134,-0.053144086,-0.21909088,-0.20089895,-0.08284078,-0.22787714,-0.37374938,-0.112692416,-0.20037733,-0.50815487,-0.1387222,-0.2979383,-0.41471767,-0.051543042,-0.38139966,-0.62335604,-0.10060714,-0.42982534,-0.74620605,-0.12921926,-0.47140545,-0.86921215,-0.14915478,-0.20931645,-0.45909345,-0.05252433,-0.2180924,-0.5679245,-0.14832842,-0.19579929,-0.42520514,-0.17941959,-0.18730322,-0.34381297,-0.17735374,-0.117675826,-0.48024222,-0.058308728,-0.12328875,-0.54649585,-0.15029101,-0.12122941,-0.39138308,-0.14760539,-0.12712143,-0.2991404,-0.117650464,-0.034241226,-0.49132508,-0.06719191,-0.04421524,-0.67809165,-0.12457109,-0.057718694,-0.79497033,-0.1272567,-0.0787409,-0.91666794,-0.114138514
ㅐ,0.0,0.0,0.0,-0.11911258,-0.05899114,-0.05903421,-0.20140657,-0.2130249,-0.09567085,-0.19688503,-0.36994782,-0.13327028,-0.15031777,-0.49897647,-0.16752528,-0.24078701,-0.4694244,-0.05513238,-0.25613445,-0.69782275,-0.10362651,-0.24765867,-0.8351076,-0.12739219,-0.23825131,-0.9609029,-0.14107394,-0.15292533,-0.4842469,-0.055385742,-0.15498252,-0.5618459,-0.15120855,-0.15485369,-0.4198981,-0.18242316,-0.15829283,-0.34287372,-0.18130834,-0.0646824,-0.48277703,-0.06090911,-0.06457506,-0.54512197,-0.15951894,-0.082094416,-0.3900682,-0.15972161,-0.101084515,-0.29785606,-0.13053393,0.01679608,-0.47170684,-0.069422185,0.014610782,-0.6577537,-0.12972316,0.0062440606,-0.77839106,-0.13215546,-0.007485135,-0.90675855,-0.117561616
ㅐ,0.0,0.0,0.0,-0.13637555,-0.07914017,-0.040314466,-0.22785759,-0.2968449,-0.058695037,-0.24223253,-0.48568398,-0.08379896,-0.171022,-0.6144094,-0.104096845,-0.19008493,-0.50124264,-0.007586051,-0.22850342,-0.7271383,-0.0475491,-0.23819648,-0.8551082,-0.0629898,-0.22664729,-0.9715099,-0.06927856,-0.11208208,-0.5122341,-0.014571436,-0.15706092,-0.6411361,-0.1107435,-0.1738984,-0.49885273,-0.1350805,-0.15920828,-0.40596262,-0.11861724,-0.0316107,-0.5055566,-0.027634682,-0.0901723,-0.5997028,-0.11933303,-0.10858617,-0.43955374,-0.10798258,-0.08820062,-0.33296332,-0.06329657,0.046716943,-0.49305698,-0.044251334,0.04768107,-0.69598335,-0.0929509,0.0327127,-0.831003,-0.090496756,0.029090643,-0.95767957,-0.070250005
ㅠ,0.0,0.0,0.0,-0.13333774,0.13029681,-0.00031583564,-0.17352557,0.31705126,-0.031918555,-0.13874291,0.4689164,-0.05271674,-0.094261214,0.57400286,-0.07451165,-0.16388021,0.37576842,-0.17276591,-0.17831504,0.6435079,-0.22893651,-0.18871623,0.8002354,-0.2599455,-0.19275779,0.9192355,-0.277665,-0.051633768,0.37247702,-0.17622119,-0.0296195,0.67352563,-0.20926794,-0.0125994785,0.8521763,-0.21228023,0.0046594837,0.97563106,-0.21936803,0.051636223,0.36339632,-0.163729,0.04032581,0.5680226,-0.14990784,0.0002800174,0.52569586,-0.095863566,-0.018785276,0.4483673,-0.06596202,0.13202219,0.346852,-0.15247716,0.090073474,0.47230926,-0.1261638,0.05359988,0.4332176,-0.07415725,0.048864305,0.37846678,-0.03758877
ㅠ,0.0,0.0,0.0,-0.1219328,0.15325753,0.05291493,-0.16140397,0.33015332,0.054490965,-0.13541636,0.4754922,0.041930452,-0.09230552,0.5756812,0.031710107,-0.21485898,0.41883957,-0.010317472,-0.21977818,0.6644991,-0.039306946,-0.21743003,0.8024633,-0.051198836,-0.20784399,0.9088084,-0.054971773,-0.1451419,0.43355402,-0.050530218,-0.10494443,0.71142024,-0.09016987,-0.08394506,0.8756589,-0.11490883,-0.06322673,0.9897451,-0.1280902,-0.05786207,0.42480236,-0.079089865,0.057937697,0.57182264,-0.08267177,0.06762926,0.5128775,-0.05583143,0.05001321,0.45151556,-0.033552036,0.027333504,0.3942807,-0.10621676,0.12246252,0.49106348,-0.07866005,0.12792298,0.44075766,-0.037683155,0.10440122,0.38703826,-0.005643098
ㅠ,0.0,0.0,0.0,-0.16287753,0.09695149,0.06592293,-0.22724651,0.27303404,0.08610899,-0.22376508,0.4305338,0.09505219,-0.18346275,0.52907497,0.10087804,-0.26762483,0.39744312,0.0065528858,-0.32277527,0.65626687,0.012500111,-0.35017753,0.7993372,0.01711863,-0.36713338,0.914874,0.021360261,-0.17580798,0.45319417,-0.017555414,-0.18810636,0.7232368,0.012410679,-0.18753605,0.8796883,0.022177923,-0.17752361,0.98390585,0.020363733,-0.07452793,0.4707562,-0.028568318,-0.072593406,0.5720403,0.035234988,-0.08259764,0.5138567,0.06904027,-0.08375859,0.44068056,0.07900555,0.010526653,0.4563115,-0.037818134,0.0035882639,0.50217116,0.034315117,-0.0049530244,0.4543624,0.08023204,-0.00034682106,0.3975209,0.10619286
ㅠ,0.0,0.0,0.0,-0.14539754,0.11962022,0.0071478668,-0.18794121,0.31426445,-0.005885442,-0.14864486,0.46928045,-0.015653068,-0.09413132,0.5605637,-0.026691662,-0.18074866,0.40190995,-0.09617127,-0.20485833,0.6765709,-0.118530884,-0.22126517,0.8298699,-0.12201428,-0.23014405,0.94735783,-0.120790385,-0.07016887,0.42942688,-0.10186708,-0.06390971,0.7143963,-0.10648022,-0.061210375,0.88046867,-0.0981954,-0.05054741,0.9941576,-0.095371015,0.03122702,0.4264347,-0.096594915,0.014513856,0.58500123,-0.07767161,-0.02149254,0.53456455,-0.042931814,-0.037511196,0.45488948,-0.021796081,0.1091829,0.4053964,-0.091699325,0.07364213,0.48794883,-0.06317316,0.042041052,0.44590133,-0.024067348,0.035855953,0.38951227,0.0047324393
ㅡ,0.0,0.0,0.0,-0.116490826,-0.29721737,0.05575323,-0.3176401,-0.37557057,0.08243732,-0.45771065,-0.3185361,0.10267598,-0.5243482,-0.20377874,0.11679149,-0.44705716,-0.356235,-0.0035366947,-0.69931793,-0.34823686,0.015864057,-0.84063417,-0.32943067,0.032146834,-0.9498228,-0.31039655,0.03860838,-0.4753925,-0.17597449,-0.018417588,-0.6049221,-0.19214737,0.028021755,-0.5412897,-0.22281794,0.072189085,-0.47204828,-0.22561058,0.092298836,-0.4582843,-0.0075735445,-0.023026071,-0.54520303,-0.062426034,0.036384705,-0.49290293,-0.09627029,0.078892335,-0.41884542,-0.09551172,0.08933394,-0.42242008,0.12735981,-0.024637429,-0.46740848,0.06102526,0.035740163,-0.4314275,0.039268356,0.07779661,-0.3721022,0.04471041,0.099002086
ㅡ,0.0,0.0,0.0,-0.119619034,-0.273483,0.0826485,-0.3036554,-0.3489269,0.11556374,-0.42775083,-0.29292387,0.13440984,-0.48719874,-0.17222758,0.1454034,-0.44511995,-0.39916876,0.024752362,-0.6844382,-0.4042626,0.061512075,-0.82052124,-0.3911038,0.088276155,-0.92247343,-0.3729922,0.0995969,-0.48841298,-0.23535575,-0.007631191,-0.593678,-0.12657727,0.051434647,-0.51786757,-0.11651486,0.09200612,-0.44404668,-0.1330422,0.106140696,-0.47746837,-0.046532054,-0.025961969,-0.54394734,-0.00017495132,0.044138327,-0.4737924,-0.013153884,0.082910255,-0.4022399,-0.03437522,0.08592039,-0.44324657,0.10674713,-0.039164055,-0.45978603,0.116440654,0.028138772,-0.4055885,0.11106069,0.07178582,-0.34465507,0.09590757,0.092071556
ㅒ,0.0,0.0,0.0,-0.11114666,-0.06148819,-0.047769926,-0.17692883,-0.22227776,-0.081007995,-0.16845912,-0.38660258,-0.11549947,-0.09324233,-0.47276047,-0.14195994,-0.15794723,-0.45377398,-0.05621871,-0.19091481,-0.6627255,-0.09084944,-0.20042984,-0.78303707,-0.10621508,-0.21065739,-0.88001955,-0.11912037,-0.07448073,-0.4770489,-0.0623464,-0.064203754,-0.7059909,-0.121070094,-0.06368089,-0.8576407,-0.15922888,-0.058850497,-0.9813505,-0.18299688,0.0034693014,-0.45449334,-0.07172362,0.00075959216,-0.5575351,-0.1408458,-0.042392273,-0.43008456,-0.14511663,-0.07087485,-0.32803026,-0.1297974,0.078037284,-0.41188157,-0.0852788,0.13347973,-0.54780596,-0.14353828,0.18768883,-0.63591176,-0.16219987,0.23294327,-0.72666305,-0.16554224
ㅒ,0.0,0.0,0.0,-0.10794669,-0.05722486,-0.052139033,-0.1708034,-0.21943112,-0.08598665,-0.1682369,-0.37728652,-0.12066773,-0.09955516,-0.46467197,-0.1477088,-0.17186497,-0.44274202,-0.056723047,-0.20043159,-0.6473933,-0.09640487,-0.20579088,-0.7660921,-0.11566701,-0.20993312,-0.8639312,-0.12715018,-0.095480405,-0.47025877,-0.062094215,-0.10854979,-0.6936864,-0.12937275,-0.12406643,-0.8453404,-0.17169386,-0.13292328,-0.97208124,-0.19336373,-0.017777132,-0.45400944,-0.07079922,-0.02519902,-0.54388934,-0.14641233,-0.05212711,-0.3939251,-0.14391193,-0.07257435,-0.28566208,-0.11761173,0.059239358,-0.42316929,-0.08408823,0.08416227,-0.57690716,-0.13270657,0.110205576,-0.6773833,-0.1349291,0.1251445,-0.7840421,-0.12511285
ㅡ,0.0,0.0,0.0,-0.11993577,-0.22414078,0.03184728,-0.3082329,-0.31930506,0.017818917,-0.4656772,-0.2815768,-0.0053053503,-0.567592,-0.19423246,-0.02951709,-0.39273798,-0.42351532,-0.051856827,-0.63136685,-0.4489079,-0.08376629,-0.7731226,-0.44991177,-0.09681593,-0.885063,-0.4530483,-0.10682066,-0.41205806,-0.28938913,-0.09103681,-0.61126506,-0.14971797,-0.12310164,-0.53741574,-0.10001005,-0.10812561,-0.4565754,-0.12606974,-0.094330296,-0.4118094,-0.12028542,-0.12229379,-0.57209176,-0.012881285,-0.12962645,-0.49727237,0.011230082,-0.078484304,-0.4240577,-0.017101,-0.04722731,-0.3929862,0.04132546,-0.15299152,-0.5102782,0.101356834,-0.12937789,-0.44142863,0.117771626,-0.072456606,-0.37830964,0.10277773,-0.03392911
ㅒ,0.0,0.0,0.0,-0.10814866,-0.058164366,-0.05410936,-0.17234355,-0.21975397,-0.088516325,-0.1712289,-0.37841153,-0.122738294,-0.104182065,-0.46934345,-0.14919096,-0.17167158,-0.44081676,-0.060213827,-0.2066503,-0.6501975,-0.09859794,-0.21632688,-0.76998466,-0.115153976,-0.22312662,-0.86811805,-0.1237557,-0.09460481,-0.46749535,-0.062803596,-0.10441623,-0.6933496,-0.12745538,-0.11754423,-0.84664565,-0.16519204,-0.12500083,-0.97510827,-0.18313548,-0.01642817,-0.45409217,-0.068954304,-0.02640171,-0.5437158,-0.14364147,-0.05551812,-0.39454725,-0.14160663,-0.075567454,-0.2866919,-0.115153976,0.061011095,-0.42774528,-0.07968335,0.084471434,-0.58059067,-0.12791784,0.10433386,-0.6818355,-0.13134004,0.113039315,-0.78967243,-0.12236833
ㅒ,0.0,0.0,0.0,-0.10609613,-0.052471645,-0.053659808,-0.17327316,-0.21072944,-0.08762657,-0.16131517,-0.3598672,-0.12219003,-0.095117874,-0.44038185,-0.15074046,-0.17778118,-0.43628988,-0.05893843,-0.22801283,-0.62891066,-0.100432955,-0.2558577,-0.7474187,-0.12154741,-0.2785735,-0.8481346,-0.13375708,-0.098788925,-0.465477,-0.065089166,-0.11827443,-0.68396956,-0.13219646,-0.14023137,-0.8370159,-0.17213035,-0.1543019,-0.9694685,-0.19058256,-0.01748798,-0.4506723,-0.07527919,-0.032172702,-0.5343199,-0.1564322,-0.058151774,-0.38909826,-0.15946166,-0.07482525,-0.28097263,-0.13412431,0.058957394,-0.42172986,-0.08950851,0.071685895,-0.57851434,-0.14174385,0.08256903,-0.68234026,-0.14495693,0.08471925,-0.7896969,-0.1347669
ㅡ,0.0,0.0,0.0,-0.12096708,-0.27458587,0.058962177,-0.31028277,-0.3582438,0.074313775,-0.43356326,-0.28524977,0.077573135,-0.48795158,-0.14615382,0.07437896,-0.44986156,-0.4005829,-0.0016670431,-0.6893706,-0.3967934,0.018823138,-0.82805574,-0.38159093,0.03334359,-0.93000054,-0.36584345,0.03546218,-0.48889756,-0.22551051,-0.03265848,-0.5774163,-0.14523247,0.0037547012,-0.504261,-0.13781476,0.03194207,-0.43422478,-0.14892255,0.03911267,-0.4789001,-0.031825244,-0.051497586,-0.5362921,-0.0048427293,0.00029264827,-0.4692193,-0.009668214,0.037874106,-0.40036523,-0.02132421,0.043284647,-0.44776294,0.13161404,-0.0677944,-0.46600932,0.12197583,-0.0104785245,-0.41175154,0.11886453,0.035592556,-0.35442728,0.11246354,0.05941849
ㅒ,0.0,0.0,0.0,-0.108052544,-0.047220055,-0.052120417,-0.17669165,-0.20483595,-0.084654406,-0.16772835,-0.35744748,-0.11843263,-0.101831414,-0.43391466,-0.14571327,-0.17828879,-0.4364973,-0.05585306,-0.22950341,-0.62957716,-0.096036695,-0.25761896,-0.7480818,-0.11631285,-0.28119212,-0.8472576,-0.1288472,-0.09971932,-0.46914965,-0.06281147,-0.12203955,-0.68741333,-0.12921587,-0.14524068,-0.83958155,-0.1701368,-0.16029726,-0.96860105,-0.1900443,-0.02013206,-0.4550864,-0.07368686,-0.037311755,-0.53770286,-0.15253341,-0.06458714,-0.39434528,-0.15529835,-0.082459934,-0.2866045,-0.13087481,0.054575916,-0.4268324,-0.0888018,0.06960193,-0.58262485,-0.13981473,0.08332387,-0.68547136,-0.14386998,0.087671876,-0.79183596,-0.13502221
ㅒ,0.0,0.0,0.0,-0.10751333,-0.052141625,-0.05240198,-0.17519012,-0.20865747,-0.08678681,-0.15074527,-0.35838294,-0.121811785,-0.066840485,-0.40927577,-0.15070966,-0.17146869,-0.4503346,-0.063421585,-0.20500275,-0.65331256,-0.10141866,-0.21741658,-0.7786441,-0.12236047,-0.2283709,-0.8806391,-0.13836405,-0.090897925,-0.47168875,-0.07046316,-0.09595432,-0.6866926,-0.13827261,-0.10914004,-0.84087133,-0.18390566,-0.11492367,-0.9708511,-0.21033444,-0.01451807,-0.44700816,-0.080202475,-0.01584509,-0.54645294,-0.15336168,-0.04551029,-0.40736142,-0.15427618,-0.0657915,-0.30527902,-0.13306002,0.059025068,-0.40955818,-0.09474288,0.082874104,-0.5651345,-0.14531417,0.10646456,-0.6688309,-0.152813,0.122144334,-0.7785368,-0.14805765
ㅒ,0.0,0.0,0.0,-0.10882045,-0.05136229,-0.053282123,-0.17987838,-0.20736666,-0.088633396,-0.15195043,-0.35371643,-0.12499865,-0.060554095,-0.3962797,-0.15514171,-0.17005342,-0.45593593,-0.06273065,-0.20102884,-0.6585062,-0.10093952,-0.21135893,-0.78367805,-0.12149579,-0.22037701,-0.8861565,-0.13735086,-0.08714098,-0.47449207,-0.07015118,-0.08697506,-0.6893155,-0.1395632,-0.09667402,-0.8429188,-0.18473169,-0.09963603,-0.9725339,-0.21035792,-0.010476693,-0.44788098,-0.08065977,-0.012250144,-0.5459304,-0.15680096,-0.040829517,-0.40138808,-0.15652442,-0.058488097,-0.2967062,-0.13301836,0.06345106,-0.40856227,-0.09614612,0.08976958,-0.5632944,-0.14813598,0.11365541,-0.66726005,-0.15504953,0.12935244,-0.7789863,-0.14933433
ㅡ,0.0,0.0,0.0,-0.11996654,-0.2799268,0.049435087,-0.32031915,-0.36218402,0.060766608,-0.4698899,-0.32446167,0.06391247,-0.5604681,-0.23181494,0.063206255,-0.4191098,-0.39819905,-0.023513611,-0.6708619,-0.40762377,-0.024733435,-0.8129365,-0.3912969,-0.019196076,-0.9259974,-0.37710634,-0.017879948,-0.4499914,-0.2256119,-0.04933857,-0.6269048,-0.21365966,-0.03274254,-0.564806,-0.22288735,0.0011176091,-0.48477095,-0.23171723,0.020721067,-0.44818705,-0.050341718,-0.064778976,-0.56795454,-0.070117235,-0.020945562,-0.51390857,-0.08347697,0.030014198,-0.43936187,-0.08396952,0.05081541,-0.42339826,0.09563066,-0.079224266,-0.4873478,0.04872927,-0.020062793,-0.44619346,0.035798922,0.032871157,-0.388905,0.04171342,0.062885255
ㅒ,0.0,0.0,0.0,-0.116566025,-0.05078813,-0.053159647,-0.19546941,-0.2045975,-0.0881404,-0.15385948,-0.3406531,-0.12408266,-0.05632355,-0.35809,-0.15530893,-0.16705005,-0.46302617,-0.066758186,-0.18330495,-0.66199803,-0.10705014,-0.18172094,-0.78934497,-0.13195792,-0.18000098,-0.8960321,-0.15027243,-0.08339128,-0.47718635,-0.07467922,-0.09106711,-0.6853618,-0.14340448,-0.100535065,-0.8386864,-0.18772565,-0.10213478,-0.97193956,-0.21190082,-0.0043021375,-0.44846305,-0.085896865,0.006139401,-0.52540445,-0.16290945,-0.024200656,-0.38374326,-0.16547349,-0.047080483,-0.28067318,-0.14193933,0.074725404,-0.4084635,-0.10210522,0.103669316,-0.5677643,-0.15265332,0.12801574,-0.66608196,-0.15796454,0.14337058,-0.7707414,-0.15027243
ㅡ,0.0,0.0,0.0,-0.14151108,-0.22639908,0.06932033,-0.33593494,-0.29458877,0.0779692,-0.46664175,-0.2481285,0.07035303,-0.54705834,-0.14857797,0.056831095,-0.45190457,-0.37615016,-0.005598897,-0.6898054,-0.36441058,-0.004457278,-0.83004963,-0.35045144,-0.0007061734,-0.94016224,-0.34070554,-0.0038219248,-0.47797364,-0.24089599,-0.05302246,-0.60622203,-0.060082335,-0.04040415,-0.52691704,-0.028261194,-0.014893205,-0.45499307,-0.05906796,-0.0051753283,-0.46507704,-0.06710762,-0.08868291,-0.55451584,0.062635064,-0.05586239,-0.48135498,0.0772163,-0.008011222,-0.41479817,0.046642803,0.008201376,-0.4319684,0.086854,-0.12147117,-0.4884204,0.15492716,-0.069965206,-0.4273398,0.16693905,-0.013134385,-0.36810574,0.14503452,0.018605031
ㅒ,0.0,0.0,0.0,-0.11562314,-0.05622905,-0.045731515,-0.19135338,-0.21033324,-0.079499826,-0.15584418,-0.351692,-0.11602847,-0.06300167,-0.36833543,-0.1475885,-0.17077057,-0.46127766,-0.06367381,-0.1897608,-0.6602436,-0.104803056,-0.18761547,-0.786992,-0.13222255,-0.18592808,-0.89393234,-0.15467341,-0.08791883,-0.47613764,-0.07572734,-0.10150797,-0.6818064,-0.14786452,-0.114917845,-0.8326316,-0.1978269,-0.12013644,-0.966089,-0.22855885,-0.0091146,-0.44869316,-0.08943709,-0.0030355458,-0.53747755,-0.16332251,-0.031115025,-0.3954088,-0.16111423,-0.052991513,-0.29232702,-0.1374672,0.07058991,-0.4102098,-0.108299494,0.10002592,-0.5705696,-0.1583539,0.12527184,-0.67034227,-0.16341452,0.13936062,-0.7744172,-0.15669766
ㅡ,0.0,0.0,0.0,-0.099970356,-0.30546466,0.046301704,-0.29556644,-0.42571098,0.12448095,-0.40568367,-0.35773352,0.21024257,-0.44585714,-0.25521082,0.2934875,-0.48238337,-0.33221737,0.05901429,-0.7060975,-0.3310816,0.12938529,-0.8296443,-0.33148324,0.16584527,-0.9278984,-0.3237271,0.18494643,-0.50401205,-0.14397532,0.080728956,-0.5450104,-0.2245822,0.20107916,-0.4690739,-0.2706477,0.25296205,-0.4029751,-0.26096377,0.26819137,-0.46762446,-0.0009696671,0.107702896,-0.46618113,-0.11229751,0.21334004,-0.39487934,-0.14846553,0.20804852,-0.3346428,-0.14167053,0.17900959,-0.42647672,0.0937933,0.1390004,-0.41296732,-0.0037520546,0.21876064,-0.3650771,-0.02662819,0.22521375,-0.29792976,-0.025660815,0.21682473
ㅒ,0.0,0.0,0.0,-0.117370896,-0.04812233,-0.052741535,-0.19943666,-0.20356765,-0.08727913,-0.17216106,-0.3529613,-0.12321691,-0.07701319,-0.36798456,-0.15271388,-0.17459266,-0.45775416,-0.06520307,-0.21695122,-0.6570835,-0.10193427,-0.23486626,-0.77840406,-0.122376814,-0.25201118,-0.87954026,-0.14132582,-0.08794446,-0.48016757,-0.07407083,-0.091644794,-0.68850416,-0.14543298,-0.10331626,-0.8400941,-0.19210543,-0.10703876,-0.969415,-0.22085561,-0.011646044,-0.45345217,-0.08583228,-0.012578455,-0.5423152,-0.16204837,-0.042164758,-0.3904936,-0.158968,-0.060728095,-0.281043,-0.13432494,0.06359927,-0.41610545,-0.10333444,0.09289095,-0.56947076,-0.15766115,0.121116824,-0.67028207,-0.16662227,0.13924846,-0.77876437,-0.16307516
ㅡ,0.0,0.0,0.0,-0.15196148,-0.21723653,0.04767516,-0.3403483,-0.2786892,0.043809626,-0.49009627,-0.23019718,0.031505927,-0.58070487,-0.13827883,0.017238036,-0.42868116,-0.32814202,-0.047454588,-0.67623764,-0.35027432,-0.07089918,-0.8207947,-0.34713125,-0.07812741,-0.9334783,-0.3486644,-0.08397285,-0.4383325,-0.16053425,-0.08516708,-0.63265455,-0.07692946,-0.10182342,-0.54822487,-0.049427047,-0.07573895,-0.4543619,-0.07075093,-0.0540857,-0.421448,0.02214442,-0.11188009,-0.5685677,0.06380312,-0.0970465,-0.494554,0.07479543,-0.03639226,-0.4189165,0.05915444,-0.0020424707,-0.38392127,0.17890087,-0.1363932,-0.48993355,0.18198207,-0.095538005,-0.42895046,0.174971,-0.030373976,-0.36910328,0.16533087,0.012484693
ㅡ,0.0,0.0,0.0,-0.099061176,-0.28305197,0.090869956,-0.2752189,-0.36745837,0.12870541,-0.39485234,-0.32942814,0.15095776,-0.44875807,-0.21391076,0.16224429,-0.441013,-0.39522952,0.026886355,-0.6740876,-0.4035878,0.06239718,-0.81200343,-0.39687836,0.08464955,-0.9192458,-0.38215172,0.094589375,-0.49507818,-0.21914577,-0.0026986406,-0.54010576,-0.17297946,0.07066967,-0.46663478,-0.17748106,0.11504616,-0.39719757,-0.17802148,0.1281924,-0.47897384,-0.025948128,-0.01784284,-0.47817323,-0.034250766,0.057683777,-0.4166406,-0.03950045,0.0872788,-0.35279748,-0.035048597,0.08375176,-0.44667965,0.13063897,-0.025922954,-0.44064668,0.10678644,0.04812872,-0.39093047,0.10373098,0.09061344,-0.3304516,0.10436011,0.109338775
ㅡ,0.0,0.0,0.0,-0.13908863,-0.20796515,0.03691367,-0.3267596,-0.2815933,0.021825442,-0.47121638,-0.21696568,-0.0025734582,-0.5608056,-0.1072983,-0.028844679,-0.4185297,-0.36983082,-0.06072894,-0.66234905,-0.37327617,-0.09601315,-0.81069195,-0.3640135,-0.112934515,-0.92505974,-0.35838985,-0.12578224,-0.42891625,-0.227769,-0.10108956,-0.6130784,-0.056335825,-0.13085864,-0.532354,-0.009958594,-0.11387459,-0.45166415,-0.046210773,-0.100713514,-0.4173789,-0.053131398,-0.1322374,-0.5693889,0.07585525,-0.13649909,-0.4902963,0.09385071,-0.08109726,-0.41639856,0.055803627,-0.048946645,-0.38761228,0.10914235,-0.16206917,-0.4983161,0.18493181,-0.13700046,-0.4262485,0.19011147,-0.076083526,-0.36254305,0.1634254,-0.03531554
ㅣ,0.0,0.0,0.0,-0.18757498,-0.03710138,-0.096794985,-0.3237496,-0.10335501,-0.17767927,-0.3393753,-0.20843042,-0.25458562,-0.2143482,-0.21560964,-0.3182323,-0.23030314,-0.5607612,-0.124905586,-0.351894,-0.5172223,-0.20914902,-0.31446114,-0.33024648,-0.2384972,-0.26315254,-0.26712903,-0.24680662,-0.11931702,-0.5770723,-0.12561277,-0.24025562,-0.48825514,-0.21109377,-0.20743477,-0.2681097,-0.21975678,-0.17123827,-0.22862722,-0.21250814,-0.012682797,-0.5426517,-0.1382537,-0.12944202,-0.49037033,-0.23867397,-0.13607457,-0.2798056,-0.23531483,-0.11062597,-0.17967878,-0.20791143,0.08237846,-0.49162108,-0.1571709,0.074900895,-0.68028456,-0.22028716,0.07967614,-0.8224321,-0.23372369,0.084366575,-0.96906084,-0.23195572
ㅣ,0.0,0.0,0.0,-0.14592233,0.018272348,-0.11686953,-0.27687186,-0.04944979,-0.18150592,-0.19046201,-0.15821633,-0.23301588,-0.043023705,-0.17885782,-0.2679594,-0.27310884,-0.51017433,-0.10917471,-0.2511549,-0.4242414,-0.1924597,-0.2099294,-0.24862589,-0.24351703,-0.19180806,-0.19287227,-0.2690457,-0.1502595,-0.5740262,-0.093151405,-0.121118985,-0.43407276,-0.16656895,-0.097426996,-0.24471082,-0.19101128,-0.10891243,-0.21539378,-0.20169348,-0.026180692,-0.5580131,-0.09192928,-0.0063641556,-0.46859193,-0.18757124,-0.0030163745,-0.27932337,-0.19517551,-0.010346808,-0.19124775,-0.17806588,0.0913526,-0.5183362,-0.09867356,0.10020291,-0.69662607,-0.16367206,0.123164915,-0.8334529,-0.17390165,0.1382836,-0.97595876,-0.16847001
ㅣ,0.0,0.0,0.0,-0.18111151,0.018777344,-0.08809138,-0.32660785,-0.018577913,-0.1555135,-0.36422464,-0.1277266,-0.22160491,-0.26852015,-0.19393723,-0.27554262,-0.32693547,-0.42635307,-0.097849846,-0.41930014,-0.41720295,-0.1848776,-0.36312532,-0.25190908,-0.22071777,-0.30916458,-0.1745244,-0.22870196,-0.22594804,-0.48450157,-0.09918054,-0.30653593,-0.4359009,-0.19836202,-0.2510328,-0.23030263,-0.22355661,-0.20819874,-0.15907717,-0.22071777,-0.1168972,-0.5017882,-0.1135521,-0.19908854,-0.47662488,-0.21734668,-0.18345304,-0.2771133,-0.22923426,-0.14904934,-0.16969498,-0.20883018,-0.013156917,-0.49732107,-0.1334239,-0.04510949,-0.69037026,-0.19357151,-0.07040471,-0.8305062,-0.21433042,-0.09419717,-0.9713795,-0.21805637
ㅣ,0.0,0.0,0.0,-0.16458969,0.026632316,-0.14686412,-0.30974522,-0.0046043936,-0.24188308,-0.26830864,-0.101292156,-0.3228323,-0.12953177,-0.12615769,-0.38739893,-0.30313563,-0.51721585,-0.15033337,-0.32680777,-0.41919467,-0.2526763,-0.27341214,-0.2426286,-0.30818436,-0.24204525,-0.19095348,-0.33478194,-0.17527501,-0.57299274,-0.12913239,-0.18508615,-0.4345602,-0.21991116,-0.14349732,-0.23903048,-0.24400318,-0.14597502,-0.23410593,-0.25229087,-0.04463872,-0.55199623,-0.12575951,-0.054395497,-0.46075335,-0.2372574,-0.04460431,-0.2601587,-0.2436177,-0.04155512,-0.17819712,-0.22415134,0.07749294,-0.51430064,-0.13298711,0.079058826,-0.679333,-0.20487772,0.09720691,-0.8172433,-0.21798378,0.10863899,-0.97036105,-0.21586369
ㅣ,0.0,0.0,0.0,-0.17501779,0.0071380096,-0.08173431,-0.33102298,-0.029110579,-0.1485413,-0.39257753,-0.13865022,-0.21752727,-0.31635252,-0.2367962,-0.27353203,-0.33988187,-0.4331093,-0.08961577,-0.44167405,-0.46197125,-0.1871141,-0.37856868,-0.29180932,-0.22568691,-0.31943756,-0.196163,-0.23050852,-0.23718539,-0.49652043,-0.0959673,-0.31851888,-0.46864066,-0.20936765,-0.25202534,-0.24505031,-0.23533012,-0.20390922,-0.1503592,-0.2260578,-0.12608413,-0.5225009,-0.11655183,-0.20990096,-0.52629524,-0.2243888,-0.19115953,-0.31277093,-0.22939584,-0.16081358,-0.18607347,-0.2015789,-0.01910267,-0.5210458,-0.14297791,-0.04719952,-0.7092509,-0.199539,-0.074750565,-0.8411411,-0.21511647,-0.104507536,-0.97138953,-0.21326204
ㅣ,0.0,0.0,0.0,-0.18476523,0.034272175,-0.06945441,-0.3500443,0.025039343,-0.13285285,-0.4450807,-0.040759895,-0.20139991,-0.3857933,-0.13610646,-0.25742877,-0.39917848,-0.37683028,-0.09166406,-0.52416074,-0.3862838,-0.19534272,-0.4334872,-0.2201418,-0.23925726,-0.3562254,-0.13693838,-0.24713159,-0.29602814,-0.45133948,-0.108321294,-0.39777672,-0.40600953,-0.22896005,-0.3107399,-0.18798928,-0.2594478,-0.24913706,-0.09330487,-0.25339067,-0.17863202,-0.49838507,-0.13779956,-0.278853,-0.48008728,-0.24874683,-0.23753469,-0.26810807,-0.25621736,-0.19460042,-0.14693989,-0.22976767,-0.06565398,-0.5201714,-0.17222449,-0.11887825,-0.7130243,-0.22492191,-0.16409217,-0.8343872,-0.2374401,-0.21113104,-0.9487337,-0.23521914
ㅖ,0.0,0.0,0.0,-0.12866484,-0.16680466,-0.0242309,-0.21672998,-0.3403739,-0.07081252,-0.28655648,-0.44744006,-0.12317251,-0.2683571,-0.44944918,-0.17517768,-0.016413782,-0.5474614,-0.10715532,0.06475135,-0.77392966,-0.17416394,0.11863533,-0.88764167,-0.20528592,0.17156564,-0.95897955,-0.22566223,0.04601491,-0.44825202,-0.14101444,0.1259262,-0.6326176,-0.22667597,0.19102313,-0.74063265,-0.26600933,0.25692317,-0.8107618,-0.28709525,0.08412074,-0.3184481,-0.1742653,0.0066297054,-0.3880389,-0.25952134,-0.08244296,-0.39728686,-0.285676,-0.12653875,-0.39812383,-0.29297498,0.096590124,-0.18097207,-0.20822579,0.12329052,-0.21899918,-0.27837703,0.15985693,-0.23782346,-0.30351794,0.2128438,-0.25722697,-0.3158856
ㅖ,0.0,0.0,0.0,-0.11578835,-0.16473031,-0.026221925,-0.1723017,-0.3304235,-0.06817819,-0.22303791,-0.42092398,-0.113286674,-0.23245668,-0.44672036,-0.15648916,-0.009104531,-0.52824914,-0.099407144,0.046081357,-0.747717,-0.15785755,0.089388415,-0.8735064,-0.18473695,0.13484848,-0.9695789,-0.20428558,0.047642216,-0.44899905,-0.12755717,0.098657906,-0.6602922,-0.20526302,0.14833982,-0.7979055,-0.24240541,0.19844197,-0.9039691,-0.26469088,0.08109957,-0.3334481,-0.15541397,-0.0137472395,-0.43450785,-0.24709709,-0.13598824,-0.40082487,-0.26938254,-0.2063389,-0.35916486,-0.26918703,0.089425005,-0.2112657,-0.18317305,0.10529023,-0.29278684,-0.26977348,0.13972847,-0.34878343,-0.30691594,0.19221166,-0.4095624,-0.32509613
ㅣ,0.0,0.0,0.0,-0.18440793,0.010180249,-0.11794956,-0.33813077,-0.02718605,-0.20005341,-0.33971253,-0.13662833,-0.27538076,-0.21206464,-0.16901797,-0.33568186,-0.32347098,-0.5121431,-0.121681556,-0.40686458,-0.46093845,-0.2180259,-0.34126556,-0.27605388,-0.26634538,-0.28847232,-0.2212442,-0.28598744,-0.20578091,-0.5664751,-0.11225336,-0.26967853,-0.47344777,-0.21272253,-0.21493314,-0.2556,-0.24375701,-0.17969918,-0.21019006,-0.24945322,-0.08407104,-0.56214505,-0.117065676,-0.14020894,-0.5000251,-0.22725767,-0.12664281,-0.28337163,-0.23923934,-0.10045457,-0.18513133,-0.22038294,0.031014904,-0.5388993,-0.12944017,0.028936576,-0.71683574,-0.18728605,0.035101138,-0.84313047,-0.1981874,0.03944851,-0.9799225,-0.1954375
ㅖ,0.0,0.0,0.0,-0.118153036,-0.16555934,-0.026353078,-0.18085073,-0.32735312,-0.06794817,-0.23283331,-0.41701108,-0.112471126,-0.2499375,-0.45226443,-0.15515509,-0.02374136,-0.5188123,-0.10075965,0.029605674,-0.740871,-0.16183354,0.0711048,-0.869719,-0.1911606,0.114081435,-0.97042525,-0.21274458,0.03623684,-0.44337985,-0.12873168,0.08013634,-0.6564044,-0.20693722,0.12876774,-0.79648614,-0.2442978,0.17732312,-0.9045984,-0.26733357,0.072624184,-0.3301985,-0.15641335,-0.025300296,-0.4334775,-0.24468495,-0.1425781,-0.40827614,-0.2644299,-0.21139556,-0.373663,-0.2646235,0.08468272,-0.20886208,-0.18457896,0.09438106,-0.283067,-0.26907578,0.12243686,-0.33762187,-0.30508128,0.16538447,-0.39918754,-0.32327762
ㅖ,0.0,0.0,0.0,-0.12877002,-0.16491282,-0.0294483,-0.19571939,-0.33469814,-0.07619528,-0.25130266,-0.43501183,-0.12687653,-0.23636836,-0.44298327,-0.17633595,-0.026141614,-0.5326963,-0.09794372,0.030698273,-0.74987346,-0.15844844,0.07202464,-0.87419075,-0.18786997,0.11569489,-0.9706286,-0.21093798,0.035852697,-0.45468947,-0.1283427,0.07705725,-0.6627172,-0.2083966,0.12712134,-0.8013417,-0.24984086,0.18023148,-0.90824264,-0.27603677,0.07247742,-0.3372247,-0.15903491,-0.021393627,-0.437593,-0.24866791,-0.12113673,-0.42352816,-0.27584127,-0.17485072,-0.40771455,-0.282488,0.08286858,-0.21178408,-0.19021587,0.08721757,-0.28160802,-0.27095398,0.11570111,-0.3357865,-0.30711994,0.161949,-0.4030635,-0.32764658
ㅣ,0.0,0.0,0.0,-0.16055903,-0.027257582,-0.08446273,-0.2947014,-0.11866022,-0.14075741,-0.30201763,-0.25990024,-0.1944794,-0.19378886,-0.30162597,-0.23407319,-0.25828883,-0.4865371,-0.08481158,-0.33408448,-0.5384726,-0.16648467,-0.28392586,-0.36565435,-0.2000609,-0.23737979,-0.29085347,-0.20843315,-0.15208256,-0.52800596,-0.08437552,-0.21321507,-0.5412423,-0.18296754,-0.17356707,-0.3225748,-0.2072122,-0.1363979,-0.23888177,-0.20180513,-0.043870002,-0.53815347,-0.09662867,-0.098251596,-0.5824882,-0.19151422,-0.105939835,-0.37906575,-0.19709574,-0.09100054,-0.2577905,-0.17389761,0.059149105,-0.52720684,-0.11476856,0.06629128,-0.72075343,-0.16395555,0.06641833,-0.8488965,-0.17756048,0.065976575,-0.9820374,-0.17677557
ㅖ,0.0,0.0,0.0,-0.12468609,-0.17431189,-0.023962855,-0.18622988,-0.3477471,-0.06461869,-0.2376919,-0.44623065,-0.10995849,-0.2349349,-0.4682293,-0.15470819,-0.014842284,-0.53563523,-0.09181274,0.03635073,-0.7498224,-0.15372469,0.07570449,-0.8733739,-0.18539369,0.12083654,-0.97031575,-0.20948967,0.04322318,-0.45995036,-0.12461279,0.071422875,-0.6705915,-0.20280182,0.12263911,-0.81061906,-0.24292903,0.17806791,-0.91959083,-0.2688937,0.07773682,-0.34455118,-0.15844552,-0.025817884,-0.4623812,-0.24843667,-0.10605909,-0.47206232,-0.28187603,-0.14238858,-0.4722321,-0.29505506,0.08421656,-0.216523,-0.19227825,0.08066173,-0.28520986,-0.27794197,0.10346739,-0.34186807,-0.320823,0.14576034,-0.40628734,-0.34698436
ㅖ,0.0,0.0,0.0,-0.12846056,-0.18373707,-0.022595815,-0.18762529,-0.35586464,-0.068125464,-0.23786561,-0.45486462,-0.11923017,-0.22503363,-0.4587823,-0.16989475,-0.017840235,-0.5354847,-0.10084227,0.032926697,-0.7443706,-0.17067721,0.07070061,-0.8672385,-0.20735525,0.11431234,-0.964691,-0.23728451,0.038780972,-0.45667318,-0.13928083,0.059848715,-0.6678413,-0.23063357,0.11123461,-0.80626523,-0.27797267,0.16892879,-0.9169134,-0.30888,0.070799276,-0.334287,-0.17801283,-0.036589365,-0.4526663,-0.27640772,-0.11919598,-0.45790148,-0.30946687,-0.15600964,-0.4618694,-0.3225731,0.07627949,-0.2003991,-0.21674481,0.07110642,-0.26386216,-0.31181425,0.09393453,-0.3231505,-0.3597402,0.13584675,-0.39524803,-0.38966948
ㅣ,0.0,0.0,0.0,-0.17536145,0.008463089,-0.06550189,-0.33031395,-0.034988813,-0.120118774,-0.39930645,-0.13429832,-0.17920175,-0.32855126,-0.22868069,-0.22721252,-0.3464579,-0.42573717,-0.07034019,-0.44257545,-0.46085575,-0.16310515,-0.38003856,-0.2920167,-0.20320714,-0.32623518,-0.19148341,-0.20934805,-0.24424201,-0.48425856,-0.08234288,-0.3275702,-0.46717975,-0.1911114,-0.26505244,-0.24802186,-0.2180942,-0.21964452,-0.14136484,-0.21046457,-0.12950094,-0.5123816,-0.10783695,-0.21505424,-0.51246136,-0.21195328,-0.19719508,-0.3076971,-0.22237422,-0.16977882,-0.18052511,-0.19911319,-0.020010263,-0.51469725,-0.13770409,-0.04934881,-0.7105603,-0.19129749,-0.07172018,-0.84515035,-0.20823151,-0.09773597,-0.9731044,-0.20860368
ㅖ,0.0,0.0,0.0,-0.11908628,-0.17224486,-0.02778512,-0.17915528,-0.33835885,-0.07514278,-0.2320442,-0.4356814,-0.1264489,-0.23021029,-0.44813052,-0.17517056,-0.016048461,-0.51554877,-0.10854919,0.035120063,-0.7389496,-0.17440479,0.07337336,-0.864924,-0.20618397,0.114162244,-0.9662616,-0.23087983,0.043982238,-0.43757877,-0.13956259,0.07539627,-0.6516428,-0.22705102,0.117497906,-0.785392,-0.26935944,0.16237675,-0.8906526,-0.2946296,0.079508305,-0.32061952,-0.16971451,-0.028421335,-0.4110266,-0.26380762,-0.15063691,-0.3836527,-0.28371748,-0.22470343,-0.34956405,-0.28218594,0.09019527,-0.1960302,-0.20063218,0.096420646,-0.2534326,-0.28524902,0.11986733,-0.30372584,-0.3204741,0.1551585,-0.36143452,-0.33770376
ㅖ,0.0,0.0,0.0,-0.124418244,-0.18058783,-0.017794492,-0.18193153,-0.3576031,-0.055461887,-0.23685329,-0.45009878,-0.10134602,-0.24917467,-0.47620222,-0.1456342,-0.024026992,-0.5364323,-0.08458834,0.0200708,-0.7636453,-0.14593345,0.052617997,-0.88277245,-0.17206748,0.09665678,-0.97722304,-0.18892491,0.045249347,-0.46296284,-0.12019842,0.056205403,-0.6867619,-0.20029621,0.080667615,-0.81561923,-0.23839998,0.123251714,-0.91846615,-0.25815013,0.090686664,-0.35190588,-0.15590829,-0.054200865,-0.43213373,-0.24677883,-0.16308302,-0.3934592,-0.2707184,-0.21060407,-0.35043168,-0.2703194,0.102661274,-0.23405711,-0.19141862,0.04824378,-0.28442672,-0.265332,0.059988994,-0.30646726,-0.29286247,0.105389185,-0.3305482,-0.30443326
ㅣ,0.0,0.0,0.0,-0.17446086,-0.028261667,-0.086109035,-0.31642446,-0.10966984,-0.14630747,-0.32349235,-0.23906782,-0.20581181,-0.21465059,-0.27608293,-0.25263795,-0.27142465,-0.5026826,-0.08499853,-0.35835603,-0.5454825,-0.17360729,-0.3075741,-0.36843628,-0.21284498,-0.25810254,-0.28472504,-0.22191408,-0.16120656,-0.5383073,-0.08652547,-0.23313373,-0.5376566,-0.18887667,-0.19544911,-0.31827906,-0.21932292,-0.1586205,-0.2299244,-0.217287,-0.048422426,-0.53998935,-0.10105453,-0.111027166,-0.563479,-0.20173997,-0.118177734,-0.36051306,-0.21469581,-0.10193559,-0.23985788,-0.19396645,0.05811368,-0.52215606,-0.12104355,0.06793339,-0.72314745,-0.16870256,0.07059707,-0.8541404,-0.18017775,0.07243972,-0.9815024,-0.17721641
ㅖ,0.0,0.0,0.0,-0.11774495,-0.16282886,-0.024177214,-0.1753152,-0.3386775,-0.061516695,-0.22589213,-0.43852544,-0.10404357,-0.23706643,-0.47187385,-0.14427038,-0.02026244,-0.5248576,-0.08911756,0.023900317,-0.75456244,-0.147696,0.05815231,-0.87839067,-0.17343725,0.09986424,-0.9766199,-0.19036973,0.051129214,-0.45278332,-0.11637587,0.06823364,-0.67633164,-0.19164209,0.09842288,-0.80754465,-0.22550699,0.1400765,-0.9120929,-0.24312459,0.09745909,-0.34436554,-0.14407463,-0.032464303,-0.4250286,-0.23157527,-0.14626959,-0.3806888,-0.2509546,-0.20386988,-0.32645246,-0.24684383,0.11241523,-0.23090708,-0.17216489,0.09312142,-0.28954002,-0.24664809,0.11010925,-0.32381937,-0.27503195,0.1491257,-0.357494,-0.2863855
ㅖ,0.0,0.0,0.0,-0.116997145,-0.16718629,-0.025816943,-0.1813326,-0.33876774,-0.06592197,-0.23573042,-0.44309703,-0.11040698,-0.24102879,-0.47362193,-0.15229827,-0.019908627,-0.51832664,-0.0992001,0.02688246,-0.74737155,-0.16159657,0.060966346,-0.87168527,-0.19037235,0.09828224,-0.97282356,-0.20965408,0.0468619,-0.44708976,-0.12616515,0.069746494,-0.66251326,-0.20671777,0.10353424,-0.79595107,-0.2441067,0.14234877,-0.90524185,-0.26426935,0.091739394,-0.33949712,-0.15239613,-0.030272126,-0.41779217,-0.24117042,-0.14495753,-0.37744993,-0.25702646,-0.21024495,-0.32566977,-0.2501751,0.10920594,-0.22400601,-0.17950802,0.09498105,-0.28067985,-0.2542859,0.11718952,-0.31107128,-0.27992967,0.15574338,-0.34048468,-0.28873858
ㅖ,0.0,0.0,0.0,-0.119888626,-0.16478887,-0.025638934,-0.18295819,-0.3311241,-0.06511002,-0.23382537,-0.42712438,-0.108257346,-0.24999475,-0.4610845,-0.14917956,-0.023093283,-0.5150867,-0.10187231,0.021801898,-0.7434992,-0.16204636,0.053702787,-0.87208635,-0.1885539,0.08931201,-0.97416675,-0.20741875,0.043637443,-0.44123855,-0.12867008,0.06863517,-0.65141916,-0.20857969,0.10458729,-0.7837667,-0.24572894,0.14633319,-0.8884678,-0.26701236,0.08746157,-0.33174616,-0.1548874,-0.029626606,-0.40682787,-0.24514848,-0.14658184,-0.3714171,-0.26643193,-0.21393196,-0.32574707,-0.26546448,0.105235,-0.21614717,-0.18139495,0.10455289,-0.26774693,-0.26256222,0.12691244,-0.30430302,-0.2966157,0.16376752,-0.34286383,-0.31267503
ㅐ,0.0,0.0,0.0,-0.13044348,-0.021979693,-0.08934406,-0.25031754,-0.11612798,-0.14704151,-0.19971128,-0.21180648,-0.20126553,-0.087763615,-0.24673085,-0.25394583,-0.22129193,-0.4774168,-0.10207995,-0.260395,-0.6660964,-0.16498753,-0.28423843,-0.8057732,-0.19894992,-0.29760844,-0.92922544,-0.21901858,-0.11562601,-0.5048398,-0.09976434,-0.14816704,-0.4984551,-0.20647568,-0.1294095,-0.30134267,-0.2388943,-0.119640484,-0.21378373,-0.23503494,-0.018886063,-0.47856733,-0.10439557,-0.034175232,-0.46540835,-0.21901858,-0.04058185,-0.27422085,-0.21979046,-0.0459046,-0.17402214,-0.1851527,0.07204031,-0.44023338,-0.11452639,0.06311903,-0.631671,-0.18303005,0.060897306,-0.74807125,-0.18235466,0.05130023,-0.87468344,-0.16421565
ㅐ,0.0,0.0,0.0,-0.15897234,0.005385709,-0.077413045,-0.2895093,-0.04571744,-0.14453831,-0.34835312,-0.12969382,-0.21655282,-0.27004933,-0.1939328,-0.28683573,-0.28786746,-0.409734,-0.098039545,-0.36861426,-0.61311597,-0.16317856,-0.43178618,-0.74559975,-0.19078243,-0.48357508,-0.8513391,-0.20341296,-0.1992833,-0.4437216,-0.11051731,-0.301007,-0.42414778,-0.23631352,-0.2673954,-0.23429613,-0.2676862,-0.23358674,-0.13679315,-0.25525936,-0.11423625,-0.44622758,-0.12976871,-0.2056139,-0.42718512,-0.25342587,-0.18387052,-0.23510827,-0.25199986,-0.15197155,-0.12905945,-0.21186729,-0.039417814,-0.43418768,-0.15523355,-0.08268662,-0.61850464,-0.22246066,-0.11228886,-0.7399517,-0.22347926,-0.14293328,-0.86033213,-0.20687619
ㅐ,0.0,0.0,0.0,-0.12960638,-0.013097228,-0.090100326,-0.23910561,-0.09995533,-0.14965826,-0.17941515,-0.19180404,-0.20578016,-0.06345731,-0.22929417,-0.26094761,-0.22456004,-0.45787835,-0.10909397,-0.26961306,-0.6482292,-0.17657384,-0.2988213,-0.7920096,-0.21513382,-0.31637552,-0.9180844,-0.23880428,-0.12113332,-0.49136427,-0.10642149,-0.14645183,-0.4780729,-0.2155156,-0.12513986,-0.2846223,-0.2489215,-0.116587564,-0.19985025,-0.24739437,-0.024307357,-0.46888414,-0.110811986,-0.033249266,-0.44714823,-0.22639638,-0.03572698,-0.25832418,-0.22754174,-0.040416636,-0.15975244,-0.19461302,0.066896,-0.43436417,-0.12102462,0.05990554,-0.62359697,-0.19165425,0.060799897,-0.74195874,-0.19232237,0.053708874,-0.8706623,-0.17581029
ㅐ,0.0,0.0,0.0,-0.144476,0.009039094,-0.09330348,-0.25353315,-0.014619524,-0.18537794,-0.32094184,-0.06250654,-0.27792507,-0.2646987,-0.10731845,-0.36905423,-0.26397514,-0.3933993,-0.16562068,-0.34650195,-0.5714986,-0.254292,-0.40891293,-0.7158949,-0.29872218,-0.45716146,-0.82802325,-0.32462406,-0.16498853,-0.44602683,-0.17346686,-0.24014877,-0.37232822,-0.3057176,-0.21441917,-0.16619153,-0.3285944,-0.19729003,-0.059431434,-0.31668332,-0.066496335,-0.43876806,-0.1878358,-0.12881094,-0.37320426,-0.30760822,-0.12758347,-0.1872359,-0.29494092,-0.118024975,-0.0736109,-0.25599357,0.016594227,-0.40497223,-0.21118526,0.0017246412,-0.56332374,-0.28605485,-0.011626209,-0.6825353,-0.29191583,-0.028487734,-0.7930837,-0.28113917
ㅐ,0.0,0.0,0.0,-0.12627293,-0.023090057,-0.08039488,-0.23035595,-0.10374254,-0.1388641,-0.21151981,-0.18112071,-0.19647905,-0.1221198,-0.2233152,-0.2522906,-0.23342913,-0.4820801,-0.110009156,-0.2759079,-0.64768183,-0.18404485,-0.3043016,-0.78837866,-0.22951038,-0.32146284,-0.9109396,-0.25855514,-0.11918418,-0.52822405,-0.114755034,-0.13718733,-0.49360645,-0.23596478,-0.1218172,-0.28197345,-0.27526063,-0.11705996,-0.16348962,-0.2754505,-0.009526372,-0.50544864,-0.12595531,-0.015103351,-0.46665725,-0.24526669,-0.026301203,-0.27071857,-0.24887358,-0.04002788,-0.14965315,-0.21698128,0.08811439,-0.4564783,-0.14294554,0.088538006,-0.6386139,-0.22058813,0.09701464,-0.76513505,-0.22932054,0.09485665,-0.89360476,-0.21736093
ㅐ,0.0,0.0,0.0,-0.16271569,0.025718244,-0.06382848,-0.30195436,-0.005128891,-0.13622871,-0.4056126,-0.045715008,-0.21449645,-0.37124857,-0.08684766,-0.29388672,-0.30704233,-0.38247705,-0.13031016,-0.43458745,-0.5505277,-0.20888406,-0.52755773,-0.66298664,-0.24613012,-0.5976353,-0.75566226,-0.26796752,-0.21537048,-0.44015914,-0.15255575,-0.33309072,-0.35452512,-0.28327414,-0.29886538,-0.14303805,-0.30817288,-0.26141658,-0.033958185,-0.29776442,-0.12208972,-0.44217658,-0.17939332,-0.22226864,-0.3795249,-0.29939708,-0.20934118,-0.17994529,-0.28898862,-0.18410917,-0.06311023,-0.25123233,-0.041267842,-0.41264945,-0.2122515,-0.082410865,-0.57920057,-0.2857232,-0.11294305,-0.6975937,-0.29245812,-0.14183712,-0.8095905,-0.28388643
ㅐ,0.0,0.0,0.0,-0.118669055,-0.02151316,-0.09951819,-0.2111975,-0.11592745,-0.16319151,-0.15654524,-0.19379245,-0.22078317,-0.05599877,-0.2384745,-0.27478114,-0.20334734,-0.46749422,-0.12743862,-0.22685449,-0.6544122,-0.2064083,-0.23708329,-0.80410975,-0.25137588,-0.23705393,-0.9301784,-0.28030995,-0.0897907,-0.50375986,-0.119237565,-0.0818623,-0.49495068,-0.2395811,-0.0736378,-0.27977222,-0.26962093,-0.08683585,-0.1834839,-0.26409212,0.01583046,-0.47893417,-0.12025118,0.03802257,-0.45806396,-0.24289839,0.017636774,-0.26576924,-0.24105546,-0.009077253,-0.1619802,-0.20659259,0.11296476,-0.43365055,-0.1281758,0.13542707,-0.6108437,-0.21322717,0.15742938,-0.73092234,-0.22539052,0.16471106,-0.8639277,-0.21562296
ㅐ,0.0,0.0,0.0,-0.1385868,0.015213908,-0.08901106,-0.24888827,-0.005336516,-0.17254597,-0.27031624,-0.06278377,-0.25543115,-0.19084378,-0.11474052,-0.33692408,-0.26369032,-0.4037946,-0.15194069,-0.33406052,-0.5783793,-0.24058048,-0.3894003,-0.7241571,-0.29237214,-0.431734,-0.8412556,-0.32541484,-0.16116598,-0.46221405,-0.15890191,-0.20999277,-0.38203442,-0.2860606,-0.1810739,-0.18256715,-0.31650442,-0.16799946,-0.0898565,-0.31334868,-0.057012536,-0.45046148,-0.1722675,-0.090823546,-0.37070042,-0.2921865,-0.0893647,-0.18699576,-0.28438994,-0.08755632,-0.08440678,-0.24893397,0.03305512,-0.41382933,-0.1934297,0.0146155385,-0.57519007,-0.27399448,0.0011991512,-0.69757533,-0.28086287,-0.01931411,-0.82089466,-0.269168
ㅐ,0.0,0.0,0.0,-0.101733066,0.042778533,-0.13496311,-0.17327504,0.008910485,-0.21910542,-0.07022771,-0.046416275,-0.2863873,0.040399723,-0.09610736,-0.34903455,-0.19111803,-0.3493873,-0.20040712,-0.20148623,-0.55279785,-0.31227723,-0.19474398,-0.73078996,-0.38259563,-0.18301682,-0.88413244,-0.42990068,-0.09221725,-0.43291518,-0.17419755,-0.013776427,-0.351686,-0.30364725,-0.0006020957,-0.14508513,-0.33049607,-0.03281621,-0.08043144,-0.33049607,0.006757544,-0.42999208,-0.16093296,0.09639811,-0.34485254,-0.2795153,0.084398724,-0.17656547,-0.2667301,0.04575005,-0.10593079,-0.23348872,0.09706342,-0.40287527,-0.15925491,0.15544926,-0.5461979,-0.25490385,0.18490975,-0.65871906,-0.2689675,0.19342673,-0.7778403,-0.26081696
ㅐ,0.0,0.0,0.0,-0.16182522,0.01238869,-0.07585215,-0.29640555,-0.035920255,-0.142185,-0.3626887,-0.112552665,-0.21104963,-0.29113862,-0.1718883,-0.27910408,-0.30106166,-0.3998017,-0.118690014,-0.3890051,-0.5899466,-0.1930233,-0.4493574,-0.71825933,-0.23110138,-0.49862346,-0.8290207,-0.25317857,-0.20227294,-0.44943473,-0.13094385,-0.27740648,-0.42110953,-0.2602676,-0.24373637,-0.21761756,-0.2961177,-0.21465552,-0.09951878,-0.29125664,-0.10071342,-0.45574656,-0.14836256,-0.16434166,-0.43629327,-0.26836932,-0.15595923,-0.24156223,-0.26735657,-0.13984317,-0.11694672,-0.23272172,-0.010779896,-0.43688184,-0.17216137,-0.038671292,-0.62280065,-0.23940565,-0.058934607,-0.74403554,-0.24365906,-0.08231604,-0.86171585,-0.2321141
ㅒ,0.0,0.0,0.0,-0.12430447,0.016811792,-0.11512169,-0.22975643,-0.064439766,-0.16979201,-0.14817569,-0.15161684,-0.2190616,-0.03482503,-0.21570982,-0.26643622,-0.23540248,-0.42859706,-0.0953191,-0.2936333,-0.6200317,-0.15444265,-0.32778582,-0.755305,-0.18779436,-0.34571058,-0.8713794,-0.20086977,-0.13588381,-0.46482277,-0.091244884,-0.15956527,-0.6869266,-0.17803518,-0.17176262,-0.826317,-0.23422149,-0.17449175,-0.95160544,-0.25298184,-0.04207901,-0.45705083,-0.09986705,-0.029835628,-0.50323325,-0.2224726,-0.04367364,-0.3146415,-0.26169878,-0.05530959,-0.20127226,-0.2442649,0.048524845,-0.43711388,-0.11625869,0.042777013,-0.6147974,-0.18106717,0.037972204,-0.72852266,-0.19243708,0.026031308,-0.86325896,-0.18523613
ㅒ,0.0,0.0,0.0,-0.12863806,0.033216994,-0.09942773,-0.259178,-0.018871833,-0.1552059,-0.26000097,-0.09735957,-0.21025339,-0.1746472,-0.17829031,-0.26189086,-0.28283337,-0.40338105,-0.081257194,-0.36023965,-0.5909523,-0.14098127,-0.4098404,-0.71066636,-0.1735226,-0.44450995,-0.8186641,-0.18842927,-0.18909422,-0.45245582,-0.088710524,-0.24791908,-0.65534025,-0.17079459,-0.29301727,-0.78389883,-0.22097062,-0.3287144,-0.91304874,-0.24143074,-0.0916651,-0.4485344,-0.109121926,-0.13525154,-0.48506242,-0.23012896,-0.14968897,-0.28557226,-0.26344973,-0.15791076,-0.17078193,-0.24747136,0.0031034,-0.42118162,-0.13698667,-0.018444447,-0.5804412,-0.2055768,-0.028415037,-0.69259816,-0.22175005,-0.04612147,-0.82613677,-0.2219449
ㅒ,0.0,0.0,0.0,-0.12995166,0.00061744655,-0.114684075,-0.211145,-0.09340683,-0.1707004,-0.10087157,-0.1498977,-0.22077699,0.022474866,-0.18852843,-0.26957425,-0.19528268,-0.44972143,-0.099971786,-0.22626223,-0.6445795,-0.15882091,-0.24286054,-0.78425527,-0.19354558,-0.24591401,-0.9023018,-0.20926303,-0.087314665,-0.47909084,-0.09649932,-0.07692588,-0.698373,-0.17965572,-0.069478266,-0.8361272,-0.23558065,-0.057706043,-0.964648,-0.25714648,0.008345979,-0.45625475,-0.10527186,0.049650546,-0.492784,-0.22150803,0.019706806,-0.3096103,-0.2608017,-0.004134377,-0.2014392,-0.2472774,0.09594711,-0.4151089,-0.12190314,0.12094667,-0.5928362,-0.18440749,0.13216993,-0.71296954,-0.19628699,0.13730009,-0.8472485,-0.19116968
ㅒ,0.0,0.0,0.0,-0.13020626,0.029825043,-0.08755294,-0.26290452,-0.016970733,-0.13912314,-0.30479985,-0.09541731,-0.19147769,-0.23463838,-0.1710435,-0.24000853,-0.29284427,-0.3829663,-0.07338585,-0.38933897,-0.55829054,-0.12716201,-0.4483762,-0.67351764,-0.1536334,-0.48911753,-0.77726805,-0.16392782,-0.21135204,-0.4329908,-0.08706274,-0.29551703,-0.63293695,-0.1622611,-0.36026582,-0.76067555,-0.20647815,-0.41156986,-0.883836,-0.22236097,-0.11838843,-0.43559793,-0.1125537,-0.18944038,-0.44944495,-0.23059651,-0.20017302,-0.2631683,-0.26628387,-0.20137517,-0.15493385,-0.25138143,-0.027731156,-0.41527045,-0.14402525,-0.05884377,-0.5753351,-0.20981157,-0.07822156,-0.68821,-0.22530222,-0.10113094,-0.80949867,-0.22491007
ㅒ,0.0,0.0,0.0,-0.12910578,0.018590309,-0.12969263,-0.18885142,-0.056724053,-0.1997276,-0.06623804,-0.10391682,-0.26060483,0.06422658,-0.1555849,-0.31869116,-0.17538862,-0.41370177,-0.1405947,-0.20471366,-0.62564844,-0.21333341,-0.21726578,-0.77080286,-0.2576395,-0.21344052,-0.9024741,-0.27979252,-0.063389055,-0.45222533,-0.13091365,-0.03463777,-0.67203736,-0.2251949,-0.011603139,-0.81211853,-0.28642097,0.014664106,-0.9497763,-0.312586,0.030459993,-0.43206674,-0.13222189,0.08425895,-0.44900247,-0.251011,0.05727211,-0.26694417,-0.28642097,0.035713293,-0.16282503,-0.27124527,0.11168982,-0.3924128,-0.14312398,0.14763717,-0.56100637,-0.2112402,0.16729823,-0.6862672,-0.22397386,0.18013123,-0.82140625,-0.21769424
ㅒ,0.0,0.0,0.0,-0.13711406,0.027023105,-0.10285976,-0.26193622,-0.0103437,-0.17268926,-0.30071655,-0.06598866,-0.24221294,-0.22585583,-0.14384836,-0.30786288,-0.2929548,-0.41874367,-0.106835455,-0.38523984,-0.6049437,-0.17513584,-0.4432054,-0.7266064,-0.20959187,-0.48475525,-0.8379589,-0.2256985,-0.19195576,-0.4608909,-0.118966416,-0.26389787,-0.63901186,-0.21163069,-0.31854433,-0.7616929,-0.2605623,-0.36242282,-0.8890458,-0.2797272,-0.08450009,-0.45188183,-0.14394192,-0.15644298,-0.44981414,-0.2772806,-0.17868078,-0.24873802,-0.31275603,-0.18928806,-0.13557485,-0.29726103,0.014671654,-0.41656244,-0.17584942,-0.0031272816,-0.5637162,-0.25424194,-0.0092135,-0.6742153,-0.27442625,-0.022418002,-0.8053372,-0.27707672
ㅒ,0.0,0.0,0.0,-0.11830045,0.020691663,-0.12632889,-0.1648424,-0.05298431,-0.19630253,-0.037997838,-0.08695257,-0.25674206,0.094171755,-0.12261833,-0.31479806,-0.15240219,-0.39501962,-0.14199209,-0.17771268,-0.61109275,-0.22252138,-0.17981489,-0.75586176,-0.2679787,-0.171328,-0.88843673,-0.29181403,-0.043123037,-0.43680292,-0.13416047,0.0026401011,-0.6595166,-0.23205549,0.036553036,-0.8069594,-0.2902817,0.07122675,-0.94693434,-0.31343603,0.04809247,-0.40493923,-0.13637377,0.13090944,-0.41773844,-0.2655952,0.104297064,-0.22561702,-0.292495,0.07870639,-0.10442281,-0.26968122,0.13005775,-0.3424436,-0.14667402,0.17636739,-0.3951817,-0.23018272,0.17444812,-0.3816387,-0.23205549,0.16875954,-0.39160466,-0.21196574
ㅒ,0.0,0.0,0.0,-0.12846483,0.022936262,-0.09730123,-0.24764311,-0.027587358,-0.1534377,-0.27625126,-0.11032797,-0.20698924,-0.21551266,-0.1964733,-0.25615135,-0.27980486,-0.39495197,-0.09042439,-0.37068495,-0.57825565,-0.14690226,-0.42743737,-0.69604063,-0.17743348,-0.46835044,-0.8005466,-0.18991908,-0.1938649,-0.44619074,-0.09637456,-0.2623282,-0.6534728,-0.16865453,-0.31926924,-0.7816844,-0.21264678,-0.36708397,-0.90130174,-0.2300096,-0.09921461,-0.4498324,-0.114127524,-0.15984337,-0.47333318,-0.22688818,-0.17137183,-0.2909891,-0.26161382,-0.17247961,-0.17865303,-0.24815276,-0.006235635,-0.43152514,-0.13841593,-0.019215865,-0.6022164,-0.20347767,-0.028143242,-0.71692103,-0.2190847,-0.04260355,-0.836498,-0.21830434
ㅒ,0.0,0.0,0.0,-0.12476847,-0.0057936246,-0.10024852,-0.23638159,-0.09064581,-0.15363072,-0.1911337,-0.18136919,-0.20337103,-0.09219319,-0.24651387,-0.2507154,-0.22962467,-0.44422936,-0.0915272,-0.28765753,-0.6414341,-0.14979717,-0.3219255,-0.77038157,-0.18410745,-0.34386736,-0.88343465,-0.20049588,-0.12799999,-0.47534484,-0.093683556,-0.15017039,-0.6882809,-0.17212762,-0.17155114,-0.82148266,-0.2250306,-0.18553878,-0.9505176,-0.24918197,-0.030728785,-0.46018192,-0.106669724,-0.043851726,-0.52436686,-0.21717183,-0.075048834,-0.34634194,-0.25224882,-0.09348749,-0.23713395,-0.24208991,0.06312754,-0.42453656,-0.12650834,0.077309184,-0.5966816,-0.18717429,0.0864875,-0.70737696,-0.20049588,0.089891486,-0.83920467,-0.19992085
ㅒ,0.0,0.0,0.0,-0.123443015,0.0241935,-0.11475112,-0.23065832,-0.040069144,-0.17766944,-0.16985388,-0.11401,-0.23615298,-0.055739358,-0.17316408,-0.29362023,-0.23154297,-0.40558505,-0.10985439,-0.29558584,-0.6001861,-0.17693031,-0.3378797,-0.7334175,-0.21675086,-0.36575323,-0.8533097,-0.23670734,-0.1330729,-0.4440859,-0.109392434,-0.15540811,-0.6558889,-0.19901177,-0.17574543,-0.799829,-0.2579573,-0.1866556,-0.94025356,-0.28475067,-0.03950932,-0.43373495,-0.12094132,-0.036013145,-0.48607358,-0.24280515,-0.053434,-0.29488206,-0.2803159,-0.06529246,-0.18322937,-0.26830506,0.053305693,-0.40631193,-0.140713,0.06654492,-0.5729711,-0.20806612,0.074673,-0.6893837,-0.2235878,0.075600274,-0.82934064,-0.2235878
ㅖ,0.0,0.0,0.0,-0.08016135,-0.15604158,-0.09693883,-0.108536005,-0.30818906,-0.16990231,-0.12922868,-0.25643393,-0.24807745,-0.113244936,-0.10206484,-0.3259683,0.17619078,-0.4828332,-0.13304153,0.31932032,-0.6302501,-0.23234765,0.39907423,-0.7350393,-0.28541198,0.4866786,-0.8155514,-0.31308126,0.27012274,-0.31562683,-0.16090031,0.4103036,-0.40457594,-0.29052892,0.510679,-0.47073606,-0.34719405,0.6214615,-0.522734,-0.36368185,0.28604716,-0.13579978,-0.20145662,0.240049,-0.15852083,-0.3576174,0.03926256,-0.13059522,-0.38509715,-0.066957556,-0.122830145,-0.3555327,0.2662536,0.048630457,-0.24921453,0.31611198,0.024573306,-0.34529886,0.3885874,0.046643425,-0.35685933,0.48979917,0.06368,-0.34605697
ㅖ,0.0,0.0,0.0,-0.12090786,-0.1193374,-0.102472834,-0.2037003,-0.24888615,-0.19895229,-0.26461238,-0.17666124,-0.29481494,-0.28637066,-0.023096513,-0.39332092,0.03622739,-0.44959775,-0.22186063,0.11907898,-0.6339928,-0.35014743,0.16325139,-0.7538574,-0.42151576,0.20660256,-0.861319,-0.46416056,0.1699465,-0.32601732,-0.25093663,0.18681407,-0.3924435,-0.4169341,0.21795554,-0.44742414,-0.4828397,0.2678126,-0.510536,-0.5057481,0.22842422,-0.14895643,-0.28706136,0.064660385,-0.09514208,-0.4461863,-0.06930382,-0.04314045,-0.46310326,-0.11773823,-0.034030255,-0.4391376,0.23691967,0.03220106,-0.33199695,0.15074295,0.08176173,-0.4363181,0.17187597,0.088032894,-0.44794852,0.24812579,0.07397063,-0.43949002
ㅖ,0.0,0.0,0.0,-0.10111623,-0.12339373,-0.109813,-0.15855998,-0.2348197,-0.21093655,-0.19519076,-0.17409515,-0.31153885,-0.18613762,-0.026728837,-0.41387862,0.08936981,-0.43469808,-0.22396791,0.20339392,-0.59961206,-0.3530655,0.2603547,-0.7222402,-0.4263888,0.33129445,-0.8178345,-0.47052175,0.189076,-0.29464775,-0.25211576,0.2909722,-0.39267465,-0.4124886,0.36231613,-0.4609271,-0.4788618,0.4569622,-0.52344537,-0.5042296,0.22313662,-0.12566715,-0.28947237,0.15297504,-0.14416248,-0.46461418,-0.030585948,-0.10545332,-0.49206695,-0.12314227,-0.08800555,-0.4670467,0.21912509,0.041922197,-0.33412656,0.24816081,0.017784566,-0.45835912,0.31116357,0.034757026,-0.48372686,0.403426,0.05855846,-0.48233685
ㅖ,0.0,0.0,0.0,-0.11585656,-0.15805699,-0.06729651,-0.19294965,-0.32178575,-0.13272467,-0.26555398,-0.31637326,-0.20215316,-0.3155734,-0.17808643,-0.27487084,-0.0039070295,-0.49719822,-0.15494889,0.0436225,-0.6935905,-0.24624604,0.06857909,-0.8158851,-0.29958418,0.09138505,-0.93657494,-0.33834326,0.10464402,-0.3995983,-0.18935199,0.10435676,-0.47385848,-0.30882946,0.09592994,-0.5593532,-0.36554572,0.09989463,-0.6691571,-0.39683744,0.16300812,-0.25021428,-0.22828886,-0.015306537,-0.24807322,-0.35843396,-0.15124199,-0.2049363,-0.39079246,-0.21736212,-0.1992701,-0.391148,0.17400555,-0.08873911,-0.27255952,0.066163145,-0.072258785,-0.36198986,0.04793034,-0.07966169,-0.3833251,0.06518516,-0.10833999,-0.39079246
ㅖ,0.0,0.0,0.0,-0.12050067,-0.12246498,-0.13117367,-0.19294001,-0.24138007,-0.22824915,-0.26003465,-0.17172873,-0.31587324,-0.2893806,-0.019486342,-0.403144,0.044375576,-0.42019716,-0.23831885,0.14726524,-0.61830145,-0.36162853,0.19357552,-0.7466515,-0.42716995,0.23866777,-0.8538907,-0.46250227,0.16835405,-0.28629088,-0.24132209,0.2202788,-0.36348605,-0.38371122,0.24256328,-0.44755644,-0.4338831,0.264814,-0.52273226,-0.4458961,0.22523294,-0.12878782,-0.25209844,0.044834312,-0.06449989,-0.39077768,-0.10761212,-0.034484535,-0.40420398,-0.1939527,-0.018714722,-0.37699813,0.22753859,0.021049192,-0.27506444,0.031921998,0.058949452,-0.3663984,-0.09269289,0.09592341,-0.36286515,-0.1478062,0.120143756,-0.3384859
ㅖ,0.0,0.0,0.0,-0.11889155,-0.18906403,-0.03380758,-0.2091769,-0.35557538,-0.082727455,-0.28985205,-0.34197763,-0.14090118,-0.3354649,-0.22101055,-0.20312056,-0.011532896,-0.5085088,-0.13504194,0.04881276,-0.7142045,-0.20925878,0.09736607,-0.8324115,-0.24553017,0.14702007,-0.9498366,-0.27603534,0.072747916,-0.42145064,-0.18637991,0.07627107,-0.5211183,-0.2963101,0.099839166,-0.61048615,-0.34857813,0.13971631,-0.7187639,-0.3803853,0.112913385,-0.28170016,-0.23901992,-0.07915454,-0.28566584,-0.36531878,-0.15418996,-0.24560937,-0.4125646,-0.16082425,-0.26504967,-0.42893317,0.10518657,-0.13099657,-0.29352,0.0131847225,-0.12509853,-0.3917318,0.046847243,-0.11257948,-0.43079326,0.09925286,-0.121184066,-0.45385814
ㅖ,0.0,0.0,0.0,-0.08276427,-0.1330138,-0.095186114,-0.12628746,-0.24692544,-0.18183397,-0.18279152,-0.17610146,-0.27499878,-0.20697059,-0.028159482,-0.36972395,0.13010499,-0.42877105,-0.17751993,0.25301206,-0.5995686,-0.29959792,0.32090193,-0.7287302,-0.36568528,0.39259216,-0.8279006,-0.4005647,0.23004535,-0.2726865,-0.21276653,0.32529965,-0.35322186,-0.36752105,0.4022138,-0.4286029,-0.43397552,0.49042884,-0.4934995,-0.4541689,0.25665846,-0.09875283,-0.2584769,0.16249909,-0.07580157,-0.4310383,-0.025610652,-0.047619887,-0.46371487,-0.12372089,-0.04192291,-0.43691275,0.23927873,0.07148843,-0.3113468,0.25528732,0.087887794,-0.42406243,0.3135661,0.12192957,-0.4416857,0.39931986,0.16000967,-0.43213972
ㅖ,0.0,0.0,0.0,-0.095811084,-0.16870464,-0.049850162,-0.16019468,-0.3190877,-0.11489017,-0.22169945,-0.28984857,-0.18775319,-0.2430762,-0.13103177,-0.26616505,0.06835008,-0.479897,-0.16683123,0.18340679,-0.6643512,-0.26434574,0.23852268,-0.7771507,-0.31710547,0.304104,-0.8853516,-0.35167217,0.16412239,-0.338683,-0.21668005,0.23627156,-0.4464646,-0.34603235,0.2986018,-0.5227749,-0.40461385,0.37502885,-0.5927669,-0.43445036,0.1925895,-0.16962351,-0.26834822,0.092909805,-0.21081023,-0.40752473,-0.06700435,-0.17584535,-0.44027215,-0.15361854,-0.1608777,-0.43372267,0.17671457,0.0016072107,-0.32274532,0.1576167,-0.020558963,-0.4126188,0.19889517,-0.0035223637,-0.43008405,0.26276192,0.013205702,-0.43372267
ㅖ,0.0,0.0,0.0,-0.12662405,-0.18960254,-0.063371114,-0.2246502,-0.33513793,-0.14181854,-0.3305419,-0.32200587,-0.22435848,-0.40718803,-0.21687113,-0.30982786,-0.027608462,-0.46566686,-0.18524247,0.008549112,-0.6688123,-0.2834633,0.030368801,-0.7954483,-0.34187883,0.049269754,-0.92118543,-0.38599205,0.06376426,-0.365002,-0.22384153,0.036594592,-0.4557689,-0.35204557,0.017663328,-0.5263033,-0.40873793,0.010759564,-0.6052034,-0.4418228,0.10718564,-0.2278501,-0.26330218,-0.08786745,-0.25811985,-0.39012763,-0.21003497,-0.23836921,-0.41942158,-0.27577317,-0.23668315,-0.4232126,0.09478593,-0.081449784,-0.30776,-0.053760536,-0.099270746,-0.3884045,-0.085597396,-0.05973421,-0.40012205,-0.08764653,-0.027366238,-0.40322375
ㅖ,0.0,0.0,0.0,-0.08818555,-0.1785128,-0.053671554,-0.15231325,-0.32930896,-0.12059956,-0.2199866,-0.31674287,-0.19347061,-0.25355196,-0.17454906,-0.2708218,0.058317725,-0.48437205,-0.16942409,0.16422951,-0.6734016,-0.2635073,0.21529551,-0.78952175,-0.3114175,0.2742088,-0.89861023,-0.3425043,0.14718866,-0.36222485,-0.21175696,0.1961068,-0.45458326,-0.33464116,0.2505006,-0.53429,-0.38255134,0.31923786,-0.61230046,-0.40559214,0.17648034,-0.19972141,-0.25674134,0.04780577,-0.21970676,-0.38437995,-0.08751012,-0.1910853,-0.41107804,-0.1552292,-0.18375267,-0.40412924,0.16693456,-0.03417208,-0.30574873,0.12622258,-0.050987225,-0.38694006,0.16793403,-0.039596293,-0.40339777,0.2321283,-0.030997146,-0.40742075
